2026-05-20 20:36:43,783 [INFO] [portal_qr_worker] [worker] Dispatching action='open_portal'
2026-05-20 20:36:43,783 [INFO] [portal_qr_worker] [open_portal] Starting
2026-05-20 20:36:43,821 [ERROR] [portal_qr_worker] [open_portal] Exception: 
Traceback (most recent call last):
  File "f:\APPs\backend\scripts\portal_qr_worker.py", line 136, in action_open_portal
    pw = sync_playwright().start()
         ^^^^^^^^^^^^^^^^^^^^^^^^^
  File "f:\APPs\.venv\Lib\site-packages\playwright\sync_api\_context_manager.py", line 84, in start
    return self.__enter__()
           ^^^^^^^^^^^^^^^^
  File "f:\APPs\.venv\Lib\site-packages\playwright\sync_api\_context_manager.py", line 77, in __enter__
    dispatcher_fiber.switch()
  File "f:\APPs\.venv\Lib\site-packages\playwright\sync_api\_context_manager.py", line 56, in greenlet_main
    self._loop.run_until_complete(self._connection.run_as_sync())
  File "C:\Users\TUAN-CP\AppData\Local\Programs\Python\Python311\Lib\asyncio\base_events.py", line 650, in run_until_complete
    return future.result()
           ^^^^^^^^^^^^^^^
  File "f:\APPs\.venv\Lib\site-packages\playwright\_impl\_connection.py", line 270, in run_as_sync
    await self.run()
  File "f:\APPs\.venv\Lib\site-packages\playwright\_impl\_connection.py", line 279, in run
    await self._transport.connect()
  File "f:\APPs\.venv\Lib\site-packages\playwright\_impl\_transport.py", line 133, in connect
    raise exc
  File "f:\APPs\.venv\Lib\site-packages\playwright\_impl\_transport.py", line 120, in connect
    self._proc = await asyncio.create_subprocess_exec(
                 ^^^^^^^^^^^^^^^^^^^^^^^^^^^^^^^^^^^^^
  File "C:\Users\TUAN-CP\AppData\Local\Programs\Python\Python311\Lib\asyncio\subprocess.py", line 218, in create_subprocess_exec
    transport, protocol = await loop.subprocess_exec(
                          ^^^^^^^^^^^^^^^^^^^^^^^^^^^
  File "C:\Users\TUAN-CP\AppData\Local\Programs\Python\Python311\Lib\asyncio\base_events.py", line 1680, in subprocess_exec
    transport = await self._make_subprocess_transport(
                ^^^^^^^^^^^^^^^^^^^^^^^^^^^^^^^^^^^^^^
  File "C:\Users\TUAN-CP\AppData\Local\Programs\Python\Python311\Lib\asyncio\base_events.py", line 502, in _make_subprocess_transport
    raise NotImplementedError
NotImplementedError
Traceback (most recent call last):
  File "f:\APPs\backend\scripts\portal_qr_worker.py", line 136, in action_open_portal
    pw = sync_playwright().start()
         ^^^^^^^^^^^^^^^^^^^^^^^^^
  File "f:\APPs\.venv\Lib\site-packages\playwright\sync_api\_context_manager.py", line 84, in start
    return self.__enter__()
           ^^^^^^^^^^^^^^^^
  File "f:\APPs\.venv\Lib\site-packages\playwright\sync_api\_context_manager.py", line 77, in __enter__
    dispatcher_fiber.switch()
  File "f:\APPs\.venv\Lib\site-packages\playwright\sync_api\_context_manager.py", line 56, in greenlet_main
    self._loop.run_until_complete(self._connection.run_as_sync())
  File "C:\Users\TUAN-CP\AppData\Local\Programs\Python\Python311\Lib\asyncio\base_events.py", line 650, in run_until_complete
    return future.result()
           ^^^^^^^^^^^^^^^
  File "f:\APPs\.venv\Lib\site-packages\playwright\_impl\_connection.py", line 270, in run_as_sync
    await self.run()
  File "f:\APPs\.venv\Lib\site-packages\playwright\_impl\_connection.py", line 279, in run
    await self._transport.connect()
  File "f:\APPs\.venv\Lib\site-packages\playwright\_impl\_transport.py", line 133, in connect
    raise exc
  File "f:\APPs\.venv\Lib\site-packages\playwright\_impl\_transport.py", line 120, in connect
    self._proc = await asyncio.create_subprocess_exec(
                 ^^^^^^^^^^^^^^^^^^^^^^^^^^^^^^^^^^^^^
  File "C:\Users\TUAN-CP\AppData\Local\Programs\Python\Python311\Lib\asyncio\subprocess.py", line 218, in create_subprocess_exec
    transport, protocol = await loop.subprocess_exec(
                          ^^^^^^^^^^^^^^^^^^^^^^^^^^^
  File "C:\Users\TUAN-CP\AppData\Local\Programs\Python\Python311\Lib\asyncio\base_events.py", line 1680, in subprocess_exec
    transport = await self._make_subprocess_transport(
                ^^^^^^^^^^^^^^^^^^^^^^^^^^^^^^^^^^^^^^
  File "C:\Users\TUAN-CP\AppData\Local\Programs\Python\Python311\Lib\asyncio\base_events.py", line 502, in _make_subprocess_transport
    raise NotImplementedError
NotImplementedError
2026-05-20 20:36:43,822 [INFO] [portal_qr_worker] [worker] Action 'open_portal' result: ok=False, status=PLAYWRIGHT_START_FAILED
2026-05-20 20:36:43,825 [ERROR] [asyncio] Future exception was never retrieved
future: <Future finished exception=NotImplementedError()>
Traceback (most recent call last):
  File "f:\APPs\backend\scripts\portal_qr_worker.py", line 136, in action_open_portal
    pw = sync_playwright().start()
         ^^^^^^^^^^^^^^^^^^^^^^^^^
  File "f:\APPs\.venv\Lib\site-packages\playwright\sync_api\_context_manager.py", line 84, in start
    return self.__enter__()
           ^^^^^^^^^^^^^^^^
  File "f:\APPs\.venv\Lib\site-packages\playwright\sync_api\_context_manager.py", line 77, in __enter__
    dispatcher_fiber.switch()
  File "f:\APPs\.venv\Lib\site-packages\playwright\sync_api\_context_manager.py", line 56, in greenlet_main
    self._loop.run_until_complete(self._connection.run_as_sync())
  File "C:\Users\TUAN-CP\AppData\Local\Programs\Python\Python311\Lib\asyncio\base_events.py", line 650, in run_until_complete
    return future.result()
           ^^^^^^^^^^^^^^^
  File "f:\APPs\.venv\Lib\site-packages\playwright\_impl\_connection.py", line 270, in run_as_sync
    await self.run()
  File "f:\APPs\.venv\Lib\site-packages\playwright\_impl\_connection.py", line 279, in run
    await self._transport.connect()
  File "f:\APPs\.venv\Lib\site-packages\playwright\_impl\_transport.py", line 133, in connect
    raise exc
  File "f:\APPs\.venv\Lib\site-packages\playwright\_impl\_transport.py", line 120, in connect
    self._proc = await asyncio.create_subprocess_exec(
                 ^^^^^^^^^^^^^^^^^^^^^^^^^^^^^^^^^^^^^
  File "C:\Users\TUAN-CP\AppData\Local\Programs\Python\Python311\Lib\asyncio\subprocess.py", line 218, in create_subprocess_exec
    transport, protocol = await loop.subprocess_exec(
                          ^^^^^^^^^^^^^^^^^^^^^^^^^^^
  File "C:\Users\TUAN-CP\AppData\Local\Programs\Python\Python311\Lib\asyncio\base_events.py", line 1680, in subprocess_exec
    transport = await self._make_subprocess_transport(
                ^^^^^^^^^^^^^^^^^^^^^^^^^^^^^^^^^^^^^^
  File "C:\Users\TUAN-CP\AppData\Local\Programs\Python\Python311\Lib\asyncio\base_events.py", line 502, in _make_subprocess_transport
    raise NotImplementedError
NotImplementedError
INFO:portal_qr_worker:[worker] Dispatching action='open_portal'
INFO:portal_qr_worker:[open_portal] Starting
ERROR:portal_qr_worker:[open_portal] Exception: 
Traceback (most recent call last):
  File "f:\APPs\backend\scripts\portal_qr_worker.py", line 138, in action_open_portal
    pw = sync_playwright().start()
         ^^^^^^^^^^^^^^^^^^^^^^^^^
  File "f:\APPs\.venv\Lib\site-packages\playwright\sync_api\_context_manager.py", line 84, in start
    return self.__enter__()
           ^^^^^^^^^^^^^^^^
  File "f:\APPs\.venv\Lib\site-packages\playwright\sync_api\_context_manager.py", line 77, in __enter__
    dispatcher_fiber.switch()
  File "f:\APPs\.venv\Lib\site-packages\playwright\sync_api\_context_manager.py", line 56, in greenlet_main
    self._loop.run_until_complete(self._connection.run_as_sync())
  File "C:\Users\TUAN-CP\AppData\Local\Programs\Python\Python311\Lib\asyncio\base_events.py", line 650, in run_until_complete
    return future.result()
           ^^^^^^^^^^^^^^^
  File "f:\APPs\.venv\Lib\site-packages\playwright\_impl\_connection.py", line 270, in run_as_sync
    await self.run()
  File "f:\APPs\.venv\Lib\site-packages\playwright\_impl\_connection.py", line 279, in run
    await self._transport.connect()
  File "f:\APPs\.venv\Lib\site-packages\playwright\_impl\_transport.py", line 133, in connect
    raise exc
  File "f:\APPs\.venv\Lib\site-packages\playwright\_impl\_transport.py", line 120, in connect
    self._proc = await asyncio.create_subprocess_exec(
                 ^^^^^^^^^^^^^^^^^^^^^^^^^^^^^^^^^^^^^
  File "C:\Users\TUAN-CP\AppData\Local\Programs\Python\Python311\Lib\asyncio\subprocess.py", line 218, in create_subprocess_exec
    transport, protocol = await loop.subprocess_exec(
                          ^^^^^^^^^^^^^^^^^^^^^^^^^^^
  File "C:\Users\TUAN-CP\AppData\Local\Programs\Python\Python311\Lib\asyncio\base_events.py", line 1680, in subprocess_exec
    transport = await self._make_subprocess_transport(
                ^^^^^^^^^^^^^^^^^^^^^^^^^^^^^^^^^^^^^^
  File "C:\Users\TUAN-CP\AppData\Local\Programs\Python\Python311\Lib\asyncio\base_events.py", line 502, in _make_subprocess_transport
    raise NotImplementedError
NotImplementedError
Traceback (most recent call last):
  File "f:\APPs\backend\scripts\portal_qr_worker.py", line 138, in action_open_portal
    pw = sync_playwright().start()
         ^^^^^^^^^^^^^^^^^^^^^^^^^
  File "f:\APPs\.venv\Lib\site-packages\playwright\sync_api\_context_manager.py", line 84, in start
    return self.__enter__()
           ^^^^^^^^^^^^^^^^
  File "f:\APPs\.venv\Lib\site-packages\playwright\sync_api\_context_manager.py", line 77, in __enter__
    dispatcher_fiber.switch()
  File "f:\APPs\.venv\Lib\site-packages\playwright\sync_api\_context_manager.py", line 56, in greenlet_main
    self._loop.run_until_complete(self._connection.run_as_sync())
  File "C:\Users\TUAN-CP\AppData\Local\Programs\Python\Python311\Lib\asyncio\base_events.py", line 650, in run_until_complete
    return future.result()
           ^^^^^^^^^^^^^^^
  File "f:\APPs\.venv\Lib\site-packages\playwright\_impl\_connection.py", line 270, in run_as_sync
    await self.run()
  File "f:\APPs\.venv\Lib\site-packages\playwright\_impl\_connection.py", line 279, in run
    await self._transport.connect()
  File "f:\APPs\.venv\Lib\site-packages\playwright\_impl\_transport.py", line 133, in connect
    raise exc
  File "f:\APPs\.venv\Lib\site-packages\playwright\_impl\_transport.py", line 120, in connect
    self._proc = await asyncio.create_subprocess_exec(
                 ^^^^^^^^^^^^^^^^^^^^^^^^^^^^^^^^^^^^^
  File "C:\Users\TUAN-CP\AppData\Local\Programs\Python\Python311\Lib\asyncio\subprocess.py", line 218, in create_subprocess_exec
    transport, protocol = await loop.subprocess_exec(
                          ^^^^^^^^^^^^^^^^^^^^^^^^^^^
  File "C:\Users\TUAN-CP\AppData\Local\Programs\Python\Python311\Lib\asyncio\base_events.py", line 1680, in subprocess_exec
    transport = await self._make_subprocess_transport(
                ^^^^^^^^^^^^^^^^^^^^^^^^^^^^^^^^^^^^^^
  File "C:\Users\TUAN-CP\AppData\Local\Programs\Python\Python311\Lib\asyncio\base_events.py", line 502, in _make_subprocess_transport
    raise NotImplementedError
NotImplementedError
INFO:portal_qr_worker:[worker] Action 'open_portal' result: ok=False, status=PLAYWRIGHT_START_FAILED
ERROR:asyncio:Future exception was never retrieved
future: <Future finished exception=NotImplementedError()>
Traceback (most recent call last):
  File "f:\APPs\backend\scripts\portal_qr_worker.py", line 138, in action_open_portal
    pw = sync_playwright().start()
         ^^^^^^^^^^^^^^^^^^^^^^^^^
  File "f:\APPs\.venv\Lib\site-packages\playwright\sync_api\_context_manager.py", line 84, in start
    return self.__enter__()
           ^^^^^^^^^^^^^^^^
  File "f:\APPs\.venv\Lib\site-packages\playwright\sync_api\_context_manager.py", line 77, in __enter__
    dispatcher_fiber.switch()
  File "f:\APPs\.venv\Lib\site-packages\playwright\sync_api\_context_manager.py", line 56, in greenlet_main
    self._loop.run_until_complete(self._connection.run_as_sync())
  File "C:\Users\TUAN-CP\AppData\Local\Programs\Python\Python311\Lib\asyncio\base_events.py", line 650, in run_until_complete
    return future.result()
           ^^^^^^^^^^^^^^^
  File "f:\APPs\.venv\Lib\site-packages\playwright\_impl\_connection.py", line 270, in run_as_sync
    await self.run()
  File "f:\APPs\.venv\Lib\site-packages\playwright\_impl\_connection.py", line 279, in run
    await self._transport.connect()
  File "f:\APPs\.venv\Lib\site-packages\playwright\_impl\_transport.py", line 133, in connect
    raise exc
  File "f:\APPs\.venv\Lib\site-packages\playwright\_impl\_transport.py", line 120, in connect
    self._proc = await asyncio.create_subprocess_exec(
                 ^^^^^^^^^^^^^^^^^^^^^^^^^^^^^^^^^^^^^
  File "C:\Users\TUAN-CP\AppData\Local\Programs\Python\Python311\Lib\asyncio\subprocess.py", line 218, in create_subprocess_exec
    transport, protocol = await loop.subprocess_exec(
                          ^^^^^^^^^^^^^^^^^^^^^^^^^^^
  File "C:\Users\TUAN-CP\AppData\Local\Programs\Python\Python311\Lib\asyncio\base_events.py", line 1680, in subprocess_exec
    transport = await self._make_subprocess_transport(
                ^^^^^^^^^^^^^^^^^^^^^^^^^^^^^^^^^^^^^^
  File "C:\Users\TUAN-CP\AppData\Local\Programs\Python\Python311\Lib\asyncio\base_events.py", line 502, in _make_subprocess_transport
    raise NotImplementedError
NotImplementedError
INFO:portal_qr_worker:[worker] Dispatching action='open_portal'
INFO:portal_qr_worker:[open_portal] Starting
ERROR:portal_qr_worker:[open_portal] Exception: 
Traceback (most recent call last):
  File "f:\APPs\backend\scripts\portal_qr_worker.py", line 138, in action_open_portal
    pw = sync_playwright().start()
         ^^^^^^^^^^^^^^^^^^^^^^^^^
  File "f:\APPs\.venv\Lib\site-packages\playwright\sync_api\_context_manager.py", line 84, in start
    return self.__enter__()
           ^^^^^^^^^^^^^^^^
  File "f:\APPs\.venv\Lib\site-packages\playwright\sync_api\_context_manager.py", line 77, in __enter__
    dispatcher_fiber.switch()
  File "f:\APPs\.venv\Lib\site-packages\playwright\sync_api\_context_manager.py", line 56, in greenlet_main
    self._loop.run_until_complete(self._connection.run_as_sync())
  File "C:\Users\TUAN-CP\AppData\Local\Programs\Python\Python311\Lib\asyncio\base_events.py", line 650, in run_until_complete
    return future.result()
           ^^^^^^^^^^^^^^^
  File "f:\APPs\.venv\Lib\site-packages\playwright\_impl\_connection.py", line 270, in run_as_sync
    await self.run()
  File "f:\APPs\.venv\Lib\site-packages\playwright\_impl\_connection.py", line 279, in run
    await self._transport.connect()
  File "f:\APPs\.venv\Lib\site-packages\playwright\_impl\_transport.py", line 133, in connect
    raise exc
  File "f:\APPs\.venv\Lib\site-packages\playwright\_impl\_transport.py", line 120, in connect
    self._proc = await asyncio.create_subprocess_exec(
                 ^^^^^^^^^^^^^^^^^^^^^^^^^^^^^^^^^^^^^
  File "C:\Users\TUAN-CP\AppData\Local\Programs\Python\Python311\Lib\asyncio\subprocess.py", line 218, in create_subprocess_exec
    transport, protocol = await loop.subprocess_exec(
                          ^^^^^^^^^^^^^^^^^^^^^^^^^^^
  File "C:\Users\TUAN-CP\AppData\Local\Programs\Python\Python311\Lib\asyncio\base_events.py", line 1680, in subprocess_exec
    transport = await self._make_subprocess_transport(
                ^^^^^^^^^^^^^^^^^^^^^^^^^^^^^^^^^^^^^^
  File "C:\Users\TUAN-CP\AppData\Local\Programs\Python\Python311\Lib\asyncio\base_events.py", line 502, in _make_subprocess_transport
    raise NotImplementedError
NotImplementedError
Traceback (most recent call last):
  File "f:\APPs\backend\scripts\portal_qr_worker.py", line 138, in action_open_portal
    pw = sync_playwright().start()
         ^^^^^^^^^^^^^^^^^^^^^^^^^
  File "f:\APPs\.venv\Lib\site-packages\playwright\sync_api\_context_manager.py", line 84, in start
    return self.__enter__()
           ^^^^^^^^^^^^^^^^
  File "f:\APPs\.venv\Lib\site-packages\playwright\sync_api\_context_manager.py", line 77, in __enter__
    dispatcher_fiber.switch()
  File "f:\APPs\.venv\Lib\site-packages\playwright\sync_api\_context_manager.py", line 56, in greenlet_main
    self._loop.run_until_complete(self._connection.run_as_sync())
  File "C:\Users\TUAN-CP\AppData\Local\Programs\Python\Python311\Lib\asyncio\base_events.py", line 650, in run_until_complete
    return future.result()
           ^^^^^^^^^^^^^^^
  File "f:\APPs\.venv\Lib\site-packages\playwright\_impl\_connection.py", line 270, in run_as_sync
    await self.run()
  File "f:\APPs\.venv\Lib\site-packages\playwright\_impl\_connection.py", line 279, in run
    await self._transport.connect()
  File "f:\APPs\.venv\Lib\site-packages\playwright\_impl\_transport.py", line 133, in connect
    raise exc
  File "f:\APPs\.venv\Lib\site-packages\playwright\_impl\_transport.py", line 120, in connect
    self._proc = await asyncio.create_subprocess_exec(
                 ^^^^^^^^^^^^^^^^^^^^^^^^^^^^^^^^^^^^^
  File "C:\Users\TUAN-CP\AppData\Local\Programs\Python\Python311\Lib\asyncio\subprocess.py", line 218, in create_subprocess_exec
    transport, protocol = await loop.subprocess_exec(
                          ^^^^^^^^^^^^^^^^^^^^^^^^^^^
  File "C:\Users\TUAN-CP\AppData\Local\Programs\Python\Python311\Lib\asyncio\base_events.py", line 1680, in subprocess_exec
    transport = await self._make_subprocess_transport(
                ^^^^^^^^^^^^^^^^^^^^^^^^^^^^^^^^^^^^^^
  File "C:\Users\TUAN-CP\AppData\Local\Programs\Python\Python311\Lib\asyncio\base_events.py", line 502, in _make_subprocess_transport
    raise NotImplementedError
NotImplementedError
INFO:portal_qr_worker:[worker] Action 'open_portal' result: ok=False, status=PLAYWRIGHT_START_FAILED
ERROR:asyncio:Future exception was never retrieved
future: <Future finished exception=NotImplementedError()>
Traceback (most recent call last):
  File "f:\APPs\backend\scripts\portal_qr_worker.py", line 138, in action_open_portal
    pw = sync_playwright().start()
         ^^^^^^^^^^^^^^^^^^^^^^^^^
  File "f:\APPs\.venv\Lib\site-packages\playwright\sync_api\_context_manager.py", line 84, in start
    return self.__enter__()
           ^^^^^^^^^^^^^^^^
  File "f:\APPs\.venv\Lib\site-packages\playwright\sync_api\_context_manager.py", line 77, in __enter__
    dispatcher_fiber.switch()
  File "f:\APPs\.venv\Lib\site-packages\playwright\sync_api\_context_manager.py", line 56, in greenlet_main
    self._loop.run_until_complete(self._connection.run_as_sync())
  File "C:\Users\TUAN-CP\AppData\Local\Programs\Python\Python311\Lib\asyncio\base_events.py", line 650, in run_until_complete
    return future.result()
           ^^^^^^^^^^^^^^^
  File "f:\APPs\.venv\Lib\site-packages\playwright\_impl\_connection.py", line 270, in run_as_sync
    await self.run()
  File "f:\APPs\.venv\Lib\site-packages\playwright\_impl\_connection.py", line 279, in run
    await self._transport.connect()
  File "f:\APPs\.venv\Lib\site-packages\playwright\_impl\_transport.py", line 133, in connect
    raise exc
  File "f:\APPs\.venv\Lib\site-packages\playwright\_impl\_transport.py", line 120, in connect
    self._proc = await asyncio.create_subprocess_exec(
                 ^^^^^^^^^^^^^^^^^^^^^^^^^^^^^^^^^^^^^
  File "C:\Users\TUAN-CP\AppData\Local\Programs\Python\Python311\Lib\asyncio\subprocess.py", line 218, in create_subprocess_exec
    transport, protocol = await loop.subprocess_exec(
                          ^^^^^^^^^^^^^^^^^^^^^^^^^^^
  File "C:\Users\TUAN-CP\AppData\Local\Programs\Python\Python311\Lib\asyncio\base_events.py", line 1680, in subprocess_exec
    transport = await self._make_subprocess_transport(
                ^^^^^^^^^^^^^^^^^^^^^^^^^^^^^^^^^^^^^^
  File "C:\Users\TUAN-CP\AppData\Local\Programs\Python\Python311\Lib\asyncio\base_events.py", line 502, in _make_subprocess_transport
    raise NotImplementedError
NotImplementedError
INFO:portal_qr_worker:[worker] Dispatching action='open_portal'
INFO:portal_qr_worker:[open_portal] Starting
INFO:portal_qr_worker:[open_portal] Playwright started
INFO:portal_qr_worker:[open_portal] Browser launched with profile: F:\APPs\storage\portal_browser_profile
INFO:portal_qr_worker:[open_portal] Navigated to http://14.241.251.220:7879/login, url=http://14.241.251.220:7879/login
INFO:portal_qr_worker:[open_portal] Login page shown, url=http://14.241.251.220:7879/login
INFO:portal_qr_worker:[worker] Dispatching action='unknown_action'
INFO:portal_qr_worker:[worker] Action 'unknown_action' result: ok=False, status=UNKNOWN_ACTION
INFO:portal_qr_worker:[worker] Dispatching action='open_portal'
INFO:portal_qr_worker:[open_portal] Starting
INFO:portal_qr_worker:[open_portal] Playwright started
INFO:portal_qr_worker:[open_portal] Browser launched with profile: F:\APPs\storage\portal_browser_profile
INFO:portal_qr_worker:[open_portal] Navigated to http://14.241.251.220:7879/login, url=http://14.241.251.220:7879/login
INFO:portal_qr_worker:[open_portal] Login page shown, url=http://14.241.251.220:7879/login
INFO:portal_qr_worker:[worker] Dispatching action='fill_form'
INFO:portal_qr_worker:[fill_form] Starting
INFO:portal_qr_worker:[fill_form] Attached to profile: F:\APPs\storage\portal_browser_profile
INFO:portal_qr_worker:[fill_form] Already logged in, url=http://14.241.251.220:7879/
INFO:portal_qr_worker:[worker] Action 'fill_form' result: ok=False, status=ADD_BUTTON_NOT_FOUND
ERROR:portal_qr_worker:Failed to parse stdin JSON: Expecting value: line 1 column 1 (char 0)
ERROR:portal_qr_worker:Failed to parse stdin JSON: Expecting value: line 1 column 1 (char 0)
ERROR:portal_qr_worker:Failed to parse stdin JSON: Expecting value: line 1 column 1 (char 0)
ERROR:portal_qr_worker:Failed to parse stdin JSON: Expecting value: line 1 column 1 (char 0)
INFO:portal_qr_worker:[worker] Dispatching action='open_portal'
INFO:portal_qr_worker:[open_portal] Starting
INFO:portal_qr_worker:[open_portal] Playwright started
INFO:portal_qr_worker:[open_portal] Browser launched with profile: F:\APPs\storage\portal_browser_profile
INFO:portal_qr_worker:[open_portal] Navigated to http://14.241.251.220:7879/login, url=http://14.241.251.220:7879/login
INFO:portal_qr_worker:[open_portal] Login page shown, url=http://14.241.251.220:7879/login
INFO:portal_qr_worker:[open_portal] User logged in, url=http://14.241.251.220:7879/
INFO:portal_qr_worker:[worker] Action 'open_portal' result: ok=True, status=LOGIN_COMPLETE
INFO:portal_qr_worker:[worker] Dispatching action='open_portal'
INFO:portal_qr_worker:[open_portal] Starting
INFO:portal_qr_worker:[open_portal] Playwright started
INFO:portal_qr_worker:[open_portal] Browser launched with profile: F:\APPs\storage\portal_browser_profile
INFO:portal_qr_worker:[open_portal] Navigated to http://14.241.251.220:7879/login, url=http://14.241.251.220:7879/login
INFO:portal_qr_worker:[open_portal] Login page shown, url=http://14.241.251.220:7879/login
INFO:portal_qr_worker:[open_portal] User logged in, url=http://14.241.251.220:7879/
INFO:portal_qr_worker:[worker] Action 'open_portal' result: ok=True, status=LOGIN_COMPLETE
INFO:portal_qr_worker:[worker] Dispatching action='open_portal'
INFO:portal_qr_worker:[open_portal] Starting
INFO:portal_qr_worker:[open_portal] Playwright started
INFO:portal_qr_worker:[open_portal] Browser launched with profile: F:\APPs\storage\portal_browser_profile
INFO:portal_qr_worker:[open_portal] Navigated to root: http://14.241.251.220:7879, url=http://14.241.251.220:7879/
INFO:portal_qr_worker:[_detect_page_state] login_score=4, dashboard_score=0, blank=False, title='Background App'
INFO:portal_qr_worker:[open_portal] Page state: login, url=http://14.241.251.220:7879/
INFO:portal_qr_worker:[open_portal] Login form detected — returning immediately
INFO:portal_qr_worker:[worker] Action 'open_portal' result: ok=True, status=PORTAL_OPENED_LOGIN_REQUIRED
INFO:portal_qr_worker:[worker] Dispatching action='open_portal'
INFO:portal_qr_worker:[open_portal] Starting
INFO:portal_qr_worker:[open_portal] Playwright started
INFO:portal_qr_worker:[open_portal] Browser launched with profile: F:\APPs\storage\portal_browser_profile
INFO:portal_qr_worker:[open_portal] Navigated to root: http://14.241.251.220:7879, url=http://14.241.251.220:7879/
INFO:portal_qr_worker:[_detect_page_state] login_score=4, dashboard_score=0, blank=False, title='Background App'
INFO:portal_qr_worker:[open_portal] Page state: login, url=http://14.241.251.220:7879/
INFO:portal_qr_worker:[open_portal] Login form detected — returning immediately
INFO:portal_qr_worker:[worker] Action 'open_portal' result: ok=True, status=PORTAL_OPENED_LOGIN_REQUIRED
INFO:portal_qr_worker:[worker] Dispatching action='open_portal'
INFO:portal_qr_worker:[open_portal] Starting
INFO:portal_qr_worker:[open_portal] Playwright started
INFO:portal_qr_worker:[open_portal] Browser launched with profile: F:\APPs\storage\portal_browser_profile
INFO:portal_qr_worker:[open_portal] Navigated to root: http://14.241.251.220:7879, url=http://14.241.251.220:7879/
INFO:portal_qr_worker:[_detect_page_state] login_score=4, dashboard_score=0, blank=False, title='Background App'
INFO:portal_qr_worker:[open_portal] Page state: login, url=http://14.241.251.220:7879/
INFO:portal_qr_worker:[open_portal] Login form detected — returning immediately
INFO:portal_qr_worker:[worker] Action 'open_portal' result: ok=True, status=PORTAL_OPENED_LOGIN_REQUIRED
INFO:portal_qr_worker:[worker] Dispatching action='open_portal'
INFO:portal_qr_worker:[open_portal] Starting
INFO:portal_qr_worker:[worker] Action 'open_portal' result: ok=False, status=VALIDATION_FAILED
INFO:portal_qr_worker:[worker] Dispatching action='open_portal'
INFO:portal_qr_worker:[open_portal] Starting
INFO:portal_qr_worker:[worker] Action 'open_portal' result: ok=False, status=VALIDATION_FAILED
INFO:portal_qr_worker:[worker] Dispatching action='open_portal'
INFO:portal_qr_worker:[open_portal] Starting
INFO:portal_qr_worker:[worker] Action 'open_portal' result: ok=False, status=VALIDATION_FAILED
INFO:portal_qr_worker:[worker] Dispatching action='open_portal'
INFO:portal_qr_worker:[open_portal] Starting
INFO:portal_qr_worker:[worker] Action 'open_portal' result: ok=False, status=VALIDATION_FAILED
INFO:portal_qr_worker:[worker] Dispatching action='open_portal'
INFO:portal_qr_worker:[open_portal] Starting
INFO:portal_qr_worker:[worker] Action 'open_portal' result: ok=False, status=VALIDATION_FAILED
INFO:portal_qr_worker:[worker] Dispatching action='open_portal'
INFO:portal_qr_worker:[open_portal] Starting
INFO:portal_qr_worker:[open_portal] Browser launched with profile: F:\APPs\storage\portal_browser_profile
INFO:portal_qr_worker:[open_portal] Navigated to root: http://14.241.251.220:7879, url=http://14.241.251.220:7879/
INFO:portal_qr_worker:[_detect_page_state] login_score=4, dashboard_score=0, blank=False, title='Background App'
INFO:portal_qr_worker:[open_portal] Page state: login, url=http://14.241.251.220:7879/
INFO:portal_qr_worker:[open_portal] Login page detected, filling credentials
INFO:portal_qr_worker:[_do_login] username filled with selector: input[type="text"]
INFO:portal_qr_worker:[_do_login] password filled with selector: input[type="password"]
INFO:portal_qr_worker:[_do_login] clicked login button: button:has-text("đăng nhập")
INFO:portal_qr_worker:[_detect_page_state] login_score=0, dashboard_score=3, blank=False, title='Background App'
INFO:portal_qr_worker:[_do_login] Dashboard appeared after login
INFO:portal_qr_worker:[open_portal] Login successful
INFO:portal_qr_worker:[worker] Action 'open_portal' result: ok=True, status=PORTAL_LOGIN_SUCCESS
INFO:portal_qr_worker:[worker] Dispatching action='open_portal'
INFO:portal_qr_worker:[open_portal] Starting
INFO:portal_qr_worker:[open_portal] Browser launched with profile: F:\APPs\storage\portal_browser_profile
INFO:portal_qr_worker:[open_portal] Navigated to root: http://14.241.251.220:7879, url=http://14.241.251.220:7879/
INFO:portal_qr_worker:[_detect_page_state] login_score=4, dashboard_score=0, blank=False, title='Background App'
INFO:portal_qr_worker:[open_portal] Page state: login, url=http://14.241.251.220:7879/
INFO:portal_qr_worker:[open_portal] Login page detected, filling credentials
INFO:portal_qr_worker:[_do_login] username filled with selector: input[type="text"]
INFO:portal_qr_worker:[_do_login] password filled with selector: input[type="password"]
INFO:portal_qr_worker:[_do_login] clicked login button: button:has-text("đăng nhập")
INFO:portal_qr_worker:[_detect_page_state] login_score=0, dashboard_score=3, blank=False, title='Background App'
INFO:portal_qr_worker:[_do_login] Dashboard appeared after login
INFO:portal_qr_worker:[open_portal] Login successful
INFO:portal_qr_worker:[worker] Action 'open_portal' result: ok=True, status=PORTAL_LOGIN_SUCCESS
INFO:portal_qr_worker:[worker] Dispatching action='open_portal'
INFO:portal_qr_worker:[open_portal] Starting
INFO:portal_qr_worker:[open_portal] Browser launched with profile: F:\APPs\storage\portal_browser_profile
INFO:portal_qr_worker:[open_portal] Navigated to root: http://14.241.251.220:7879, url=http://14.241.251.220:7879/
INFO:portal_qr_worker:[_detect_page_state] login_score=4, dashboard_score=0, blank=False, title='Background App'
INFO:portal_qr_worker:[open_portal] Page state: login, url=http://14.241.251.220:7879/
INFO:portal_qr_worker:[open_portal] Login page detected, filling credentials
INFO:portal_qr_worker:[_do_login] username filled with selector: input[type="text"]
INFO:portal_qr_worker:[_do_login] password filled with selector: input[type="password"]
INFO:portal_qr_worker:[_do_login] clicked login button: button:has-text("đăng nhập")
INFO:portal_qr_worker:[_detect_page_state] login_score=0, dashboard_score=3, blank=False, title='Background App'
INFO:portal_qr_worker:[_do_login] Dashboard appeared after login
INFO:portal_qr_worker:[open_portal] Login successful
INFO:portal_qr_worker:[worker] Action 'open_portal' result: ok=True, status=PORTAL_LOGIN_SUCCESS
INFO:portal_qr_worker:[worker] Dispatching action='fill_form'
INFO:portal_qr_worker:[fill_form] Starting
INFO:portal_qr_worker:[fill_form] Attached to profile: F:\APPs\storage\portal_browser_profile
INFO:portal_qr_worker:[fill_form] Already logged in, url=http://14.241.251.220:7879/
INFO:portal_qr_worker:[worker] Action 'fill_form' result: ok=False, status=ADD_BUTTON_NOT_FOUND
INFO:portal_qr_worker:[worker] Dispatching action='fill_form'
INFO:portal_qr_worker:[fill_form] Starting
INFO:portal_qr_worker:[fill_form] Attached to profile: F:\APPs\storage\portal_browser_profile
INFO:portal_qr_worker:[fill_form] Already logged in, url=http://14.241.251.220:7879/
INFO:portal_qr_worker:[worker] Action 'fill_form' result: ok=False, status=ADD_BUTTON_NOT_FOUND
INFO:portal_qr_worker:[worker] Dispatching action='open_portal'
INFO:portal_qr_worker:[open_portal] Starting
INFO:portal_qr_worker:[open_portal] Browser launched with profile: F:\APPs\storage\portal_browser_profile
INFO:portal_qr_worker:[open_portal] Navigated to root: http://14.241.251.220:7879, url=http://14.241.251.220:7879/
INFO:portal_qr_worker:[_detect_page_state] login_score=4, dashboard_score=0, blank=False, title='Background App'
INFO:portal_qr_worker:[open_portal] Page state: login, url=http://14.241.251.220:7879/
INFO:portal_qr_worker:[open_portal] Login page detected, filling credentials
INFO:portal_qr_worker:[_do_login] username filled with selector: input[type="text"]
INFO:portal_qr_worker:[_do_login] password filled with selector: input[type="password"]
INFO:portal_qr_worker:[_do_login] clicked login button: button:has-text("đăng nhập")
INFO:portal_qr_worker:[_detect_page_state] login_score=0, dashboard_score=3, blank=False, title='Background App'
INFO:portal_qr_worker:[_do_login] Dashboard appeared after login
INFO:portal_qr_worker:[open_portal] Login successful
INFO:portal_qr_worker:[worker] Action 'open_portal' result: ok=True, status=PORTAL_LOGIN_SUCCESS
INFO:portal_qr_worker:[worker] Dispatching action='fill_form'
INFO:portal_qr_worker:[fill_form] Starting
INFO:portal_qr_worker:[fill_form] Attached to profile: F:\APPs\storage\portal_browser_profile
INFO:portal_qr_worker:[fill_form] Already logged in, url=http://14.241.251.220:7879/
INFO:portal_qr_worker:[fill_form] Navigating to dashboard: http://14.241.251.220:7879/
INFO:portal_qr_worker:[fill_form] After nav: url=http://14.241.251.220:7879/, title=Background App
INFO:portal_qr_worker:[fill_form] [C1] Attempting click: button.MuiButtonBase-root
INFO:portal_qr_worker:[fill_form] Clicked: [C1] button.MuiButtonBase-root
INFO:portal_qr_worker:[fill_form] Form found: form
WARNING:portal_qr_worker:[fill_form] FILL_TINHTRANG: MISSING
WARNING:portal_qr_worker:[fill_form] FILL_LINHVUC: MISSING
WARNING:portal_qr_worker:[fill_form] FILL_SOHD: MISSING
WARNING:portal_qr_worker:[fill_form] FILL_SOGCN: MISSING
WARNING:portal_qr_worker:[fill_form] FILL_NGAYINCERT: MISSING
WARNING:portal_qr_worker:[fill_form] FILL_NGAYBATDAU: MISSING
WARNING:portal_qr_worker:[fill_form] FILL_NGAYKETTHUC: MISSING
WARNING:portal_qr_worker:[fill_form] FILL_TENDONVI: MISSING
WARNING:portal_qr_worker:[fill_form] FILL_DIACHI: MISSING
WARNING:portal_qr_worker:[fill_form] FILL_BANGHIEU: MISSING
WARNING:portal_qr_worker:[fill_form] FILL_DIACHIKD: MISSING
INFO:portal_qr_worker:[fill_form] Done: filled=[], missing=['tinhtrang', 'linhvuc', 'sohd', 'sogcn', 'ngayincert', 'ngaybatdau', 'ngayketthuc', 'tendonvi', 'diachi', 'masothue', 'banghieu', 'diachikd', 'khuvuc', 'ghichu']
INFO:portal_qr_worker:[worker] Action 'fill_form' result: ok=True, status=FORM_FILLED_WAITING_USER
INFO:portal_qr_worker:[worker] Dispatching action='open_portal'
INFO:portal_qr_worker:[open_portal] Starting
INFO:portal_qr_worker:[open_portal] Browser launched with profile: F:\APPs\storage\portal_browser_profile
INFO:portal_qr_worker:[open_portal] Navigated to root: http://14.241.251.220:7879, url=http://14.241.251.220:7879/
INFO:portal_qr_worker:[_detect_page_state] login_score=4, dashboard_score=0, blank=False, title='Background App'
INFO:portal_qr_worker:[open_portal] Page state: login, url=http://14.241.251.220:7879/
INFO:portal_qr_worker:[open_portal] Login page detected, filling credentials
INFO:portal_qr_worker:[_do_login] username filled with selector: input[type="text"]
INFO:portal_qr_worker:[_do_login] password filled with selector: input[type="password"]
INFO:portal_qr_worker:[_do_login] clicked login button: button:has-text("đăng nhập")
INFO:portal_qr_worker:[_detect_page_state] login_score=0, dashboard_score=3, blank=False, title='Background App'
INFO:portal_qr_worker:[_do_login] Dashboard appeared after login
INFO:portal_qr_worker:[open_portal] Login successful
INFO:portal_qr_worker:[worker] Action 'open_portal' result: ok=True, status=PORTAL_LOGIN_SUCCESS
INFO:portal_qr_worker:[worker] Dispatching action='fill_form'
INFO:portal_qr_worker:[fill_form] Starting
INFO:portal_qr_worker:[fill_form] Attached to profile: F:\APPs\storage\portal_browser_profile
INFO:portal_qr_worker:[fill_form] Already logged in, url=http://14.241.251.220:7879/
INFO:portal_qr_worker:[fill_form] Navigating to dashboard: http://14.241.251.220:7879/
INFO:portal_qr_worker:[fill_form] After nav: url=http://14.241.251.220:7879/, title=Background App
INFO:portal_qr_worker:[fill_form] [C1] Attempting click: button.MuiButtonBase-root
INFO:portal_qr_worker:[fill_form] Clicked: [C1] button.MuiButtonBase-root
INFO:portal_qr_worker:[fill_form] Form found: form
WARNING:portal_qr_worker:[fill_form] FILL_TINHTRANG: MISSING
WARNING:portal_qr_worker:[fill_form] FILL_LINHVUC: MISSING
WARNING:portal_qr_worker:[fill_form] FILL_SOHD: MISSING
WARNING:portal_qr_worker:[fill_form] FILL_SOGCN: MISSING
WARNING:portal_qr_worker:[fill_form] FILL_NGAYINCERT: MISSING
WARNING:portal_qr_worker:[fill_form] FILL_NGAYBATDAU: MISSING
WARNING:portal_qr_worker:[fill_form] FILL_NGAYKETTHUC: MISSING
WARNING:portal_qr_worker:[fill_form] FILL_TENDONVI: MISSING
WARNING:portal_qr_worker:[fill_form] FILL_DIACHI: MISSING
WARNING:portal_qr_worker:[fill_form] FILL_BANGHIEU: MISSING
WARNING:portal_qr_worker:[fill_form] FILL_DIACHIKD: MISSING
INFO:portal_qr_worker:[fill_form] Done: filled=[], missing=['tinhtrang', 'linhvuc', 'sohd', 'sogcn', 'ngayincert', 'ngaybatdau', 'ngayketthuc', 'tendonvi', 'diachi', 'masothue', 'banghieu', 'diachikd', 'khuvuc', 'ghichu']
INFO:portal_qr_worker:[worker] Action 'fill_form' result: ok=True, status=FORM_FILLED_WAITING_USER
INFO:portal_qr_worker:[worker] Dispatching action='search_record'
INFO:portal_qr_worker:[search_record] Starting
INFO:portal_qr_worker:[search_record] Attached to profile
INFO:portal_qr_worker:[worker] Action 'search_record' result: ok=False, status=SEARCH_BOX_NOT_FOUND
INFO:portal_qr_worker:[worker] Dispatching action='open_portal'
INFO:portal_qr_worker:[open_portal] Starting
INFO:portal_qr_worker:[open_portal] Browser launched with profile: F:\APPs\storage\portal_browser_profile
INFO:portal_qr_worker:[open_portal] Navigated to root: http://14.241.251.220:7879, url=http://14.241.251.220:7879/
INFO:portal_qr_worker:[_detect_page_state] login_score=4, dashboard_score=0, blank=False, title='Background App'
INFO:portal_qr_worker:[open_portal] Page state: login, url=http://14.241.251.220:7879/
INFO:portal_qr_worker:[open_portal] Login page detected, filling credentials
INFO:portal_qr_worker:[_do_login] username filled with selector: input[type="text"]
INFO:portal_qr_worker:[_do_login] password filled with selector: input[type="password"]
INFO:portal_qr_worker:[_do_login] clicked login button: button:has-text("đăng nhập")
INFO:portal_qr_worker:[_detect_page_state] login_score=0, dashboard_score=3, blank=False, title='Background App'
INFO:portal_qr_worker:[_do_login] Dashboard appeared after login
INFO:portal_qr_worker:[open_portal] Login successful
INFO:portal_qr_worker:[worker] Action 'open_portal' result: ok=True, status=PORTAL_LOGIN_SUCCESS
INFO:portal_qr_worker:[worker] Dispatching action='fill_form'
INFO:portal_qr_worker:[fill_form] Starting
INFO:portal_qr_worker:[fill_form] Attached to profile: F:\APPs\storage\portal_browser_profile
INFO:portal_qr_worker:[fill_form] Already logged in, url=http://14.241.251.220:7879/
INFO:portal_qr_worker:[fill_form] Navigating to dashboard: http://14.241.251.220:7879/
INFO:portal_qr_worker:[fill_form] After nav: url=http://14.241.251.220:7879/, title=Background App
INFO:portal_qr_worker:[fill_form] [C1] Attempting click: button.MuiButtonBase-root
INFO:portal_qr_worker:[fill_form] Clicked: [C1] button.MuiButtonBase-root
INFO:portal_qr_worker:[fill_form] Form found: form
WARNING:portal_qr_worker:[fill_form] FILL_TINHTRANG: MISSING
WARNING:portal_qr_worker:[fill_form] FILL_LINHVUC: MISSING
WARNING:portal_qr_worker:[fill_form] FILL_SOHD: MISSING
WARNING:portal_qr_worker:[fill_form] FILL_SOGCN: MISSING
WARNING:portal_qr_worker:[fill_form] FILL_NGAYINCERT: MISSING
WARNING:portal_qr_worker:[fill_form] FILL_NGAYBATDAU: MISSING
WARNING:portal_qr_worker:[fill_form] FILL_NGAYKETTHUC: MISSING
WARNING:portal_qr_worker:[fill_form] FILL_TENDONVI: MISSING
WARNING:portal_qr_worker:[fill_form] FILL_DIACHI: MISSING
WARNING:portal_qr_worker:[fill_form] FILL_BANGHIEU: MISSING
WARNING:portal_qr_worker:[fill_form] FILL_DIACHIKD: MISSING
INFO:portal_qr_worker:[fill_form] Done: filled=[], missing=['tinhtrang', 'linhvuc', 'sohd', 'sogcn', 'ngayincert', 'ngaybatdau', 'ngayketthuc', 'tendonvi', 'diachi', 'masothue', 'banghieu', 'diachikd', 'khuvuc', 'ghichu']
INFO:portal_qr_worker:[worker] Action 'fill_form' result: ok=True, status=FORM_FILLED_WAITING_USER
INFO:portal_qr_worker:[worker] Dispatching action='open_portal'
INFO:portal_qr_worker:[open_portal] Starting
INFO:portal_qr_worker:[open_portal] Browser launched with profile: F:\APPs\storage\portal_browser_profile
INFO:portal_qr_worker:[open_portal] Navigated to root: http://14.241.251.220:7879, url=http://14.241.251.220:7879/
INFO:portal_qr_worker:[_detect_page_state] login_score=4, dashboard_score=0, blank=False, title='Background App'
INFO:portal_qr_worker:[open_portal] Page state: login, url=http://14.241.251.220:7879/
INFO:portal_qr_worker:[open_portal] Login page detected, filling credentials
INFO:portal_qr_worker:[_do_login] username filled with selector: input[type="text"]
INFO:portal_qr_worker:[_do_login] password filled with selector: input[type="password"]
INFO:portal_qr_worker:[_do_login] clicked login button: button:has-text("đăng nhập")
INFO:portal_qr_worker:[_detect_page_state] login_score=0, dashboard_score=3, blank=False, title='Background App'
INFO:portal_qr_worker:[_do_login] Dashboard appeared after login
INFO:portal_qr_worker:[open_portal] Login successful
INFO:portal_qr_worker:[worker] Action 'open_portal' result: ok=True, status=PORTAL_LOGIN_SUCCESS
INFO:portal_qr_worker:[worker] Dispatching action='fill_form'
INFO:portal_qr_worker:[fill_form] Starting
INFO:portal_qr_worker:[fill_form] Attached to profile: F:\APPs\storage\portal_browser_profile
INFO:portal_qr_worker:[fill_form] Already logged in, url=http://14.241.251.220:7879/
INFO:portal_qr_worker:[fill_form] Navigating to dashboard: http://14.241.251.220:7879/
INFO:portal_qr_worker:[fill_form] After nav: url=http://14.241.251.220:7879/, title=Background App
INFO:portal_qr_worker:[fill_form] [C1] Attempting click: button.MuiButtonBase-root
INFO:portal_qr_worker:[fill_form] Clicked: [C1] button.MuiButtonBase-root
INFO:portal_qr_worker:[fill_form] Form found: form
INFO:portal_qr_worker:[fill_form] Form fields dump: [{'tag': 'input', 'name': '', 'id': ':r0:', 'type': 'text', 'placeholder': '', 'label': ''}, {'tag': 'input', 'name': 'soGiayChungNhan', 'id': ':r2:', 'type': 'text', 'placeholder': '', 'label': 'Tìm theo Số giấy chứng nhận'}, {'tag': 'input', 'name': 'tenDonVi', 'id': ':r3:', 'type': 'text', 'placeholder': '', 'label': 'Tìm theo Tên đơn vị'}, {'tag': 'textarea', 'name': 'ghi_chu', 'id': ':r19:', 'type': '', 'placeholder': '', 'label': 'Ghi chú'}, {'tag': 'textarea', 'name': '', 'id': '', 'type': '', 'placeholder': '', 'label': ''}]
INFO:portal_qr_worker:[fill_form] FILL_TINHTRANG: select attempt 1 failed (Locator.is_visible: Target page, context or browser has been closed)
INFO:portal_qr_worker:[fill_form] FILL_TINHTRANG: select attempt 2 failed (Locator.is_visible: Target page, context or browser has been closed)
INFO:portal_qr_worker:[fill_form] FILL_TINHTRANG: input attempt 1 failed (Locator.is_visible: Target page, context or browser has been closed)
INFO:portal_qr_worker:[fill_form] FILL_TINHTRANG: input attempt 2 failed (Locator.is_visible: Target page, context or browser has been closed)
INFO:portal_qr_worker:[fill_form] FILL_TINHTRANG: textarea attempt 1 failed (Locator.is_visible: Target page, context or browser has been closed)
INFO:portal_qr_worker:[fill_form] FILL_TINHTRANG: textarea attempt 2 failed (Locator.is_visible: Target page, context or browser has been closed)
WARNING:portal_qr_worker:[fill_form] FILL_TINHTRANG: ALL_ATTEMPTS_FAILED
INFO:portal_qr_worker:[fill_form] FILL_LINHVUC: select attempt 1 failed (Locator.is_visible: Target page, context or browser has been closed)
INFO:portal_qr_worker:[fill_form] FILL_LINHVUC: select attempt 2 failed (Locator.is_visible: Target page, context or browser has been closed)
INFO:portal_qr_worker:[fill_form] FILL_LINHVUC: input attempt 1 failed (Locator.is_visible: Target page, context or browser has been closed)
INFO:portal_qr_worker:[fill_form] FILL_LINHVUC: input attempt 2 failed (Locator.is_visible: Target page, context or browser has been closed)
INFO:portal_qr_worker:[fill_form] FILL_LINHVUC: textarea attempt 1 failed (Locator.is_visible: Target page, context or browser has been closed)
INFO:portal_qr_worker:[fill_form] FILL_LINHVUC: textarea attempt 2 failed (Locator.is_visible: Target page, context or browser has been closed)
WARNING:portal_qr_worker:[fill_form] FILL_LINHVUC: ALL_ATTEMPTS_FAILED
INFO:portal_qr_worker:[fill_form] FILL_SOHD: select attempt 1 failed (Locator.is_visible: Target page, context or browser has been closed)
INFO:portal_qr_worker:[fill_form] FILL_SOHD: select attempt 2 failed (Locator.is_visible: Target page, context or browser has been closed)
INFO:portal_qr_worker:[fill_form] FILL_SOHD: input attempt 1 failed (Locator.is_visible: Target page, context or browser has been closed)
INFO:portal_qr_worker:[fill_form] FILL_SOHD: input attempt 2 failed (Locator.is_visible: Target page, context or browser has been closed)
INFO:portal_qr_worker:[fill_form] FILL_SOHD: textarea attempt 1 failed (Locator.is_visible: Target page, context or browser has been closed)
INFO:portal_qr_worker:[fill_form] FILL_SOHD: textarea attempt 2 failed (Locator.is_visible: Target page, context or browser has been closed)
WARNING:portal_qr_worker:[fill_form] FILL_SOHD: ALL_ATTEMPTS_FAILED
INFO:portal_qr_worker:[fill_form] FILL_SOGCN: select attempt 1 failed (Locator.is_visible: Target page, context or browser has been closed)
INFO:portal_qr_worker:[fill_form] FILL_SOGCN: select attempt 2 failed (Locator.is_visible: Target page, context or browser has been closed)
INFO:portal_qr_worker:[fill_form] FILL_SOGCN: input attempt 1 failed (Locator.is_visible: Target page, context or browser has been closed)
INFO:portal_qr_worker:[fill_form] FILL_SOGCN: input attempt 2 failed (Locator.is_visible: Target page, context or browser has been closed)
INFO:portal_qr_worker:[fill_form] FILL_SOGCN: textarea attempt 1 failed (Locator.is_visible: Target page, context or browser has been closed)
INFO:portal_qr_worker:[fill_form] FILL_SOGCN: textarea attempt 2 failed (Locator.is_visible: Target page, context or browser has been closed)
WARNING:portal_qr_worker:[fill_form] FILL_SOGCN: ALL_ATTEMPTS_FAILED
INFO:portal_qr_worker:[fill_form] FILL_NGAYINCERT: select attempt 1 failed (Locator.is_visible: Target page, context or browser has been closed)
INFO:portal_qr_worker:[fill_form] FILL_NGAYINCERT: select attempt 2 failed (Locator.is_visible: Target page, context or browser has been closed)
INFO:portal_qr_worker:[fill_form] FILL_NGAYINCERT: input attempt 1 failed (Locator.is_visible: Target page, context or browser has been closed)
INFO:portal_qr_worker:[fill_form] FILL_NGAYINCERT: input attempt 2 failed (Locator.is_visible: Target page, context or browser has been closed)
INFO:portal_qr_worker:[fill_form] FILL_NGAYINCERT: textarea attempt 1 failed (Locator.is_visible: Target page, context or browser has been closed)
INFO:portal_qr_worker:[fill_form] FILL_NGAYINCERT: textarea attempt 2 failed (Locator.is_visible: Target page, context or browser has been closed)
WARNING:portal_qr_worker:[fill_form] FILL_NGAYINCERT: ALL_ATTEMPTS_FAILED
INFO:portal_qr_worker:[fill_form] FILL_NGAYBATDAU: select attempt 1 failed (Locator.is_visible: Target page, context or browser has been closed)
INFO:portal_qr_worker:[fill_form] FILL_NGAYBATDAU: select attempt 2 failed (Locator.is_visible: Target page, context or browser has been closed)
INFO:portal_qr_worker:[fill_form] FILL_NGAYBATDAU: input attempt 1 failed (Locator.is_visible: Target page, context or browser has been closed)
INFO:portal_qr_worker:[fill_form] FILL_NGAYBATDAU: input attempt 2 failed (Locator.is_visible: Target page, context or browser has been closed)
INFO:portal_qr_worker:[fill_form] FILL_NGAYBATDAU: textarea attempt 1 failed (Locator.is_visible: Target page, context or browser has been closed)
INFO:portal_qr_worker:[fill_form] FILL_NGAYBATDAU: textarea attempt 2 failed (Locator.is_visible: Target page, context or browser has been closed)
WARNING:portal_qr_worker:[fill_form] FILL_NGAYBATDAU: ALL_ATTEMPTS_FAILED
INFO:portal_qr_worker:[fill_form] FILL_NGAYKETTHUC: select attempt 1 failed (Locator.is_visible: Target page, context or browser has been closed)
INFO:portal_qr_worker:[fill_form] FILL_NGAYKETTHUC: select attempt 2 failed (Locator.is_visible: Target page, context or browser has been closed)
INFO:portal_qr_worker:[fill_form] FILL_NGAYKETTHUC: input attempt 1 failed (Locator.is_visible: Target page, context or browser has been closed)
INFO:portal_qr_worker:[fill_form] FILL_NGAYKETTHUC: input attempt 2 failed (Locator.is_visible: Target page, context or browser has been closed)
INFO:portal_qr_worker:[fill_form] FILL_NGAYKETTHUC: textarea attempt 1 failed (Locator.is_visible: Target page, context or browser has been closed)
INFO:portal_qr_worker:[fill_form] FILL_NGAYKETTHUC: textarea attempt 2 failed (Locator.is_visible: Target page, context or browser has been closed)
WARNING:portal_qr_worker:[fill_form] FILL_NGAYKETTHUC: ALL_ATTEMPTS_FAILED
INFO:portal_qr_worker:[fill_form] FILL_TENDONVI: select attempt 1 failed (Locator.is_visible: Target page, context or browser has been closed)
INFO:portal_qr_worker:[fill_form] FILL_TENDONVI: select attempt 2 failed (Locator.is_visible: Target page, context or browser has been closed)
INFO:portal_qr_worker:[fill_form] FILL_TENDONVI: input attempt 1 failed (Locator.is_visible: Target page, context or browser has been closed)
INFO:portal_qr_worker:[fill_form] FILL_TENDONVI: input attempt 2 failed (Locator.is_visible: Target page, context or browser has been closed)
INFO:portal_qr_worker:[fill_form] FILL_TENDONVI: textarea attempt 1 failed (Locator.is_visible: Target page, context or browser has been closed)
INFO:portal_qr_worker:[fill_form] FILL_TENDONVI: textarea attempt 2 failed (Locator.is_visible: Target page, context or browser has been closed)
WARNING:portal_qr_worker:[fill_form] FILL_TENDONVI: ALL_ATTEMPTS_FAILED
INFO:portal_qr_worker:[fill_form] FILL_DIACHI: select attempt 1 failed (Locator.is_visible: Target page, context or browser has been closed)
INFO:portal_qr_worker:[fill_form] FILL_DIACHI: select attempt 2 failed (Locator.is_visible: Target page, context or browser has been closed)
INFO:portal_qr_worker:[fill_form] FILL_DIACHI: input attempt 1 failed (Locator.is_visible: Target page, context or browser has been closed)
INFO:portal_qr_worker:[fill_form] FILL_DIACHI: input attempt 2 failed (Locator.is_visible: Target page, context or browser has been closed)
INFO:portal_qr_worker:[fill_form] FILL_DIACHI: textarea attempt 1 failed (Locator.is_visible: Target page, context or browser has been closed)
INFO:portal_qr_worker:[fill_form] FILL_DIACHI: textarea attempt 2 failed (Locator.is_visible: Target page, context or browser has been closed)
WARNING:portal_qr_worker:[fill_form] FILL_DIACHI: ALL_ATTEMPTS_FAILED
INFO:portal_qr_worker:[fill_form] FILL_BANGHIEU: select attempt 1 failed (Locator.is_visible: Target page, context or browser has been closed)
INFO:portal_qr_worker:[fill_form] FILL_BANGHIEU: select attempt 2 failed (Locator.is_visible: Target page, context or browser has been closed)
INFO:portal_qr_worker:[fill_form] FILL_BANGHIEU: input attempt 1 failed (Locator.is_visible: Target page, context or browser has been closed)
INFO:portal_qr_worker:[fill_form] FILL_BANGHIEU: input attempt 2 failed (Locator.is_visible: Target page, context or browser has been closed)
INFO:portal_qr_worker:[fill_form] FILL_BANGHIEU: textarea attempt 1 failed (Locator.is_visible: Target page, context or browser has been closed)
INFO:portal_qr_worker:[fill_form] FILL_BANGHIEU: textarea attempt 2 failed (Locator.is_visible: Target page, context or browser has been closed)
WARNING:portal_qr_worker:[fill_form] FILL_BANGHIEU: ALL_ATTEMPTS_FAILED
INFO:portal_qr_worker:[fill_form] FILL_DIACHIKD: select attempt 1 failed (Locator.is_visible: Target page, context or browser has been closed)
INFO:portal_qr_worker:[fill_form] FILL_DIACHIKD: select attempt 2 failed (Locator.is_visible: Target page, context or browser has been closed)
INFO:portal_qr_worker:[fill_form] FILL_DIACHIKD: input attempt 1 failed (Locator.is_visible: Target page, context or browser has been closed)
INFO:portal_qr_worker:[fill_form] FILL_DIACHIKD: input attempt 2 failed (Locator.is_visible: Target page, context or browser has been closed)
INFO:portal_qr_worker:[fill_form] FILL_DIACHIKD: textarea attempt 1 failed (Locator.is_visible: Target page, context or browser has been closed)
INFO:portal_qr_worker:[fill_form] FILL_DIACHIKD: textarea attempt 2 failed (Locator.is_visible: Target page, context or browser has been closed)
WARNING:portal_qr_worker:[fill_form] FILL_DIACHIKD: ALL_ATTEMPTS_FAILED
INFO:portal_qr_worker:[fill_form] Fill result: filled=[], failed=['tinhtrang', 'linhvuc', 'sohd', 'sogcn', 'ngayincert', 'ngaybatdau', 'ngayketthuc', 'tendonvi', 'diachi', 'banghieu', 'diachikd']
INFO:portal_qr_worker:[worker] Action 'fill_form' result: ok=False, status=FORM_FILL_ZERO_FIELDS
INFO:portal_qr_worker:[worker] Dispatching action='open_portal'
INFO:portal_qr_worker:[open_portal] Starting
INFO:portal_qr_worker:[open_portal] Browser launched with profile: F:\APPs\storage\portal_browser_profile
INFO:portal_qr_worker:[open_portal] Navigated to root: http://14.241.251.220:7879, url=http://14.241.251.220:7879/
INFO:portal_qr_worker:[_detect_page_state] login_score=4, dashboard_score=0, blank=False, title='Background App'
INFO:portal_qr_worker:[open_portal] Page state: login, url=http://14.241.251.220:7879/
INFO:portal_qr_worker:[open_portal] Login page detected, filling credentials
INFO:portal_qr_worker:[_do_login] username filled with selector: input[type="text"]
INFO:portal_qr_worker:[_do_login] password filled with selector: input[type="password"]
INFO:portal_qr_worker:[_do_login] clicked login button: button:has-text("đăng nhập")
INFO:portal_qr_worker:[_detect_page_state] login_score=0, dashboard_score=3, blank=False, title='Background App'
INFO:portal_qr_worker:[_do_login] Dashboard appeared after login
INFO:portal_qr_worker:[open_portal] Login successful
INFO:portal_qr_worker:[worker] Action 'open_portal' result: ok=True, status=PORTAL_LOGIN_SUCCESS
INFO:portal_qr_worker:[worker] Dispatching action='fill_form'
INFO:portal_qr_worker:[fill_form] Starting
INFO:portal_qr_worker:[fill_form] Attached to profile: F:\APPs\storage\portal_browser_profile
INFO:portal_qr_worker:[fill_form] Already logged in, url=http://14.241.251.220:7879/
INFO:portal_qr_worker:[fill_form] Navigating to dashboard: http://14.241.251.220:7879/
INFO:portal_qr_worker:[fill_form] After nav: url=http://14.241.251.220:7879/, title=Background App
INFO:portal_qr_worker:[fill_form] [C1] Attempting click: button.MuiButtonBase-root
INFO:portal_qr_worker:[fill_form] Clicked: [C1] button.MuiButtonBase-root
INFO:portal_qr_worker:[fill_form] Form found: form
INFO:portal_qr_worker:[fill_form] Form fields dump: [{'tag': 'input', 'name': '', 'id': ':r0:', 'type': 'text', 'placeholder': '', 'label': 'Tài khoản'}, {'tag': 'input', 'name': '', 'id': ':r1:', 'type': 'text', 'placeholder': '', 'label': ''}]
INFO:portal_qr_worker:[fill_form] FILL_TINHTRANG: select attempt 1 failed (Locator.is_visible: Target page, context or browser has been closed)
INFO:portal_qr_worker:[fill_form] FILL_TINHTRANG: select attempt 2 failed (Locator.is_visible: Target page, context or browser has been closed)
INFO:portal_qr_worker:[fill_form] FILL_TINHTRANG: input attempt 1 failed (Locator.is_visible: Target page, context or browser has been closed)
INFO:portal_qr_worker:[fill_form] FILL_TINHTRANG: input attempt 2 failed (Locator.is_visible: Target page, context or browser has been closed)
INFO:portal_qr_worker:[fill_form] FILL_TINHTRANG: textarea attempt 1 failed (Locator.is_visible: Target page, context or browser has been closed)
INFO:portal_qr_worker:[fill_form] FILL_TINHTRANG: textarea attempt 2 failed (Locator.is_visible: Target page, context or browser has been closed)
WARNING:portal_qr_worker:[fill_form] FILL_TINHTRANG: ALL_ATTEMPTS_FAILED
INFO:portal_qr_worker:[fill_form] FILL_LINHVUC: select attempt 1 failed (Locator.is_visible: Target page, context or browser has been closed)
INFO:portal_qr_worker:[fill_form] FILL_LINHVUC: select attempt 2 failed (Locator.is_visible: Target page, context or browser has been closed)
INFO:portal_qr_worker:[fill_form] FILL_LINHVUC: input attempt 1 failed (Locator.is_visible: Target page, context or browser has been closed)
INFO:portal_qr_worker:[fill_form] FILL_LINHVUC: input attempt 2 failed (Locator.is_visible: Target page, context or browser has been closed)
INFO:portal_qr_worker:[fill_form] FILL_LINHVUC: textarea attempt 1 failed (Locator.is_visible: Target page, context or browser has been closed)
INFO:portal_qr_worker:[fill_form] FILL_LINHVUC: textarea attempt 2 failed (Locator.is_visible: Target page, context or browser has been closed)
WARNING:portal_qr_worker:[fill_form] FILL_LINHVUC: ALL_ATTEMPTS_FAILED
INFO:portal_qr_worker:[fill_form] FILL_SOHD: select attempt 1 failed (Locator.is_visible: Target page, context or browser has been closed)
INFO:portal_qr_worker:[fill_form] FILL_SOHD: select attempt 2 failed (Locator.is_visible: Target page, context or browser has been closed)
INFO:portal_qr_worker:[fill_form] FILL_SOHD: input attempt 1 failed (Locator.is_visible: Target page, context or browser has been closed)
INFO:portal_qr_worker:[fill_form] FILL_SOHD: input attempt 2 failed (Locator.is_visible: Target page, context or browser has been closed)
INFO:portal_qr_worker:[fill_form] FILL_SOHD: textarea attempt 1 failed (Locator.is_visible: Target page, context or browser has been closed)
INFO:portal_qr_worker:[fill_form] FILL_SOHD: textarea attempt 2 failed (Locator.is_visible: Target page, context or browser has been closed)
WARNING:portal_qr_worker:[fill_form] FILL_SOHD: ALL_ATTEMPTS_FAILED
INFO:portal_qr_worker:[fill_form] FILL_SOGCN: select attempt 1 failed (Locator.is_visible: Target page, context or browser has been closed)
INFO:portal_qr_worker:[fill_form] FILL_SOGCN: select attempt 2 failed (Locator.is_visible: Target page, context or browser has been closed)
INFO:portal_qr_worker:[fill_form] FILL_SOGCN: input attempt 1 failed (Locator.is_visible: Target page, context or browser has been closed)
INFO:portal_qr_worker:[fill_form] FILL_SOGCN: input attempt 2 failed (Locator.is_visible: Target page, context or browser has been closed)
INFO:portal_qr_worker:[fill_form] FILL_SOGCN: textarea attempt 1 failed (Locator.is_visible: Target page, context or browser has been closed)
INFO:portal_qr_worker:[fill_form] FILL_SOGCN: textarea attempt 2 failed (Locator.is_visible: Target page, context or browser has been closed)
WARNING:portal_qr_worker:[fill_form] FILL_SOGCN: ALL_ATTEMPTS_FAILED
INFO:portal_qr_worker:[fill_form] FILL_NGAYINCERT: select attempt 1 failed (Locator.is_visible: Target page, context or browser has been closed)
INFO:portal_qr_worker:[fill_form] FILL_NGAYINCERT: select attempt 2 failed (Locator.is_visible: Target page, context or browser has been closed)
INFO:portal_qr_worker:[fill_form] FILL_NGAYINCERT: input attempt 1 failed (Locator.is_visible: Target page, context or browser has been closed)
INFO:portal_qr_worker:[fill_form] FILL_NGAYINCERT: input attempt 2 failed (Locator.is_visible: Target page, context or browser has been closed)
INFO:portal_qr_worker:[fill_form] FILL_NGAYINCERT: textarea attempt 1 failed (Locator.is_visible: Target page, context or browser has been closed)
INFO:portal_qr_worker:[fill_form] FILL_NGAYINCERT: textarea attempt 2 failed (Locator.is_visible: Target page, context or browser has been closed)
WARNING:portal_qr_worker:[fill_form] FILL_NGAYINCERT: ALL_ATTEMPTS_FAILED
INFO:portal_qr_worker:[fill_form] FILL_NGAYBATDAU: select attempt 1 failed (Locator.is_visible: Target page, context or browser has been closed)
INFO:portal_qr_worker:[fill_form] FILL_NGAYBATDAU: select attempt 2 failed (Locator.is_visible: Target page, context or browser has been closed)
INFO:portal_qr_worker:[fill_form] FILL_NGAYBATDAU: input attempt 1 failed (Locator.is_visible: Target page, context or browser has been closed)
INFO:portal_qr_worker:[fill_form] FILL_NGAYBATDAU: input attempt 2 failed (Locator.is_visible: Target page, context or browser has been closed)
INFO:portal_qr_worker:[fill_form] FILL_NGAYBATDAU: textarea attempt 1 failed (Locator.is_visible: Target page, context or browser has been closed)
INFO:portal_qr_worker:[fill_form] FILL_NGAYBATDAU: textarea attempt 2 failed (Locator.is_visible: Target page, context or browser has been closed)
WARNING:portal_qr_worker:[fill_form] FILL_NGAYBATDAU: ALL_ATTEMPTS_FAILED
INFO:portal_qr_worker:[fill_form] FILL_NGAYKETTHUC: select attempt 1 failed (Locator.is_visible: Target page, context or browser has been closed)
INFO:portal_qr_worker:[fill_form] FILL_NGAYKETTHUC: select attempt 2 failed (Locator.is_visible: Target page, context or browser has been closed)
INFO:portal_qr_worker:[fill_form] FILL_NGAYKETTHUC: input attempt 1 failed (Locator.is_visible: Target page, context or browser has been closed)
INFO:portal_qr_worker:[fill_form] FILL_NGAYKETTHUC: input attempt 2 failed (Locator.is_visible: Target page, context or browser has been closed)
INFO:portal_qr_worker:[fill_form] FILL_NGAYKETTHUC: textarea attempt 1 failed (Locator.is_visible: Target page, context or browser has been closed)
INFO:portal_qr_worker:[fill_form] FILL_NGAYKETTHUC: textarea attempt 2 failed (Locator.is_visible: Target page, context or browser has been closed)
WARNING:portal_qr_worker:[fill_form] FILL_NGAYKETTHUC: ALL_ATTEMPTS_FAILED
INFO:portal_qr_worker:[fill_form] FILL_TENDONVI: select attempt 1 failed (Locator.is_visible: Target page, context or browser has been closed)
INFO:portal_qr_worker:[fill_form] FILL_TENDONVI: select attempt 2 failed (Locator.is_visible: Target page, context or browser has been closed)
INFO:portal_qr_worker:[fill_form] FILL_TENDONVI: input attempt 1 failed (Locator.is_visible: Target page, context or browser has been closed)
INFO:portal_qr_worker:[fill_form] FILL_TENDONVI: input attempt 2 failed (Locator.is_visible: Target page, context or browser has been closed)
INFO:portal_qr_worker:[fill_form] FILL_TENDONVI: textarea attempt 1 failed (Locator.is_visible: Target page, context or browser has been closed)
INFO:portal_qr_worker:[fill_form] FILL_TENDONVI: textarea attempt 2 failed (Locator.is_visible: Target page, context or browser has been closed)
WARNING:portal_qr_worker:[fill_form] FILL_TENDONVI: ALL_ATTEMPTS_FAILED
INFO:portal_qr_worker:[fill_form] FILL_DIACHI: select attempt 1 failed (Locator.is_visible: Target page, context or browser has been closed)
INFO:portal_qr_worker:[fill_form] FILL_DIACHI: select attempt 2 failed (Locator.is_visible: Target page, context or browser has been closed)
INFO:portal_qr_worker:[fill_form] FILL_DIACHI: input attempt 1 failed (Locator.is_visible: Target page, context or browser has been closed)
INFO:portal_qr_worker:[fill_form] FILL_DIACHI: input attempt 2 failed (Locator.is_visible: Target page, context or browser has been closed)
INFO:portal_qr_worker:[fill_form] FILL_DIACHI: textarea attempt 1 failed (Locator.is_visible: Target page, context or browser has been closed)
INFO:portal_qr_worker:[fill_form] FILL_DIACHI: textarea attempt 2 failed (Locator.is_visible: Target page, context or browser has been closed)
WARNING:portal_qr_worker:[fill_form] FILL_DIACHI: ALL_ATTEMPTS_FAILED
INFO:portal_qr_worker:[fill_form] FILL_BANGHIEU: select attempt 1 failed (Locator.is_visible: Target page, context or browser has been closed)
INFO:portal_qr_worker:[fill_form] FILL_BANGHIEU: select attempt 2 failed (Locator.is_visible: Target page, context or browser has been closed)
INFO:portal_qr_worker:[fill_form] FILL_BANGHIEU: input attempt 1 failed (Locator.is_visible: Target page, context or browser has been closed)
INFO:portal_qr_worker:[fill_form] FILL_BANGHIEU: input attempt 2 failed (Locator.is_visible: Target page, context or browser has been closed)
INFO:portal_qr_worker:[fill_form] FILL_BANGHIEU: textarea attempt 1 failed (Locator.is_visible: Target page, context or browser has been closed)
INFO:portal_qr_worker:[fill_form] FILL_BANGHIEU: textarea attempt 2 failed (Locator.is_visible: Target page, context or browser has been closed)
WARNING:portal_qr_worker:[fill_form] FILL_BANGHIEU: ALL_ATTEMPTS_FAILED
INFO:portal_qr_worker:[fill_form] FILL_DIACHIKD: select attempt 1 failed (Locator.is_visible: Target page, context or browser has been closed)
INFO:portal_qr_worker:[fill_form] FILL_DIACHIKD: select attempt 2 failed (Locator.is_visible: Target page, context or browser has been closed)
INFO:portal_qr_worker:[fill_form] FILL_DIACHIKD: input attempt 1 failed (Locator.is_visible: Target page, context or browser has been closed)
INFO:portal_qr_worker:[fill_form] FILL_DIACHIKD: input attempt 2 failed (Locator.is_visible: Target page, context or browser has been closed)
INFO:portal_qr_worker:[fill_form] FILL_DIACHIKD: textarea attempt 1 failed (Locator.is_visible: Target page, context or browser has been closed)
INFO:portal_qr_worker:[fill_form] FILL_DIACHIKD: textarea attempt 2 failed (Locator.is_visible: Target page, context or browser has been closed)
WARNING:portal_qr_worker:[fill_form] FILL_DIACHIKD: ALL_ATTEMPTS_FAILED
INFO:portal_qr_worker:[fill_form] Fill result: filled=[], failed=['tinhtrang', 'linhvuc', 'sohd', 'sogcn', 'ngayincert', 'ngaybatdau', 'ngayketthuc', 'tendonvi', 'diachi', 'banghieu', 'diachikd']
INFO:portal_qr_worker:[worker] Action 'fill_form' result: ok=False, status=FORM_FILL_ZERO_FIELDS
INFO:portal_qr_worker:[worker] Dispatching action='open_portal'
INFO:portal_qr_worker:[open_portal] Starting
INFO:portal_qr_worker:[open_portal] Browser launched with profile: F:\APPs\storage\portal_browser_profile
INFO:portal_qr_worker:[open_portal] Navigated to root: http://14.241.251.220:7879, url=http://14.241.251.220:7879/
INFO:portal_qr_worker:[_detect_page_state] login_score=4, dashboard_score=0, blank=False, title='Background App'
INFO:portal_qr_worker:[open_portal] Page state: login, url=http://14.241.251.220:7879/
INFO:portal_qr_worker:[open_portal] Login page detected, filling credentials
INFO:portal_qr_worker:[_do_login] username filled with selector: input[type="text"]
INFO:portal_qr_worker:[_do_login] password filled with selector: input[type="password"]
INFO:portal_qr_worker:[_do_login] clicked login button: button:has-text("đăng nhập")
INFO:portal_qr_worker:[_detect_page_state] login_score=0, dashboard_score=3, blank=False, title='Background App'
INFO:portal_qr_worker:[_do_login] Dashboard appeared after login
INFO:portal_qr_worker:[open_portal] Login successful
INFO:portal_qr_worker:[worker] Action 'open_portal' result: ok=True, status=PORTAL_LOGIN_SUCCESS
INFO:portal_qr_worker:[worker] Dispatching action='fill_form'
INFO:portal_qr_worker:[fill_form] Starting
INFO:portal_qr_worker:[fill_form] Attached to profile: F:\APPs\storage\portal_browser_profile
INFO:portal_qr_worker:[_detect_page_state] login_score=4, dashboard_score=0, blank=False, title='Background App'
INFO:portal_qr_worker:[fill_form] Initial page_state=login, url=http://14.241.251.220:7879/
INFO:portal_qr_worker:[fill_form] On login page — auto-login with user='tuan.dpa'
INFO:portal_qr_worker:[_do_login] username filled with selector: input[type="text"]
INFO:portal_qr_worker:[_do_login] password filled with selector: input[type="password"]
INFO:portal_qr_worker:[_do_login] clicked login button: button:has-text("đăng nhập")
INFO:portal_qr_worker:[_detect_page_state] login_score=0, dashboard_score=3, blank=False, title='Background App'
INFO:portal_qr_worker:[_do_login] Dashboard appeared after login
INFO:portal_qr_worker:[fill_form] Auto-login successful
INFO:portal_qr_worker:[_detect_page_state] login_score=0, dashboard_score=3, blank=False, title='Background App'
INFO:portal_qr_worker:[fill_form] After login: page_state=dashboard, url=http://14.241.251.220:7879/dashboard/content
INFO:portal_qr_worker:[fill_form] Auth confirmed, on dashboard: http://14.241.251.220:7879/dashboard/content
INFO:portal_qr_worker:[fill_form] Navigating to dashboard root: http://14.241.251.220:7879/
INFO:portal_qr_worker:[fill_form] After nav: url=http://14.241.251.220:7879/, title=Background App
INFO:portal_qr_worker:[fill_form] [C1] Attempting click: button.MuiButtonBase-root
INFO:portal_qr_worker:[fill_form] Clicked: [C1] button.MuiButtonBase-root
INFO:portal_qr_worker:[fill_form] Form found: form
INFO:portal_qr_worker:[fill_form] Form fields dump: [{'tag': 'input', 'name': '', 'id': ':r0:', 'type': 'text', 'placeholder': '', 'label': ''}, {'tag': 'input', 'name': 'soGiayChungNhan', 'id': ':r2:', 'type': 'text', 'placeholder': '', 'label': ''}]
INFO:portal_qr_worker:[fill_form] FILL_TINHTRANG: select attempt 1 failed (Locator.is_visible: Target page, context or browser has been closed)
INFO:portal_qr_worker:[fill_form] FILL_TINHTRANG: select attempt 2 failed (Locator.is_visible: Target page, context or browser has been closed)
INFO:portal_qr_worker:[fill_form] FILL_TINHTRANG: input attempt 1 failed (Locator.is_visible: Target page, context or browser has been closed)
INFO:portal_qr_worker:[fill_form] FILL_TINHTRANG: input attempt 2 failed (Locator.is_visible: Target page, context or browser has been closed)
INFO:portal_qr_worker:[fill_form] FILL_TINHTRANG: textarea attempt 1 failed (Locator.is_visible: Target page, context or browser has been closed)
INFO:portal_qr_worker:[fill_form] FILL_TINHTRANG: textarea attempt 2 failed (Locator.is_visible: Target page, context or browser has been closed)
WARNING:portal_qr_worker:[fill_form] FILL_TINHTRANG: ALL_ATTEMPTS_FAILED
INFO:portal_qr_worker:[fill_form] FILL_LINHVUC: select attempt 1 failed (Locator.is_visible: Target page, context or browser has been closed)
INFO:portal_qr_worker:[fill_form] FILL_LINHVUC: select attempt 2 failed (Locator.is_visible: Target page, context or browser has been closed)
INFO:portal_qr_worker:[fill_form] FILL_LINHVUC: input attempt 1 failed (Locator.is_visible: Target page, context or browser has been closed)
INFO:portal_qr_worker:[fill_form] FILL_LINHVUC: input attempt 2 failed (Locator.is_visible: Target page, context or browser has been closed)
INFO:portal_qr_worker:[fill_form] FILL_LINHVUC: textarea attempt 1 failed (Locator.is_visible: Target page, context or browser has been closed)
INFO:portal_qr_worker:[fill_form] FILL_LINHVUC: textarea attempt 2 failed (Locator.is_visible: Target page, context or browser has been closed)
WARNING:portal_qr_worker:[fill_form] FILL_LINHVUC: ALL_ATTEMPTS_FAILED
INFO:portal_qr_worker:[fill_form] FILL_SOHD: select attempt 1 failed (Locator.is_visible: Target page, context or browser has been closed)
INFO:portal_qr_worker:[fill_form] FILL_SOHD: select attempt 2 failed (Locator.is_visible: Target page, context or browser has been closed)
INFO:portal_qr_worker:[fill_form] FILL_SOHD: input attempt 1 failed (Locator.is_visible: Target page, context or browser has been closed)
INFO:portal_qr_worker:[fill_form] FILL_SOHD: input attempt 2 failed (Locator.is_visible: Target page, context or browser has been closed)
INFO:portal_qr_worker:[fill_form] FILL_SOHD: textarea attempt 1 failed (Locator.is_visible: Target page, context or browser has been closed)
INFO:portal_qr_worker:[fill_form] FILL_SOHD: textarea attempt 2 failed (Locator.is_visible: Target page, context or browser has been closed)
WARNING:portal_qr_worker:[fill_form] FILL_SOHD: ALL_ATTEMPTS_FAILED
INFO:portal_qr_worker:[fill_form] FILL_SOGCN: select attempt 1 failed (Locator.is_visible: Target page, context or browser has been closed)
INFO:portal_qr_worker:[fill_form] FILL_SOGCN: select attempt 2 failed (Locator.is_visible: Target page, context or browser has been closed)
INFO:portal_qr_worker:[fill_form] FILL_SOGCN: input attempt 1 failed (Locator.is_visible: Target page, context or browser has been closed)
INFO:portal_qr_worker:[fill_form] FILL_SOGCN: input attempt 2 failed (Locator.is_visible: Target page, context or browser has been closed)
INFO:portal_qr_worker:[fill_form] FILL_SOGCN: textarea attempt 1 failed (Locator.is_visible: Target page, context or browser has been closed)
INFO:portal_qr_worker:[fill_form] FILL_SOGCN: textarea attempt 2 failed (Locator.is_visible: Target page, context or browser has been closed)
WARNING:portal_qr_worker:[fill_form] FILL_SOGCN: ALL_ATTEMPTS_FAILED
INFO:portal_qr_worker:[fill_form] FILL_NGAYINCERT: select attempt 1 failed (Locator.is_visible: Target page, context or browser has been closed)
INFO:portal_qr_worker:[fill_form] FILL_NGAYINCERT: select attempt 2 failed (Locator.is_visible: Target page, context or browser has been closed)
INFO:portal_qr_worker:[fill_form] FILL_NGAYINCERT: input attempt 1 failed (Locator.is_visible: Target page, context or browser has been closed)
INFO:portal_qr_worker:[fill_form] FILL_NGAYINCERT: input attempt 2 failed (Locator.is_visible: Target page, context or browser has been closed)
INFO:portal_qr_worker:[fill_form] FILL_NGAYINCERT: textarea attempt 1 failed (Locator.is_visible: Target page, context or browser has been closed)
INFO:portal_qr_worker:[fill_form] FILL_NGAYINCERT: textarea attempt 2 failed (Locator.is_visible: Target page, context or browser has been closed)
WARNING:portal_qr_worker:[fill_form] FILL_NGAYINCERT: ALL_ATTEMPTS_FAILED
INFO:portal_qr_worker:[fill_form] FILL_NGAYBATDAU: select attempt 1 failed (Locator.is_visible: Target page, context or browser has been closed)
INFO:portal_qr_worker:[fill_form] FILL_NGAYBATDAU: select attempt 2 failed (Locator.is_visible: Target page, context or browser has been closed)
INFO:portal_qr_worker:[fill_form] FILL_NGAYBATDAU: input attempt 1 failed (Locator.is_visible: Target page, context or browser has been closed)
INFO:portal_qr_worker:[fill_form] FILL_NGAYBATDAU: input attempt 2 failed (Locator.is_visible: Target page, context or browser has been closed)
INFO:portal_qr_worker:[fill_form] FILL_NGAYBATDAU: textarea attempt 1 failed (Locator.is_visible: Target page, context or browser has been closed)
INFO:portal_qr_worker:[fill_form] FILL_NGAYBATDAU: textarea attempt 2 failed (Locator.is_visible: Target page, context or browser has been closed)
WARNING:portal_qr_worker:[fill_form] FILL_NGAYBATDAU: ALL_ATTEMPTS_FAILED
INFO:portal_qr_worker:[fill_form] FILL_NGAYKETTHUC: select attempt 1 failed (Locator.is_visible: Target page, context or browser has been closed)
INFO:portal_qr_worker:[fill_form] FILL_NGAYKETTHUC: select attempt 2 failed (Locator.is_visible: Target page, context or browser has been closed)
INFO:portal_qr_worker:[fill_form] FILL_NGAYKETTHUC: input attempt 1 failed (Locator.is_visible: Target page, context or browser has been closed)
INFO:portal_qr_worker:[fill_form] FILL_NGAYKETTHUC: input attempt 2 failed (Locator.is_visible: Target page, context or browser has been closed)
INFO:portal_qr_worker:[fill_form] FILL_NGAYKETTHUC: textarea attempt 1 failed (Locator.is_visible: Target page, context or browser has been closed)
INFO:portal_qr_worker:[fill_form] FILL_NGAYKETTHUC: textarea attempt 2 failed (Locator.is_visible: Target page, context or browser has been closed)
WARNING:portal_qr_worker:[fill_form] FILL_NGAYKETTHUC: ALL_ATTEMPTS_FAILED
INFO:portal_qr_worker:[fill_form] FILL_TENDONVI: select attempt 1 failed (Locator.is_visible: Target page, context or browser has been closed)
INFO:portal_qr_worker:[fill_form] FILL_TENDONVI: select attempt 2 failed (Locator.is_visible: Target page, context or browser has been closed)
INFO:portal_qr_worker:[fill_form] FILL_TENDONVI: input attempt 1 failed (Locator.is_visible: Target page, context or browser has been closed)
INFO:portal_qr_worker:[fill_form] FILL_TENDONVI: input attempt 2 failed (Locator.is_visible: Target page, context or browser has been closed)
INFO:portal_qr_worker:[fill_form] FILL_TENDONVI: textarea attempt 1 failed (Locator.is_visible: Target page, context or browser has been closed)
INFO:portal_qr_worker:[fill_form] FILL_TENDONVI: textarea attempt 2 failed (Locator.is_visible: Target page, context or browser has been closed)
WARNING:portal_qr_worker:[fill_form] FILL_TENDONVI: ALL_ATTEMPTS_FAILED
INFO:portal_qr_worker:[fill_form] FILL_DIACHI: select attempt 1 failed (Locator.is_visible: Target page, context or browser has been closed)
INFO:portal_qr_worker:[fill_form] FILL_DIACHI: select attempt 2 failed (Locator.is_visible: Target page, context or browser has been closed)
INFO:portal_qr_worker:[fill_form] FILL_DIACHI: input attempt 1 failed (Locator.is_visible: Target page, context or browser has been closed)
INFO:portal_qr_worker:[fill_form] FILL_DIACHI: input attempt 2 failed (Locator.is_visible: Target page, context or browser has been closed)
INFO:portal_qr_worker:[fill_form] FILL_DIACHI: textarea attempt 1 failed (Locator.is_visible: Target page, context or browser has been closed)
INFO:portal_qr_worker:[fill_form] FILL_DIACHI: textarea attempt 2 failed (Locator.is_visible: Target page, context or browser has been closed)
WARNING:portal_qr_worker:[fill_form] FILL_DIACHI: ALL_ATTEMPTS_FAILED
INFO:portal_qr_worker:[fill_form] FILL_BANGHIEU: select attempt 1 failed (Locator.is_visible: Target page, context or browser has been closed)
INFO:portal_qr_worker:[fill_form] FILL_BANGHIEU: select attempt 2 failed (Locator.is_visible: Target page, context or browser has been closed)
INFO:portal_qr_worker:[fill_form] FILL_BANGHIEU: input attempt 1 failed (Locator.is_visible: Target page, context or browser has been closed)
INFO:portal_qr_worker:[fill_form] FILL_BANGHIEU: input attempt 2 failed (Locator.is_visible: Target page, context or browser has been closed)
INFO:portal_qr_worker:[fill_form] FILL_BANGHIEU: textarea attempt 1 failed (Locator.is_visible: Target page, context or browser has been closed)
INFO:portal_qr_worker:[fill_form] FILL_BANGHIEU: textarea attempt 2 failed (Locator.is_visible: Target page, context or browser has been closed)
WARNING:portal_qr_worker:[fill_form] FILL_BANGHIEU: ALL_ATTEMPTS_FAILED
INFO:portal_qr_worker:[fill_form] FILL_DIACHIKD: select attempt 1 failed (Locator.is_visible: Target page, context or browser has been closed)
INFO:portal_qr_worker:[fill_form] FILL_DIACHIKD: select attempt 2 failed (Locator.is_visible: Target page, context or browser has been closed)
INFO:portal_qr_worker:[fill_form] FILL_DIACHIKD: input attempt 1 failed (Locator.is_visible: Target page, context or browser has been closed)
INFO:portal_qr_worker:[fill_form] FILL_DIACHIKD: input attempt 2 failed (Locator.is_visible: Target page, context or browser has been closed)
INFO:portal_qr_worker:[fill_form] FILL_DIACHIKD: textarea attempt 1 failed (Locator.is_visible: Target page, context or browser has been closed)
INFO:portal_qr_worker:[fill_form] FILL_DIACHIKD: textarea attempt 2 failed (Locator.is_visible: Target page, context or browser has been closed)
WARNING:portal_qr_worker:[fill_form] FILL_DIACHIKD: ALL_ATTEMPTS_FAILED
INFO:portal_qr_worker:[fill_form] Fill result: filled=[], failed=['tinhtrang', 'linhvuc', 'sohd', 'sogcn', 'ngayincert', 'ngaybatdau', 'ngayketthuc', 'tendonvi', 'diachi', 'banghieu', 'diachikd']
INFO:portal_qr_worker:[worker] Action 'fill_form' result: ok=False, status=FORM_FILL_ZERO_FIELDS
INFO:portal_qr_worker:[worker] Dispatching action='open_portal'
INFO:portal_qr_worker:[open_portal] Starting
INFO:portal_qr_worker:[open_portal] Browser launched with profile: F:\APPs\storage\portal_browser_profile
INFO:portal_qr_worker:[open_portal] Navigated to root: http://14.241.251.220:7879, url=http://14.241.251.220:7879/
INFO:portal_qr_worker:[_detect_page_state] login_score=4, dashboard_score=0, blank=False, title='Background App'
INFO:portal_qr_worker:[open_portal] Page state: login, url=http://14.241.251.220:7879/
INFO:portal_qr_worker:[open_portal] Login page detected, filling credentials
INFO:portal_qr_worker:[_do_login] username filled with selector: input[type="text"]
INFO:portal_qr_worker:[_do_login] password filled with selector: input[type="password"]
INFO:portal_qr_worker:[_do_login] clicked login button: button:has-text("đăng nhập")
INFO:portal_qr_worker:[_detect_page_state] login_score=0, dashboard_score=3, blank=False, title='Background App'
INFO:portal_qr_worker:[_do_login] Dashboard appeared after login
INFO:portal_qr_worker:[open_portal] Login successful
INFO:portal_qr_worker:[worker] Action 'open_portal' result: ok=True, status=PORTAL_LOGIN_SUCCESS
INFO:portal_qr_worker:[worker] Dispatching action='fill_form'
INFO:portal_qr_worker:[fill_form] Starting
INFO:portal_qr_worker:[ProfileLock] Acquired by PID=14060 action='fill_form'
INFO:portal_qr_worker:[fill_form] Attached to profile: F:\APPs\storage\portal_browser_profile
INFO:portal_qr_worker:[_detect_page_state] login_score=4, dashboard_score=0, blank=False, title='Background App'
INFO:portal_qr_worker:[fill_form] page_state=login, url=http://14.241.251.220:7879/, attempt=1
INFO:portal_qr_worker:[fill_form] On login page — auto-login attempt 1/2
INFO:portal_qr_worker:[_do_login] username filled with selector: input[type="text"]
INFO:portal_qr_worker:[_do_login] password filled with selector: input[type="password"]
INFO:portal_qr_worker:[_do_login] clicked login button: button:has-text("đăng nhập")
INFO:portal_qr_worker:[_detect_page_state] login_score=0, dashboard_score=3, blank=False, title='Background App'
INFO:portal_qr_worker:[_do_login] Dashboard appeared after login
INFO:portal_qr_worker:[_detect_page_state] login_score=0, dashboard_score=3, blank=False, title='Background App'
INFO:portal_qr_worker:[fill_form] After login: page_state=dashboard, url=http://14.241.251.220:7879/dashboard/content
INFO:portal_qr_worker:[fill_form] Navigating to dashboard root: http://14.241.251.220:7879/
INFO:portal_qr_worker:[fill_form] After nav: url=http://14.241.251.220:7879/, title=Background App
INFO:portal_qr_worker:[fill_form] [C1] Attempting click: button.MuiButtonBase-root
INFO:portal_qr_worker:[fill_form] Clicked: [C1] button.MuiButtonBase-root
INFO:portal_qr_worker:[fill_form] Form found: form
INFO:portal_qr_worker:[fill_form] Form fields: [{'tag': 'input', 'name': '', 'id': ':r0:', 'type': 'text', 'placeholder': '', 'label': ''}]
INFO:portal_qr_worker:[fill_form] FILL_TINHTRANG: select attempt 1 failed (Locator.is_visible: Target page, context or browser has been closed)
INFO:portal_qr_worker:[fill_form] FILL_TINHTRANG: select attempt 2 failed (Locator.is_visible: Target page, context or browser has been closed)
INFO:portal_qr_worker:[fill_form] FILL_TINHTRANG: input attempt 1 failed (Locator.is_visible: Target page, context or browser has been closed)
INFO:portal_qr_worker:[fill_form] FILL_TINHTRANG: input attempt 2 failed (Locator.is_visible: Target page, context or browser has been closed)
INFO:portal_qr_worker:[fill_form] FILL_TINHTRANG: textarea attempt 1 failed (Locator.is_visible: Target page, context or browser has been closed)
INFO:portal_qr_worker:[fill_form] FILL_TINHTRANG: textarea attempt 2 failed (Locator.is_visible: Target page, context or browser has been closed)
WARNING:portal_qr_worker:[fill_form] FILL_TINHTRANG: ALL_ATTEMPTS_FAILED
INFO:portal_qr_worker:[fill_form] FILL_LINHVUC: select attempt 1 failed (Locator.is_visible: Target page, context or browser has been closed)
INFO:portal_qr_worker:[fill_form] FILL_LINHVUC: select attempt 2 failed (Locator.is_visible: Target page, context or browser has been closed)
INFO:portal_qr_worker:[fill_form] FILL_LINHVUC: input attempt 1 failed (Locator.is_visible: Target page, context or browser has been closed)
INFO:portal_qr_worker:[fill_form] FILL_LINHVUC: input attempt 2 failed (Locator.is_visible: Target page, context or browser has been closed)
INFO:portal_qr_worker:[fill_form] FILL_LINHVUC: textarea attempt 1 failed (Locator.is_visible: Target page, context or browser has been closed)
INFO:portal_qr_worker:[fill_form] FILL_LINHVUC: textarea attempt 2 failed (Locator.is_visible: Target page, context or browser has been closed)
WARNING:portal_qr_worker:[fill_form] FILL_LINHVUC: ALL_ATTEMPTS_FAILED
INFO:portal_qr_worker:[fill_form] FILL_SOHD: select attempt 1 failed (Locator.is_visible: Target page, context or browser has been closed)
INFO:portal_qr_worker:[fill_form] FILL_SOHD: select attempt 2 failed (Locator.is_visible: Target page, context or browser has been closed)
INFO:portal_qr_worker:[fill_form] FILL_SOHD: input attempt 1 failed (Locator.is_visible: Target page, context or browser has been closed)
INFO:portal_qr_worker:[fill_form] FILL_SOHD: input attempt 2 failed (Locator.is_visible: Target page, context or browser has been closed)
INFO:portal_qr_worker:[fill_form] FILL_SOHD: textarea attempt 1 failed (Locator.is_visible: Target page, context or browser has been closed)
INFO:portal_qr_worker:[fill_form] FILL_SOHD: textarea attempt 2 failed (Locator.is_visible: Target page, context or browser has been closed)
WARNING:portal_qr_worker:[fill_form] FILL_SOHD: ALL_ATTEMPTS_FAILED
INFO:portal_qr_worker:[fill_form] FILL_SOGCN: select attempt 1 failed (Locator.is_visible: Target page, context or browser has been closed)
INFO:portal_qr_worker:[fill_form] FILL_SOGCN: select attempt 2 failed (Locator.is_visible: Target page, context or browser has been closed)
INFO:portal_qr_worker:[fill_form] FILL_SOGCN: input attempt 1 failed (Locator.is_visible: Target page, context or browser has been closed)
INFO:portal_qr_worker:[fill_form] FILL_SOGCN: input attempt 2 failed (Locator.is_visible: Target page, context or browser has been closed)
INFO:portal_qr_worker:[fill_form] FILL_SOGCN: textarea attempt 1 failed (Locator.is_visible: Target page, context or browser has been closed)
INFO:portal_qr_worker:[fill_form] FILL_SOGCN: textarea attempt 2 failed (Locator.is_visible: Target page, context or browser has been closed)
WARNING:portal_qr_worker:[fill_form] FILL_SOGCN: ALL_ATTEMPTS_FAILED
INFO:portal_qr_worker:[fill_form] FILL_NGAYINCERT: select attempt 1 failed (Locator.is_visible: Target page, context or browser has been closed)
INFO:portal_qr_worker:[fill_form] FILL_NGAYINCERT: select attempt 2 failed (Locator.is_visible: Target page, context or browser has been closed)
INFO:portal_qr_worker:[fill_form] FILL_NGAYINCERT: input attempt 1 failed (Locator.is_visible: Target page, context or browser has been closed)
INFO:portal_qr_worker:[fill_form] FILL_NGAYINCERT: input attempt 2 failed (Locator.is_visible: Target page, context or browser has been closed)
INFO:portal_qr_worker:[fill_form] FILL_NGAYINCERT: textarea attempt 1 failed (Locator.is_visible: Target page, context or browser has been closed)
INFO:portal_qr_worker:[fill_form] FILL_NGAYINCERT: textarea attempt 2 failed (Locator.is_visible: Target page, context or browser has been closed)
WARNING:portal_qr_worker:[fill_form] FILL_NGAYINCERT: ALL_ATTEMPTS_FAILED
INFO:portal_qr_worker:[fill_form] FILL_NGAYBATDAU: select attempt 1 failed (Locator.is_visible: Target page, context or browser has been closed)
INFO:portal_qr_worker:[fill_form] FILL_NGAYBATDAU: select attempt 2 failed (Locator.is_visible: Target page, context or browser has been closed)
INFO:portal_qr_worker:[fill_form] FILL_NGAYBATDAU: input attempt 1 failed (Locator.is_visible: Target page, context or browser has been closed)
INFO:portal_qr_worker:[fill_form] FILL_NGAYBATDAU: input attempt 2 failed (Locator.is_visible: Target page, context or browser has been closed)
INFO:portal_qr_worker:[fill_form] FILL_NGAYBATDAU: textarea attempt 1 failed (Locator.is_visible: Target page, context or browser has been closed)
INFO:portal_qr_worker:[fill_form] FILL_NGAYBATDAU: textarea attempt 2 failed (Locator.is_visible: Target page, context or browser has been closed)
WARNING:portal_qr_worker:[fill_form] FILL_NGAYBATDAU: ALL_ATTEMPTS_FAILED
INFO:portal_qr_worker:[fill_form] FILL_NGAYKETTHUC: select attempt 1 failed (Locator.is_visible: Target page, context or browser has been closed)
INFO:portal_qr_worker:[fill_form] FILL_NGAYKETTHUC: select attempt 2 failed (Locator.is_visible: Target page, context or browser has been closed)
INFO:portal_qr_worker:[fill_form] FILL_NGAYKETTHUC: input attempt 1 failed (Locator.is_visible: Target page, context or browser has been closed)
INFO:portal_qr_worker:[fill_form] FILL_NGAYKETTHUC: input attempt 2 failed (Locator.is_visible: Target page, context or browser has been closed)
INFO:portal_qr_worker:[fill_form] FILL_NGAYKETTHUC: textarea attempt 1 failed (Locator.is_visible: Target page, context or browser has been closed)
INFO:portal_qr_worker:[fill_form] FILL_NGAYKETTHUC: textarea attempt 2 failed (Locator.is_visible: Target page, context or browser has been closed)
WARNING:portal_qr_worker:[fill_form] FILL_NGAYKETTHUC: ALL_ATTEMPTS_FAILED
INFO:portal_qr_worker:[fill_form] FILL_TENDONVI: select attempt 1 failed (Locator.is_visible: Target page, context or browser has been closed)
INFO:portal_qr_worker:[fill_form] FILL_TENDONVI: select attempt 2 failed (Locator.is_visible: Target page, context or browser has been closed)
INFO:portal_qr_worker:[fill_form] FILL_TENDONVI: input attempt 1 failed (Locator.is_visible: Target page, context or browser has been closed)
INFO:portal_qr_worker:[fill_form] FILL_TENDONVI: input attempt 2 failed (Locator.is_visible: Target page, context or browser has been closed)
INFO:portal_qr_worker:[fill_form] FILL_TENDONVI: textarea attempt 1 failed (Locator.is_visible: Target page, context or browser has been closed)
INFO:portal_qr_worker:[fill_form] FILL_TENDONVI: textarea attempt 2 failed (Locator.is_visible: Target page, context or browser has been closed)
WARNING:portal_qr_worker:[fill_form] FILL_TENDONVI: ALL_ATTEMPTS_FAILED
INFO:portal_qr_worker:[fill_form] FILL_DIACHI: select attempt 1 failed (Locator.is_visible: Target page, context or browser has been closed)
INFO:portal_qr_worker:[fill_form] FILL_DIACHI: select attempt 2 failed (Locator.is_visible: Target page, context or browser has been closed)
INFO:portal_qr_worker:[fill_form] FILL_DIACHI: input attempt 1 failed (Locator.is_visible: Target page, context or browser has been closed)
INFO:portal_qr_worker:[fill_form] FILL_DIACHI: input attempt 2 failed (Locator.is_visible: Target page, context or browser has been closed)
INFO:portal_qr_worker:[fill_form] FILL_DIACHI: textarea attempt 1 failed (Locator.is_visible: Target page, context or browser has been closed)
INFO:portal_qr_worker:[fill_form] FILL_DIACHI: textarea attempt 2 failed (Locator.is_visible: Target page, context or browser has been closed)
WARNING:portal_qr_worker:[fill_form] FILL_DIACHI: ALL_ATTEMPTS_FAILED
INFO:portal_qr_worker:[fill_form] FILL_BANGHIEU: select attempt 1 failed (Locator.is_visible: Target page, context or browser has been closed)
INFO:portal_qr_worker:[fill_form] FILL_BANGHIEU: select attempt 2 failed (Locator.is_visible: Target page, context or browser has been closed)
INFO:portal_qr_worker:[fill_form] FILL_BANGHIEU: input attempt 1 failed (Locator.is_visible: Target page, context or browser has been closed)
INFO:portal_qr_worker:[fill_form] FILL_BANGHIEU: input attempt 2 failed (Locator.is_visible: Target page, context or browser has been closed)
INFO:portal_qr_worker:[fill_form] FILL_BANGHIEU: textarea attempt 1 failed (Locator.is_visible: Target page, context or browser has been closed)
INFO:portal_qr_worker:[fill_form] FILL_BANGHIEU: textarea attempt 2 failed (Locator.is_visible: Target page, context or browser has been closed)
WARNING:portal_qr_worker:[fill_form] FILL_BANGHIEU: ALL_ATTEMPTS_FAILED
INFO:portal_qr_worker:[fill_form] FILL_DIACHIKD: select attempt 1 failed (Locator.is_visible: Target page, context or browser has been closed)
INFO:portal_qr_worker:[fill_form] FILL_DIACHIKD: select attempt 2 failed (Locator.is_visible: Target page, context or browser has been closed)
INFO:portal_qr_worker:[fill_form] FILL_DIACHIKD: input attempt 1 failed (Locator.is_visible: Target page, context or browser has been closed)
INFO:portal_qr_worker:[fill_form] FILL_DIACHIKD: input attempt 2 failed (Locator.is_visible: Target page, context or browser has been closed)
INFO:portal_qr_worker:[fill_form] FILL_DIACHIKD: textarea attempt 1 failed (Locator.is_visible: Target page, context or browser has been closed)
INFO:portal_qr_worker:[fill_form] FILL_DIACHIKD: textarea attempt 2 failed (Locator.is_visible: Target page, context or browser has been closed)
WARNING:portal_qr_worker:[fill_form] FILL_DIACHIKD: ALL_ATTEMPTS_FAILED
INFO:portal_qr_worker:[fill_form] Fill result: filled=[], failed=['tinhtrang', 'linhvuc', 'sohd', 'sogcn', 'ngayincert', 'ngaybatdau', 'ngayketthuc', 'tendonvi', 'diachi', 'banghieu', 'diachikd']
INFO:portal_qr_worker:[ProfileLock] Released by PID=14060
INFO:portal_qr_worker:[worker] Action 'fill_form' result: ok=False, status=FORM_FILL_ZERO_FIELDS
INFO:portal_qr_worker:[worker] Dispatching action='open_portal'
INFO:portal_qr_worker:[open_portal] Starting
INFO:portal_qr_worker:[open_portal] Browser launched with profile: F:\APPs\storage\portal_browser_profile
INFO:portal_qr_worker:[open_portal] Navigated to root: http://14.241.251.220:7879, url=http://14.241.251.220:7879/
INFO:portal_qr_worker:[_detect_page_state] login_score=4, dashboard_score=0, blank=False, title='Background App'
INFO:portal_qr_worker:[open_portal] Page state: login, url=http://14.241.251.220:7879/
INFO:portal_qr_worker:[open_portal] Login page detected, filling credentials
INFO:portal_qr_worker:[_do_login] username filled with selector: input[type="text"]
INFO:portal_qr_worker:[_do_login] password filled with selector: input[type="password"]
INFO:portal_qr_worker:[_do_login] clicked login button: button:has-text("đăng nhập")
INFO:portal_qr_worker:[_detect_page_state] login_score=0, dashboard_score=3, blank=False, title='Background App'
INFO:portal_qr_worker:[_do_login] Dashboard appeared after login
INFO:portal_qr_worker:[open_portal] Login successful
INFO:portal_qr_worker:[worker] Action 'open_portal' result: ok=True, status=PORTAL_LOGIN_SUCCESS
INFO:portal_qr_worker:[worker] Dispatching action='fill_form'
INFO:portal_qr_worker:[fill_form] Starting
INFO:portal_qr_worker:[ProfileLock] Acquired by PID=37136 action='fill_form'
INFO:portal_qr_worker:[fill_form] Attached to profile: F:\APPs\storage\portal_browser_profile
INFO:portal_qr_worker:[_detect_page_state] login_score=4, dashboard_score=0, blank=False, title='Background App'
INFO:portal_qr_worker:[fill_form] page_state=login, url=http://14.241.251.220:7879/, attempt=1
INFO:portal_qr_worker:[fill_form] On login page — auto-login attempt 1/2
INFO:portal_qr_worker:[_do_login] username filled with selector: input[type="text"]
INFO:portal_qr_worker:[_do_login] password filled with selector: input[type="password"]
INFO:portal_qr_worker:[_do_login] clicked login button: button:has-text("đăng nhập")
INFO:portal_qr_worker:[_detect_page_state] login_score=0, dashboard_score=3, blank=False, title='Background App'
INFO:portal_qr_worker:[_do_login] Dashboard appeared after login
INFO:portal_qr_worker:[_detect_page_state] login_score=0, dashboard_score=3, blank=False, title='Background App'
INFO:portal_qr_worker:[fill_form] After login: page_state=dashboard, url=http://14.241.251.220:7879/dashboard/content
INFO:portal_qr_worker:[fill_form] Navigating to dashboard root: http://14.241.251.220:7879/
INFO:portal_qr_worker:[fill_form] After nav: url=http://14.241.251.220:7879/, title=Background App
INFO:portal_qr_worker:[fill_form] [C1] Attempting click: button.MuiButtonBase-root
INFO:portal_qr_worker:[fill_form] Clicked: [C1] button.MuiButtonBase-root
INFO:portal_qr_worker:[fill_form] Form found: form
INFO:portal_qr_worker:[fill_form] Form fields: [{'tag': 'input', 'name': '', 'id': ':r0:', 'type': 'text', 'placeholder': '', 'label': 'Tài khoản'}, {'tag': 'input', 'name': 'showPassword', 'id': '', 'type': 'checkbox', 'placeholder': '', 'label': ''}]
WARNING:portal_qr_worker:[fill_form] Detected LOGIN form!
INFO:portal_qr_worker:[ProfileLock] Released by PID=37136
INFO:portal_qr_worker:[worker] Action 'fill_form' result: ok=False, status=LOGIN_PAGE_DETECTED
INFO:portal_qr_worker:[_ensure_browser] Starting Chrome: C:\Program Files\Google\Chrome\Application\chrome.exe
INFO:portal_qr_worker:[_ensure_browser] Starting Chrome: C:\Program Files\Google\Chrome\Application\chrome.exe
INFO:portal_qr_worker:[_ensure_browser] Starting Chrome: C:\Program Files\Google\Chrome\Application\chrome.exe
INFO:portal_qr_worker:[_ensure_browser] Chrome started, WS URL: ws://127.0.0.1:9222/devtools/browser/7b5dc994-0e03-401a-b635-680591cea5ab
INFO:portal_qr_worker:[_ensure_browser] Reusing existing browser, WS URL: ws://127.0.0.1:9222/devtools/browser/7b5dc994-0e03-401a-b635-680591cea5ab
INFO:portal_qr_worker:[_ensure_browser] Reusing existing browser, WS URL: ws://127.0.0.1:9222/devtools/browser/7b5dc994-0e03-401a-b635-680591cea5ab
INFO:portal_qr_worker:[worker] Dispatching action='open_portal'
INFO:portal_qr_worker:[open_portal] Starting
INFO:portal_qr_worker:[_ensure_browser] Starting Chrome: C:\Program Files\Google\Chrome\Application\chrome.exe
INFO:portal_qr_worker:[_ensure_browser] Chrome started, WS URL: ws://127.0.0.1:9222/devtools/browser/c900fdba-6957-459f-9147-ebf4ad27931e
INFO:portal_qr_worker:[open_portal] Connected to browser, creating page
INFO:portal_qr_worker:[open_portal] URL: http://14.241.251.220:7879/, title: Background App
INFO:portal_qr_worker:[open_portal] page_state=login
INFO:portal_qr_worker:[open_portal] On login page — auto-login
INFO:portal_qr_worker:[_do_login] username filled with selector: input[type="text"]
INFO:portal_qr_worker:[_do_login] password filled with selector: input[type="password"]
INFO:portal_qr_worker:[_do_login] clicked login button: button:has-text("đăng nhập")
INFO:portal_qr_worker:[_do_login] Dashboard appeared after login
INFO:portal_qr_worker:[open_portal] Login successful
INFO:portal_qr_worker:[open_portal] Worker done — browser still running
INFO:portal_qr_worker:[worker] Action 'open_portal' result: ok=True, status=PORTAL_LOGIN_SUCCESS
INFO:portal_qr_worker:[worker] Dispatching action='fill_form'
INFO:portal_qr_worker:[fill_form] Starting
INFO:portal_qr_worker:[_ensure_browser] Starting Chrome: C:\Program Files\Google\Chrome\Application\chrome.exe
INFO:portal_qr_worker:[_ensure_browser] Chrome started, WS URL: ws://127.0.0.1:9222/devtools/browser/433235a7-9b7b-4660-95d1-02994d82ad46
INFO:portal_qr_worker:[fill_form] Connected to browser via CDP, ws_url=ws://127.0.0.1:9222/devtools/browser/433235a7-9b7b-4660-95d1-02994d82ad46
INFO:portal_qr_worker:[fill_form] page_state=login, url=http://14.241.251.220:7879/, attempt=1
INFO:portal_qr_worker:[fill_form] On login page — auto-login attempt 1/2
INFO:portal_qr_worker:[_do_login] username filled with selector: input[type="text"]
INFO:portal_qr_worker:[_do_login] password filled with selector: input[type="password"]
INFO:portal_qr_worker:[_do_login] clicked login button: button:has-text("đăng nhập")
INFO:portal_qr_worker:[_do_login] Dashboard appeared after login
INFO:portal_qr_worker:[fill_form] After login: page_state=dashboard, url=http://14.241.251.220:7879/dashboard/content
INFO:portal_qr_worker:[fill_form] Navigating to dashboard root: http://14.241.251.220:7879/
INFO:portal_qr_worker:[fill_form] After nav: url=http://14.241.251.220:7879/, title=Background App
INFO:portal_qr_worker:[fill_form] [C1] Attempting click: button.MuiButtonBase-root
INFO:portal_qr_worker:[fill_form] Clicked: [C1] button.MuiButtonBase-root
INFO:portal_qr_worker:[fill_form] Form found: form
INFO:portal_qr_worker:[fill_form] form_detection: {'ok': False, 'reason': 'LOGIN_FORM_DETECTED', 'fields': [], 'message': 'This is a login form, not the create form.'}
INFO:portal_qr_worker:[worker] Action 'fill_form' result: ok=False, status=CREATE_FORM_NOT_FOUND
INFO:portal_qr_worker:[worker] Dispatching action='open_portal'
INFO:portal_qr_worker:[open_portal] Starting
INFO:portal_qr_worker:[_ensure_browser] Starting Chrome: C:\Program Files\Google\Chrome\Application\chrome.exe
INFO:portal_qr_worker:[_ensure_browser] Chrome started, WS URL: ws://127.0.0.1:9222/devtools/browser/11bcc8ef-cff6-4512-ab6e-769e0ec5ee2e
INFO:portal_qr_worker:[open_portal] Connected to browser, creating page
INFO:portal_qr_worker:[open_portal] URL: http://14.241.251.220:7879/, title: Background App
INFO:portal_qr_worker:[open_portal] page_state=login
INFO:portal_qr_worker:[open_portal] On login page — auto-login
INFO:portal_qr_worker:[_do_login] username filled with selector: input[type="text"]
INFO:portal_qr_worker:[_do_login] password filled with selector: input[type="password"]
INFO:portal_qr_worker:[_do_login] clicked login button: button:has-text("đăng nhập")
INFO:portal_qr_worker:[open_portal] Worker done — browser still running
INFO:portal_qr_worker:[worker] Action 'open_portal' result: ok=False, status=DASHBOARD_NOT_FOUND
INFO:portal_qr_worker:[worker] Dispatching action='open_portal'
INFO:portal_qr_worker:[open_portal] Starting
INFO:portal_qr_worker:[_ensure_browser] Starting Chrome: C:\Program Files\Google\Chrome\Application\chrome.exe
INFO:portal_qr_worker:[_ensure_browser] Chrome started, WS URL: ws://127.0.0.1:9222/devtools/browser/93017e61-a9b8-4321-b47e-01c4cf7eedba
INFO:portal_qr_worker:[open_portal] Connected to browser, creating page
INFO:portal_qr_worker:[open_portal] URL: http://14.241.251.220:7879/, title: Background App
INFO:portal_qr_worker:[open_portal] page_state=login
INFO:portal_qr_worker:[open_portal] On login page — auto-login
INFO:portal_qr_worker:[_do_login] username filled with selector: input[type="text"]
INFO:portal_qr_worker:[_do_login] password filled with selector: input[type="password"]
INFO:portal_qr_worker:[_do_login] clicked login button: button:has-text("đăng nhập")
INFO:portal_qr_worker:[open_portal] Worker done — Chrome still running
INFO:portal_qr_worker:[worker] Action 'open_portal' result: ok=False, status=DASHBOARD_NOT_FOUND
INFO:portal_qr_worker:[worker] Dispatching action='open_portal'
INFO:portal_qr_worker:[open_portal] Starting
INFO:portal_qr_worker:[_ensure_browser] Starting Chrome: C:\Program Files\Google\Chrome\Application\chrome.exe
INFO:portal_qr_worker:[_ensure_browser] Chrome started, WS URL: ws://127.0.0.1:9222/devtools/browser/b6b29427-0fe9-4b52-9aeb-01bfe894ea2c
INFO:portal_qr_worker:[QR_PAGES] idx=0 type=about:blank url=about:blank title=
INFO:portal_qr_worker:[QR_SELECTED_PAGE] idx=0 url=about:blank reason=only_blank_available_will_navigate
INFO:portal_qr_worker:[open_portal] Selected page URL: about:blank
ERROR:portal_qr_worker:[open_portal] Exception: name 'PORTAL_HOST' is not defined
Traceback (most recent call last):
  File "F:\APPs\backend\scripts\portal_qr_worker.py", line 910, in action_open_portal
    if PORTAL_HOST not in (page.url or ""):
       ^^^^^^^^^^^
NameError: name 'PORTAL_HOST' is not defined
Traceback (most recent call last):
  File "F:\APPs\backend\scripts\portal_qr_worker.py", line 910, in action_open_portal
    if PORTAL_HOST not in (page.url or ""):
       ^^^^^^^^^^^
NameError: name 'PORTAL_HOST' is not defined
INFO:portal_qr_worker:[open_portal] Worker done — Chrome still running
INFO:portal_qr_worker:[worker] Action 'open_portal' result: ok=False, status=PLAYWRIGHT_ERROR
INFO:portal_qr_worker:[worker] Dispatching action='open_portal'
INFO:portal_qr_worker:[open_portal] Starting
INFO:portal_qr_worker:[_ensure_browser] Starting Chrome: C:\Program Files\Google\Chrome\Application\chrome.exe
INFO:portal_qr_worker:[_ensure_browser] Chrome started, WS URL: ws://127.0.0.1:9222/devtools/browser/d87c3df6-bb8d-4e34-9787-e3d5e6b41973
INFO:portal_qr_worker:[QR_PAGES] idx=0 type=about:blank url=about:blank title=
INFO:portal_qr_worker:[QR_SELECTED_PAGE] idx=0 url=about:blank reason=only_blank_available_will_navigate
INFO:portal_qr_worker:[open_portal] Selected page URL: about:blank
INFO:portal_qr_worker:[open_portal] Navigating to http://14.241.251.220:7879
INFO:portal_qr_worker:[open_portal] page_state=login, URL=http://14.241.251.220:7879/
INFO:portal_qr_worker:[open_portal] On login page — auto-login
INFO:portal_qr_worker:[_do_login] username filled with selector: input[type="text"]
INFO:portal_qr_worker:[_do_login] password filled with selector: input[type="password"]
INFO:portal_qr_worker:[_do_login] clicked login button: button:has-text("đăng nhập")
INFO:portal_qr_worker:[open_portal] Worker done — Chrome still running
INFO:portal_qr_worker:[worker] Action 'open_portal' result: ok=False, status=DASHBOARD_NOT_FOUND
INFO:portal_qr_worker:[open_portal] Starting
INFO:portal_qr_worker:[_ensure_browser] Starting Chrome: C:\Program Files\Google\Chrome\Application\chrome.exe
INFO:portal_qr_worker:[_ensure_browser] Chrome started, WS URL: ws://127.0.0.1:9222/devtools/browser/86464563-af24-4931-bd06-7e69f9e2ba37
INFO:portal_qr_worker:[QR_PAGES] idx=0 type=about:blank url=about:blank title=
INFO:portal_qr_worker:[QR_SELECTED_PAGE] idx=0 url=about:blank reason=only_blank_available_will_navigate
INFO:portal_qr_worker:[open_portal] Selected page URL: about:blank
INFO:portal_qr_worker:[open_portal] Navigating to http://14.241.251.220:7879
INFO:portal_qr_worker:[open_portal] page_state=login, URL=http://14.241.251.220:7879/
INFO:portal_qr_worker:[open_portal] On login page — auto-login
INFO:portal_qr_worker:[_do_login] username filled with selector: input[type="text"]
INFO:portal_qr_worker:[_do_login] password filled with selector: input[type="password"]
INFO:portal_qr_worker:[_do_login] clicked login button: button:has-text("đăng nhập")
INFO:portal_qr_worker:[open_portal] Worker done — Chrome still running
INFO:portal_qr_worker:[open_portal] Starting
INFO:portal_qr_worker:[_ensure_browser] Reusing existing browser, WS URL: ws://127.0.0.1:9222/devtools/browser/86464563-af24-4931-bd06-7e69f9e2ba37
INFO:portal_qr_worker:[QR_PAGES] idx=0 type=portal url=http://14.241.251.220:7879/ title=Background App
INFO:portal_qr_worker:[QR_SELECTED_PAGE] idx=0 url=http://14.241.251.220:7879/ reason=portal_url_found
INFO:portal_qr_worker:[open_portal] Selected page URL: http://14.241.251.220:7879/
INFO:portal_qr_worker:[open_portal] Already on portal URL: http://14.241.251.220:7879/
INFO:portal_qr_worker:[open_portal] page_state=login, URL=http://14.241.251.220:7879/
INFO:portal_qr_worker:[open_portal] On login page — auto-login
INFO:portal_qr_worker:[_do_login] username filled with selector: input[type="text"]
INFO:portal_qr_worker:[_do_login] password filled with selector: input[type="password"]
INFO:portal_qr_worker:[_do_login] clicked login button: button:has-text("đăng nhập")
INFO:portal_qr_worker:[open_portal] Worker done — Chrome still running
INFO:portal_qr_worker:[open_portal] Starting
INFO:portal_qr_worker:[_ensure_browser] Starting Chrome: C:\Program Files\Google\Chrome\Application\chrome.exe
INFO:portal_qr_worker:[_ensure_browser] Chrome started, WS URL: ws://127.0.0.1:9222/devtools/browser/a2ce8a93-ef5c-44cc-abec-b15a17be3a59
INFO:portal_qr_worker:[QR_PAGES] idx=0 type=about:blank url=about:blank title=
INFO:portal_qr_worker:[QR_SELECTED_PAGE] idx=0 url=about:blank reason=only_blank_available_will_navigate
INFO:portal_qr_worker:[open_portal] Selected page URL: about:blank
INFO:portal_qr_worker:[open_portal] Navigating to http://14.241.251.220:7879
INFO:portal_qr_worker:[open_portal] page_state=login, URL=http://14.241.251.220:7879/
INFO:portal_qr_worker:[open_portal] On login page — auto-login
INFO:portal_qr_worker:[_do_login] username filled with selector: input[type="text"]
INFO:portal_qr_worker:[_do_login] password filled with selector: input[type="password"]
INFO:portal_qr_worker:[_do_login] clicked login button: button:has-text("đăng nhập")
INFO:portal_qr_worker:[open_portal] Worker done — Chrome still running
INFO:portal_qr_worker:[open_portal] Starting
INFO:portal_qr_worker:[_ensure_browser] Reusing existing browser, WS URL: ws://127.0.0.1:9222/devtools/browser/a2ce8a93-ef5c-44cc-abec-b15a17be3a59
INFO:portal_qr_worker:[QR_PAGES] idx=0 type=portal url=http://14.241.251.220:7879/dashboard/content title=Background App
INFO:portal_qr_worker:[QR_SELECTED_PAGE] idx=0 url=http://14.241.251.220:7879/dashboard/content reason=portal_url_found
INFO:portal_qr_worker:[open_portal] Selected page URL: http://14.241.251.220:7879/dashboard/content
INFO:portal_qr_worker:[open_portal] Already on portal URL: http://14.241.251.220:7879/dashboard/content
INFO:portal_qr_worker:[_detect_page_state] body_text_sample='tra cứu thông tin\nhướng dẫn sử dụng\nđăng xuất\ntra cứu thông tin\nhello, dao pham anh tuan\nsố giấy phát hành\n484\nkhu vực phía nam\n324\nkhu vực phía bắc\n160\nsố giấy hủy\n2\ntìm theo số hợp đồng\ntìm theo số '
INFO:portal_qr_worker:[open_portal] page_state=create_form, URL=http://14.241.251.220:7879/dashboard/content
INFO:portal_qr_worker:[open_portal] Worker done — Chrome still running
INFO:portal_qr_worker:[open_portal] Starting
INFO:portal_qr_worker:[_ensure_browser] Reusing existing browser, WS URL: ws://127.0.0.1:9222/devtools/browser/a2ce8a93-ef5c-44cc-abec-b15a17be3a59
INFO:portal_qr_worker:[QR_PAGES] idx=0 type=portal url=http://14.241.251.220:7879/dashboard/content title=Background App
INFO:portal_qr_worker:[QR_SELECTED_PAGE] idx=0 url=http://14.241.251.220:7879/dashboard/content reason=portal_url_found
INFO:portal_qr_worker:[open_portal] Selected page URL: http://14.241.251.220:7879/dashboard/content
INFO:portal_qr_worker:[open_portal] Already on portal URL: http://14.241.251.220:7879/dashboard/content
INFO:portal_qr_worker:[_detect_page_state] body_text_sample='tra cứu thông tin\nhướng dẫn sử dụng\nđăng xuất\ntra cứu thông tin\nhello, dao pham anh tuan\nsố giấy phát hành\n484\nkhu vực phía nam\n324\nkhu vực phía bắc\n160\nsố giấy hủy\n2\ntìm theo số hợp đồng\ntìm theo số '
INFO:portal_qr_worker:[open_portal] page_state=create_form, URL=http://14.241.251.220:7879/dashboard/content
INFO:portal_qr_worker:[open_portal] Worker done — Chrome still running
INFO:portal_qr_worker:[open_portal] Starting
INFO:portal_qr_worker:[_ensure_browser] Reusing existing browser, WS URL: ws://127.0.0.1:9222/devtools/browser/a2ce8a93-ef5c-44cc-abec-b15a17be3a59
INFO:portal_qr_worker:[QR_PAGES] idx=0 type=portal url=http://14.241.251.220:7879/dashboard/content title=Background App
INFO:portal_qr_worker:[QR_SELECTED_PAGE] idx=0 url=http://14.241.251.220:7879/dashboard/content reason=portal_url_found
INFO:portal_qr_worker:[open_portal] Selected page URL: http://14.241.251.220:7879/dashboard/content
INFO:portal_qr_worker:[open_portal] Already on portal URL: http://14.241.251.220:7879/dashboard/content
INFO:portal_qr_worker:[_detect_page_state] body_text_sample='tra cứu thông tin\nhướng dẫn sử dụng\nđăng xuất\ntra cứu thông tin\nhello, dao pham anh tuan\nsố giấy phát hành\n484\nkhu vực phía nam\n324\nkhu vực phía bắc\n160\nsố giấy hủy\n2\ntìm theo số hợp đồng\ntìm theo số '
INFO:portal_qr_worker:[open_portal] page_state=create_form, URL=http://14.241.251.220:7879/dashboard/content
INFO:portal_qr_worker:[open_portal] Already authenticated (page_state=create_form, url=http://14.241.251.220:7879/dashboard/content)
INFO:portal_qr_worker:[open_portal] Worker done — Chrome still running
INFO:portal_qr_worker:[open_portal] Starting
INFO:portal_qr_worker:[_ensure_browser] Reusing existing browser, WS URL: ws://127.0.0.1:9222/devtools/browser/a2ce8a93-ef5c-44cc-abec-b15a17be3a59
INFO:portal_qr_worker:[QR_PAGES] idx=0 type=portal url=http://14.241.251.220:7879/dashboard/content title=Background App
INFO:portal_qr_worker:[QR_SELECTED_PAGE] idx=0 url=http://14.241.251.220:7879/dashboard/content reason=portal_url_found
INFO:portal_qr_worker:[open_portal] Selected page URL: http://14.241.251.220:7879/dashboard/content
INFO:portal_qr_worker:[open_portal] Already on portal URL: http://14.241.251.220:7879/dashboard/content
INFO:portal_qr_worker:[_detect_page_state] body_text_sample='tra cứu thông tin\nhướng dẫn sử dụng\nđăng xuất\ntra cứu thông tin\nhello, dao pham anh tuan\nsố giấy phát hành\n484\nkhu vực phía nam\n324\nkhu vực phía bắc\n160\nsố giấy hủy\n2\ntìm theo số hợp đồng\ntìm theo số '
INFO:portal_qr_worker:[open_portal] page_state=create_form, URL=http://14.241.251.220:7879/dashboard/content
INFO:portal_qr_worker:[open_portal] Already authenticated (page_state=create_form, url=http://14.241.251.220:7879/dashboard/content)
INFO:portal_qr_worker:[open_portal] Worker done — Chrome still running
INFO:portal_qr_worker:[fill_form] Starting
INFO:portal_qr_worker:[_ensure_browser] Reusing existing browser, WS URL: ws://127.0.0.1:9222/devtools/browser/a2ce8a93-ef5c-44cc-abec-b15a17be3a59
INFO:portal_qr_worker:[fill_form] Connected via CDP
INFO:portal_qr_worker:[QR_PAGES] idx=0 type=portal url=http://14.241.251.220:7879/dashboard/content title=Background App
INFO:portal_qr_worker:[QR_SELECTED_PAGE] idx=0 url=http://14.241.251.220:7879/dashboard/content reason=portal_url_found
INFO:portal_qr_worker:[fill_form] Selected page URL: http://14.241.251.220:7879/dashboard/content
INFO:portal_qr_worker:[_detect_page_state] body_text_sample='tra cứu thông tin\nhướng dẫn sử dụng\nđăng xuất\ntra cứu thông tin\nhello, dao pham anh tuan\nsố giấy phát hành\n484\nkhu vực phía nam\n324\nkhu vực phía bắc\n160\nsố giấy hủy\n2\ntìm theo số hợp đồng\ntìm theo số '
INFO:portal_qr_worker:[fill_form] page_state=create_form, URL=http://14.241.251.220:7879/dashboard/content
INFO:portal_qr_worker:[_detect_create_form] has_add_heading=True, has_manual_input_mode=True, label_score=8, field_count=27
INFO:portal_qr_worker:[fill_form] form_detection: {'ok': True, 'field_count': 27, 'label_score': 8, 'has_add_heading': True, 'fields': [{'tag': 'input', 'name': 'contractNo', 'id': ':r1:', 'type': 'text', 'placeholder': '', 'label': 'Tìm theo Số hợp đồng'}, {'tag': 'input', 'name': 'soGiayChungNhan', 'id': ':r2:', 'type': 'text', 'placeholder': '', 'label': 'Tìm theo Số giấy chứng nhận'}, {'tag': 'input', 'name': 'tenDonVi', 'id': ':r3:', 'type': 'text', 'placeholder': '', 'label': 'Tìm theo Tên đơn vị'}, {'tag': 'input', 'name': 'tenNguoiTao', 'id': ':r4:', 'type': 'text', 'placeholder': '', 'label': 'Tìm theo Tên người tạo'}, {'tag': 'input', 'name': 'note', 'id': ':r5:', 'type': 'text', 'placeholder': '', 'label': 'Tìm theo Ghi chú'}, {'tag': 'input', 'name': 'tinh_trang', 'id': '', 'type': '', 'placeholder': '', 'label': ''}, {'tag': 'input', 'name': 'khu_vuc', 'id': '', 'type': '', 'placeholder': '', 'label': ''}, {'tag': 'input', 'name': 'ngayInTu', 'id': ':re:', 'type': 'date', 'placeholder': '', 'label': 'Từ ngày in GCN'}, {'tag': 'input', 'name': 'ngayInDen', 'id': ':rf:', 'type': 'date', 'placeholder': '', 'label': 'Đến ngày in GCN'}, {'tag': 'input', 'name': 'startDate', 'id': ':rg:', 'type': 'date', 'placeholder': '', 'label': 'Ngày bắt đầu'}, {'tag': 'input', 'name': 'endDate', 'id': ':rh:', 'type': 'date', 'placeholder': '', 'label': 'Ngày kết thúc'}]}
WARNING:portal_qr_worker:[_fill_by_label] FAILED: label='tình trạng', value='Phát hành'
WARNING:portal_qr_worker:[fill_form] FILL_TÌNH TRẠNG: FAILED
WARNING:portal_qr_worker:[_fill_by_label] FAILED: label='lĩnh vực', value='Karaoke'
WARNING:portal_qr_worker:[fill_form] FILL_LĨNH VỰC: FAILED
WARNING:portal_qr_worker:[_fill_by_label] FAILED: label='số hợp đồng', value='HD-2024-001'
WARNING:portal_qr_worker:[fill_form] FILL_SỐ HỢP ĐỒNG: FAILED
WARNING:portal_qr_worker:[_fill_by_label] FAILED: label='số giấy chứng nhận', value='GCN-001'
WARNING:portal_qr_worker:[fill_form] FILL_SỐ GIẤY CHỨNG NHẬN: FAILED
WARNING:portal_qr_worker:[_fill_by_label] FAILED: label='ngày in giấy chứng nhận', value='21/05/2026'
WARNING:portal_qr_worker:[fill_form] FILL_NGÀY IN GIẤY CHỨNG NHẬN: FAILED
WARNING:portal_qr_worker:[_fill_by_label] FAILED: label='ngày bắt đầu', value='01/01/2025'
WARNING:portal_qr_worker:[fill_form] FILL_NGÀY BẮT ĐẦU: FAILED
WARNING:portal_qr_worker:[_fill_by_label] FAILED: label='ngày kết thúc', value='31/12/2025'
WARNING:portal_qr_worker:[fill_form] FILL_NGÀY KẾT THÚC: FAILED
WARNING:portal_qr_worker:[_fill_by_label] FAILED: label='tên đơn vị', value='Quan Karaoke Test'
WARNING:portal_qr_worker:[fill_form] FILL_TÊN ĐƠN VỊ: FAILED
INFO:portal_qr_worker:[fill_form] Fill result: filled=[], failed=['tình trạng', 'lĩnh vực', 'số hợp đồng', 'số giấy chứng nhận', 'ngày in giấy chứng nhận', 'ngày bắt đầu', 'ngày kết thúc', 'tên đơn vị']
INFO:portal_qr_worker:[open_portal] Starting
INFO:portal_qr_worker:[_ensure_browser] Starting Chrome: C:\Program Files\Google\Chrome\Application\chrome.exe
INFO:portal_qr_worker:[_ensure_browser] Chrome started, WS URL: ws://127.0.0.1:9222/devtools/browser/5b612e2b-91a6-4140-a74a-e107d3e7819f
INFO:portal_qr_worker:[QR_PAGES] idx=0 type=about:blank url=about:blank title=
INFO:portal_qr_worker:[QR_SELECTED_PAGE] idx=0 url=about:blank reason=only_blank_available_will_navigate
INFO:portal_qr_worker:[open_portal] Selected page URL: about:blank
INFO:portal_qr_worker:[open_portal] Navigating to http://14.241.251.220:7879
INFO:portal_qr_worker:[_detect_page_state] body_text_sample='đăng nhập\ntài khoản\ntài khoản\nmật khẩu\nmật khẩu\nhiển thị mật khẩu\nđăng nhập'
INFO:portal_qr_worker:[open_portal] page_state=login, URL=http://14.241.251.220:7879/
INFO:portal_qr_worker:[open_portal] On login page — auto-login
INFO:portal_qr_worker:[_do_login] username filled with selector: input[type="text"]
INFO:portal_qr_worker:[_do_login] password filled with selector: input[type="password"]
INFO:portal_qr_worker:[_do_login] clicked login button: button:has-text("đăng nhập")
INFO:portal_qr_worker:[_detect_page_state] body_text_sample='tra cứu thông tin\nhướng dẫn sử dụng\nđăng xuất\ntra cứu thông tin\nhello, dao pham anh tuan\nsố giấy phát hành\n484\nkhu vực phía nam\n324\nkhu vực phía bắc\n160\nsố giấy hủy\n2\ntìm theo số hợp đồng\ntìm theo số '
INFO:portal_qr_worker:[_detect_page_state] body_text_sample='tra cứu thông tin\nhướng dẫn sử dụng\nđăng xuất\ntra cứu thông tin\nhello, dao pham anh tuan\nsố giấy phát hành\n484\nkhu vực phía nam\n324\nkhu vực phía bắc\n160\nsố giấy hủy\n2\ntìm theo số hợp đồng\ntìm theo số '
INFO:portal_qr_worker:[_detect_page_state] body_text_sample='tra cứu thông tin\nhướng dẫn sử dụng\nđăng xuất\ntra cứu thông tin\nhello, dao pham anh tuan\nsố giấy phát hành\n484\nkhu vực phía nam\n324\nkhu vực phía bắc\n160\nsố giấy hủy\n2\ntìm theo số hợp đồng\ntìm theo số '
INFO:portal_qr_worker:[_detect_page_state] body_text_sample='tra cứu thông tin\nhướng dẫn sử dụng\nđăng xuất\ntra cứu thông tin\nhello, dao pham anh tuan\nsố giấy phát hành\n484\nkhu vực phía nam\n324\nkhu vực phía bắc\n160\nsố giấy hủy\n2\ntìm theo số hợp đồng\ntìm theo số '
INFO:portal_qr_worker:[_detect_page_state] body_text_sample='tra cứu thông tin\nhướng dẫn sử dụng\nđăng xuất\ntra cứu thông tin\nhello, dao pham anh tuan\nsố giấy phát hành\n484\nkhu vực phía nam\n324\nkhu vực phía bắc\n160\nsố giấy hủy\n2\ntìm theo số hợp đồng\ntìm theo số '
INFO:portal_qr_worker:[_detect_page_state] body_text_sample='tra cứu thông tin\nhướng dẫn sử dụng\nđăng xuất\ntra cứu thông tin\nhello, dao pham anh tuan\nsố giấy phát hành\n484\nkhu vực phía nam\n324\nkhu vực phía bắc\n160\nsố giấy hủy\n2\ntìm theo số hợp đồng\ntìm theo số '
INFO:portal_qr_worker:[_detect_page_state] body_text_sample='tra cứu thông tin\nhướng dẫn sử dụng\nđăng xuất\ntra cứu thông tin\nhello, dao pham anh tuan\nsố giấy phát hành\n484\nkhu vực phía nam\n324\nkhu vực phía bắc\n160\nsố giấy hủy\n2\ntìm theo số hợp đồng\ntìm theo số '
INFO:portal_qr_worker:[_detect_page_state] body_text_sample='tra cứu thông tin\nhướng dẫn sử dụng\nđăng xuất\ntra cứu thông tin\nhello, dao pham anh tuan\nsố giấy phát hành\n484\nkhu vực phía nam\n324\nkhu vực phía bắc\n160\nsố giấy hủy\n2\ntìm theo số hợp đồng\ntìm theo số '
INFO:portal_qr_worker:[_detect_page_state] body_text_sample='tra cứu thông tin\nhướng dẫn sử dụng\nđăng xuất\ntra cứu thông tin\nhello, dao pham anh tuan\nsố giấy phát hành\n484\nkhu vực phía nam\n324\nkhu vực phía bắc\n160\nsố giấy hủy\n2\ntìm theo số hợp đồng\ntìm theo số '
INFO:portal_qr_worker:[_detect_page_state] body_text_sample='tra cứu thông tin\nhướng dẫn sử dụng\nđăng xuất\ntra cứu thông tin\nhello, dao pham anh tuan\nsố giấy phát hành\n484\nkhu vực phía nam\n324\nkhu vực phía bắc\n160\nsố giấy hủy\n2\ntìm theo số hợp đồng\ntìm theo số '
INFO:portal_qr_worker:[_detect_page_state] body_text_sample='tra cứu thông tin\nhướng dẫn sử dụng\nđăng xuất\ntra cứu thông tin\nhello, dao pham anh tuan\nsố giấy phát hành\n484\nkhu vực phía nam\n324\nkhu vực phía bắc\n160\nsố giấy hủy\n2\ntìm theo số hợp đồng\ntìm theo số '
INFO:portal_qr_worker:[_detect_page_state] body_text_sample='tra cứu thông tin\nhướng dẫn sử dụng\nđăng xuất\ntra cứu thông tin\nhello, dao pham anh tuan\nsố giấy phát hành\n484\nkhu vực phía nam\n324\nkhu vực phía bắc\n160\nsố giấy hủy\n2\ntìm theo số hợp đồng\ntìm theo số '
INFO:portal_qr_worker:[_detect_page_state] body_text_sample='tra cứu thông tin\nhướng dẫn sử dụng\nđăng xuất\ntra cứu thông tin\nhello, dao pham anh tuan\nsố giấy phát hành\n484\nkhu vực phía nam\n324\nkhu vực phía bắc\n160\nsố giấy hủy\n2\ntìm theo số hợp đồng\ntìm theo số '
INFO:portal_qr_worker:[_detect_page_state] body_text_sample='tra cứu thông tin\nhướng dẫn sử dụng\nđăng xuất\ntra cứu thông tin\nhello, dao pham anh tuan\nsố giấy phát hành\n484\nkhu vực phía nam\n324\nkhu vực phía bắc\n160\nsố giấy hủy\n2\ntìm theo số hợp đồng\ntìm theo số '
INFO:portal_qr_worker:[_detect_page_state] body_text_sample='tra cứu thông tin\nhướng dẫn sử dụng\nđăng xuất\ntra cứu thông tin\nhello, dao pham anh tuan\nsố giấy phát hành\n484\nkhu vực phía nam\n324\nkhu vực phía bắc\n160\nsố giấy hủy\n2\ntìm theo số hợp đồng\ntìm theo số '
INFO:portal_qr_worker:[_detect_page_state] body_text_sample='tra cứu thông tin\nhướng dẫn sử dụng\nđăng xuất\ntra cứu thông tin\nhello, dao pham anh tuan\nsố giấy phát hành\n484\nkhu vực phía nam\n324\nkhu vực phía bắc\n160\nsố giấy hủy\n2\ntìm theo số hợp đồng\ntìm theo số '
INFO:portal_qr_worker:[_detect_page_state] body_text_sample='tra cứu thông tin\nhướng dẫn sử dụng\nđăng xuất\ntra cứu thông tin\nhello, dao pham anh tuan\nsố giấy phát hành\n484\nkhu vực phía nam\n324\nkhu vực phía bắc\n160\nsố giấy hủy\n2\ntìm theo số hợp đồng\ntìm theo số '
INFO:portal_qr_worker:[_detect_page_state] body_text_sample='tra cứu thông tin\nhướng dẫn sử dụng\nđăng xuất\ntra cứu thông tin\nhello, dao pham anh tuan\nsố giấy phát hành\n484\nkhu vực phía nam\n324\nkhu vực phía bắc\n160\nsố giấy hủy\n2\ntìm theo số hợp đồng\ntìm theo số '
INFO:portal_qr_worker:[_detect_page_state] body_text_sample='tra cứu thông tin\nhướng dẫn sử dụng\nđăng xuất\ntra cứu thông tin\nhello, dao pham anh tuan\nsố giấy phát hành\n484\nkhu vực phía nam\n324\nkhu vực phía bắc\n160\nsố giấy hủy\n2\ntìm theo số hợp đồng\ntìm theo số '
INFO:portal_qr_worker:[_detect_page_state] body_text_sample='tra cứu thông tin\nhướng dẫn sử dụng\nđăng xuất\ntra cứu thông tin\nhello, dao pham anh tuan\nsố giấy phát hành\n484\nkhu vực phía nam\n324\nkhu vực phía bắc\n160\nsố giấy hủy\n2\ntìm theo số hợp đồng\ntìm theo số '
INFO:portal_qr_worker:[_detect_page_state] body_text_sample='tra cứu thông tin\nhướng dẫn sử dụng\nđăng xuất\ntra cứu thông tin\nhello, dao pham anh tuan\nsố giấy phát hành\n484\nkhu vực phía nam\n324\nkhu vực phía bắc\n160\nsố giấy hủy\n2\ntìm theo số hợp đồng\ntìm theo số '
INFO:portal_qr_worker:[_detect_page_state] body_text_sample='tra cứu thông tin\nhướng dẫn sử dụng\nđăng xuất\ntra cứu thông tin\nhello, dao pham anh tuan\nsố giấy phát hành\n484\nkhu vực phía nam\n324\nkhu vực phía bắc\n160\nsố giấy hủy\n2\ntìm theo số hợp đồng\ntìm theo số '
INFO:portal_qr_worker:[_detect_page_state] body_text_sample='tra cứu thông tin\nhướng dẫn sử dụng\nđăng xuất\ntra cứu thông tin\nhello, dao pham anh tuan\nsố giấy phát hành\n484\nkhu vực phía nam\n324\nkhu vực phía bắc\n160\nsố giấy hủy\n2\ntìm theo số hợp đồng\ntìm theo số '
INFO:portal_qr_worker:[_detect_page_state] body_text_sample='tra cứu thông tin\nhướng dẫn sử dụng\nđăng xuất\ntra cứu thông tin\nhello, dao pham anh tuan\nsố giấy phát hành\n484\nkhu vực phía nam\n324\nkhu vực phía bắc\n160\nsố giấy hủy\n2\ntìm theo số hợp đồng\ntìm theo số '
INFO:portal_qr_worker:[_detect_page_state] body_text_sample='tra cứu thông tin\nhướng dẫn sử dụng\nđăng xuất\ntra cứu thông tin\nhello, dao pham anh tuan\nsố giấy phát hành\n484\nkhu vực phía nam\n324\nkhu vực phía bắc\n160\nsố giấy hủy\n2\ntìm theo số hợp đồng\ntìm theo số '
INFO:portal_qr_worker:[_detect_page_state] body_text_sample='tra cứu thông tin\nhướng dẫn sử dụng\nđăng xuất\ntra cứu thông tin\nhello, dao pham anh tuan\nsố giấy phát hành\n484\nkhu vực phía nam\n324\nkhu vực phía bắc\n160\nsố giấy hủy\n2\ntìm theo số hợp đồng\ntìm theo số '
INFO:portal_qr_worker:[_detect_page_state] body_text_sample='tra cứu thông tin\nhướng dẫn sử dụng\nđăng xuất\ntra cứu thông tin\nhello, dao pham anh tuan\nsố giấy phát hành\n484\nkhu vực phía nam\n324\nkhu vực phía bắc\n160\nsố giấy hủy\n2\ntìm theo số hợp đồng\ntìm theo số '
INFO:portal_qr_worker:[_detect_page_state] body_text_sample='tra cứu thông tin\nhướng dẫn sử dụng\nđăng xuất\ntra cứu thông tin\nhello, dao pham anh tuan\nsố giấy phát hành\n484\nkhu vực phía nam\n324\nkhu vực phía bắc\n160\nsố giấy hủy\n2\ntìm theo số hợp đồng\ntìm theo số '
INFO:portal_qr_worker:[_detect_page_state] body_text_sample='tra cứu thông tin\nhướng dẫn sử dụng\nđăng xuất\ntra cứu thông tin\nhello, dao pham anh tuan\nsố giấy phát hành\n484\nkhu vực phía nam\n324\nkhu vực phía bắc\n160\nsố giấy hủy\n2\ntìm theo số hợp đồng\ntìm theo số '
INFO:portal_qr_worker:[_detect_page_state] body_text_sample='tra cứu thông tin\nhướng dẫn sử dụng\nđăng xuất\ntra cứu thông tin\nhello, dao pham anh tuan\nsố giấy phát hành\n484\nkhu vực phía nam\n324\nkhu vực phía bắc\n160\nsố giấy hủy\n2\ntìm theo số hợp đồng\ntìm theo số '
INFO:portal_qr_worker:[_detect_page_state] body_text_sample='tra cứu thông tin\nhướng dẫn sử dụng\nđăng xuất\ntra cứu thông tin\nhello, dao pham anh tuan\nsố giấy phát hành\n484\nkhu vực phía nam\n324\nkhu vực phía bắc\n160\nsố giấy hủy\n2\ntìm theo số hợp đồng\ntìm theo số '
INFO:portal_qr_worker:[_detect_page_state] body_text_sample='tra cứu thông tin\nhướng dẫn sử dụng\nđăng xuất\ntra cứu thông tin\nhello, dao pham anh tuan\nsố giấy phát hành\n484\nkhu vực phía nam\n324\nkhu vực phía bắc\n160\nsố giấy hủy\n2\ntìm theo số hợp đồng\ntìm theo số '
INFO:portal_qr_worker:[_detect_page_state] body_text_sample='tra cứu thông tin\nhướng dẫn sử dụng\nđăng xuất\ntra cứu thông tin\nhello, dao pham anh tuan\nsố giấy phát hành\n484\nkhu vực phía nam\n324\nkhu vực phía bắc\n160\nsố giấy hủy\n2\ntìm theo số hợp đồng\ntìm theo số '
INFO:portal_qr_worker:[_detect_page_state] body_text_sample='tra cứu thông tin\nhướng dẫn sử dụng\nđăng xuất\ntra cứu thông tin\nhello, dao pham anh tuan\nsố giấy phát hành\n484\nkhu vực phía nam\n324\nkhu vực phía bắc\n160\nsố giấy hủy\n2\ntìm theo số hợp đồng\ntìm theo số '
INFO:portal_qr_worker:[_detect_page_state] body_text_sample='tra cứu thông tin\nhướng dẫn sử dụng\nđăng xuất\ntra cứu thông tin\nhello, dao pham anh tuan\nsố giấy phát hành\n484\nkhu vực phía nam\n324\nkhu vực phía bắc\n160\nsố giấy hủy\n2\ntìm theo số hợp đồng\ntìm theo số '
INFO:portal_qr_worker:[_detect_page_state] body_text_sample='tra cứu thông tin\nhướng dẫn sử dụng\nđăng xuất\ntra cứu thông tin\nhello, dao pham anh tuan\nsố giấy phát hành\n484\nkhu vực phía nam\n324\nkhu vực phía bắc\n160\nsố giấy hủy\n2\ntìm theo số hợp đồng\ntìm theo số '
INFO:portal_qr_worker:[_detect_page_state] body_text_sample='tra cứu thông tin\nhướng dẫn sử dụng\nđăng xuất\ntra cứu thông tin\nhello, dao pham anh tuan\nsố giấy phát hành\n484\nkhu vực phía nam\n324\nkhu vực phía bắc\n160\nsố giấy hủy\n2\ntìm theo số hợp đồng\ntìm theo số '
INFO:portal_qr_worker:[_detect_page_state] body_text_sample='tra cứu thông tin\nhướng dẫn sử dụng\nđăng xuất\ntra cứu thông tin\nhello, dao pham anh tuan\nsố giấy phát hành\n484\nkhu vực phía nam\n324\nkhu vực phía bắc\n160\nsố giấy hủy\n2\ntìm theo số hợp đồng\ntìm theo số '
INFO:portal_qr_worker:[_detect_page_state] body_text_sample='tra cứu thông tin\nhướng dẫn sử dụng\nđăng xuất\ntra cứu thông tin\nhello, dao pham anh tuan\nsố giấy phát hành\n484\nkhu vực phía nam\n324\nkhu vực phía bắc\n160\nsố giấy hủy\n2\ntìm theo số hợp đồng\ntìm theo số '
INFO:portal_qr_worker:[_detect_page_state] body_text_sample='tra cứu thông tin\nhướng dẫn sử dụng\nđăng xuất\ntra cứu thông tin\nhello, dao pham anh tuan\nsố giấy phát hành\n484\nkhu vực phía nam\n324\nkhu vực phía bắc\n160\nsố giấy hủy\n2\ntìm theo số hợp đồng\ntìm theo số '
INFO:portal_qr_worker:[open_portal] Worker done — Chrome still running
INFO:portal_qr_worker:[open_portal] Starting
INFO:portal_qr_worker:[_ensure_browser] Starting Chrome: C:\Program Files\Google\Chrome\Application\chrome.exe
INFO:portal_qr_worker:[_ensure_browser] Chrome started, WS URL: ws://127.0.0.1:9222/devtools/browser/ecda2cd4-e5d8-43e1-a591-3b747d417b5c
INFO:portal_qr_worker:[QR_PAGES] idx=0 type=about:blank url=about:blank title=
INFO:portal_qr_worker:[QR_SELECTED_PAGE] idx=0 url=about:blank reason=only_blank_available_will_navigate
INFO:portal_qr_worker:[open_portal] Selected page URL: about:blank
INFO:portal_qr_worker:[open_portal] Navigating to http://14.241.251.220:7879
INFO:portal_qr_worker:[_detect_page_state] body_text_sample='đăng nhập\ntài khoản\ntài khoản\nmật khẩu\nmật khẩu\nhiển thị mật khẩu\nđăng nhập'
INFO:portal_qr_worker:[open_portal] page_state=login, URL=http://14.241.251.220:7879/
INFO:portal_qr_worker:[open_portal] On login page — auto-login
INFO:portal_qr_worker:[_do_login] username filled with selector: input[type="text"]
INFO:portal_qr_worker:[_do_login] password filled with selector: input[type="password"]
INFO:portal_qr_worker:[_do_login] clicked login button: button:has-text("đăng nhập")
INFO:portal_qr_worker:[_detect_page_state] body_text_sample='tra cứu thông tin\nhướng dẫn sử dụng\nđăng xuất\ntra cứu thông tin\nhello, dao pham anh tuan\nsố giấy phát hành\n484\nkhu vực phía nam\n324\nkhu vực phía bắc\n160\nsố giấy hủy\n2\ntìm theo số hợp đồng\ntìm theo số '
INFO:portal_qr_worker:[_detect_page_state] body_text_sample='tra cứu thông tin\nhướng dẫn sử dụng\nđăng xuất\ntra cứu thông tin\nhello, dao pham anh tuan\nsố giấy phát hành\n484\nkhu vực phía nam\n324\nkhu vực phía bắc\n160\nsố giấy hủy\n2\ntìm theo số hợp đồng\ntìm theo số '
INFO:portal_qr_worker:[_detect_page_state] body_text_sample='tra cứu thông tin\nhướng dẫn sử dụng\nđăng xuất\ntra cứu thông tin\nhello, dao pham anh tuan\nsố giấy phát hành\n484\nkhu vực phía nam\n324\nkhu vực phía bắc\n160\nsố giấy hủy\n2\ntìm theo số hợp đồng\ntìm theo số '
INFO:portal_qr_worker:[_detect_page_state] body_text_sample='tra cứu thông tin\nhướng dẫn sử dụng\nđăng xuất\ntra cứu thông tin\nhello, dao pham anh tuan\nsố giấy phát hành\n484\nkhu vực phía nam\n324\nkhu vực phía bắc\n160\nsố giấy hủy\n2\ntìm theo số hợp đồng\ntìm theo số '
INFO:portal_qr_worker:[_detect_page_state] body_text_sample='tra cứu thông tin\nhướng dẫn sử dụng\nđăng xuất\ntra cứu thông tin\nhello, dao pham anh tuan\nsố giấy phát hành\n484\nkhu vực phía nam\n324\nkhu vực phía bắc\n160\nsố giấy hủy\n2\ntìm theo số hợp đồng\ntìm theo số '
INFO:portal_qr_worker:[_detect_page_state] body_text_sample='tra cứu thông tin\nhướng dẫn sử dụng\nđăng xuất\ntra cứu thông tin\nhello, dao pham anh tuan\nsố giấy phát hành\n484\nkhu vực phía nam\n324\nkhu vực phía bắc\n160\nsố giấy hủy\n2\ntìm theo số hợp đồng\ntìm theo số '
INFO:portal_qr_worker:[_detect_page_state] body_text_sample='tra cứu thông tin\nhướng dẫn sử dụng\nđăng xuất\ntra cứu thông tin\nhello, dao pham anh tuan\nsố giấy phát hành\n484\nkhu vực phía nam\n324\nkhu vực phía bắc\n160\nsố giấy hủy\n2\ntìm theo số hợp đồng\ntìm theo số '
INFO:portal_qr_worker:[_detect_page_state] body_text_sample='tra cứu thông tin\nhướng dẫn sử dụng\nđăng xuất\ntra cứu thông tin\nhello, dao pham anh tuan\nsố giấy phát hành\n484\nkhu vực phía nam\n324\nkhu vực phía bắc\n160\nsố giấy hủy\n2\ntìm theo số hợp đồng\ntìm theo số '
INFO:portal_qr_worker:[_detect_page_state] body_text_sample='tra cứu thông tin\nhướng dẫn sử dụng\nđăng xuất\ntra cứu thông tin\nhello, dao pham anh tuan\nsố giấy phát hành\n484\nkhu vực phía nam\n324\nkhu vực phía bắc\n160\nsố giấy hủy\n2\ntìm theo số hợp đồng\ntìm theo số '
INFO:portal_qr_worker:[_detect_page_state] body_text_sample='tra cứu thông tin\nhướng dẫn sử dụng\nđăng xuất\ntra cứu thông tin\nhello, dao pham anh tuan\nsố giấy phát hành\n484\nkhu vực phía nam\n324\nkhu vực phía bắc\n160\nsố giấy hủy\n2\ntìm theo số hợp đồng\ntìm theo số '
INFO:portal_qr_worker:[_detect_page_state] body_text_sample='tra cứu thông tin\nhướng dẫn sử dụng\nđăng xuất\ntra cứu thông tin\nhello, dao pham anh tuan\nsố giấy phát hành\n484\nkhu vực phía nam\n324\nkhu vực phía bắc\n160\nsố giấy hủy\n2\ntìm theo số hợp đồng\ntìm theo số '
INFO:portal_qr_worker:[_detect_page_state] body_text_sample='tra cứu thông tin\nhướng dẫn sử dụng\nđăng xuất\ntra cứu thông tin\nhello, dao pham anh tuan\nsố giấy phát hành\n484\nkhu vực phía nam\n324\nkhu vực phía bắc\n160\nsố giấy hủy\n2\ntìm theo số hợp đồng\ntìm theo số '
INFO:portal_qr_worker:[_detect_page_state] body_text_sample='tra cứu thông tin\nhướng dẫn sử dụng\nđăng xuất\ntra cứu thông tin\nhello, dao pham anh tuan\nsố giấy phát hành\n484\nkhu vực phía nam\n324\nkhu vực phía bắc\n160\nsố giấy hủy\n2\ntìm theo số hợp đồng\ntìm theo số '
INFO:portal_qr_worker:[_detect_page_state] body_text_sample='tra cứu thông tin\nhướng dẫn sử dụng\nđăng xuất\ntra cứu thông tin\nhello, dao pham anh tuan\nsố giấy phát hành\n484\nkhu vực phía nam\n324\nkhu vực phía bắc\n160\nsố giấy hủy\n2\ntìm theo số hợp đồng\ntìm theo số '
INFO:portal_qr_worker:[_detect_page_state] body_text_sample='tra cứu thông tin\nhướng dẫn sử dụng\nđăng xuất\ntra cứu thông tin\nhello, dao pham anh tuan\nsố giấy phát hành\n484\nkhu vực phía nam\n324\nkhu vực phía bắc\n160\nsố giấy hủy\n2\ntìm theo số hợp đồng\ntìm theo số '
INFO:portal_qr_worker:[_detect_page_state] body_text_sample='tra cứu thông tin\nhướng dẫn sử dụng\nđăng xuất\ntra cứu thông tin\nhello, dao pham anh tuan\nsố giấy phát hành\n484\nkhu vực phía nam\n324\nkhu vực phía bắc\n160\nsố giấy hủy\n2\ntìm theo số hợp đồng\ntìm theo số '
INFO:portal_qr_worker:[_detect_page_state] body_text_sample='tra cứu thông tin\nhướng dẫn sử dụng\nđăng xuất\ntra cứu thông tin\nhello, dao pham anh tuan\nsố giấy phát hành\n484\nkhu vực phía nam\n324\nkhu vực phía bắc\n160\nsố giấy hủy\n2\ntìm theo số hợp đồng\ntìm theo số '
INFO:portal_qr_worker:[_detect_page_state] body_text_sample='tra cứu thông tin\nhướng dẫn sử dụng\nđăng xuất\ntra cứu thông tin\nhello, dao pham anh tuan\nsố giấy phát hành\n484\nkhu vực phía nam\n324\nkhu vực phía bắc\n160\nsố giấy hủy\n2\ntìm theo số hợp đồng\ntìm theo số '
INFO:portal_qr_worker:[_detect_page_state] body_text_sample='tra cứu thông tin\nhướng dẫn sử dụng\nđăng xuất\ntra cứu thông tin\nhello, dao pham anh tuan\nsố giấy phát hành\n484\nkhu vực phía nam\n324\nkhu vực phía bắc\n160\nsố giấy hủy\n2\ntìm theo số hợp đồng\ntìm theo số '
INFO:portal_qr_worker:[_detect_page_state] body_text_sample='tra cứu thông tin\nhướng dẫn sử dụng\nđăng xuất\ntra cứu thông tin\nhello, dao pham anh tuan\nsố giấy phát hành\n484\nkhu vực phía nam\n324\nkhu vực phía bắc\n160\nsố giấy hủy\n2\ntìm theo số hợp đồng\ntìm theo số '
INFO:portal_qr_worker:[_detect_page_state] body_text_sample='tra cứu thông tin\nhướng dẫn sử dụng\nđăng xuất\ntra cứu thông tin\nhello, dao pham anh tuan\nsố giấy phát hành\n484\nkhu vực phía nam\n324\nkhu vực phía bắc\n160\nsố giấy hủy\n2\ntìm theo số hợp đồng\ntìm theo số '
INFO:portal_qr_worker:[_detect_page_state] body_text_sample='tra cứu thông tin\nhướng dẫn sử dụng\nđăng xuất\ntra cứu thông tin\nhello, dao pham anh tuan\nsố giấy phát hành\n484\nkhu vực phía nam\n324\nkhu vực phía bắc\n160\nsố giấy hủy\n2\ntìm theo số hợp đồng\ntìm theo số '
INFO:portal_qr_worker:[_detect_page_state] body_text_sample='tra cứu thông tin\nhướng dẫn sử dụng\nđăng xuất\ntra cứu thông tin\nhello, dao pham anh tuan\nsố giấy phát hành\n484\nkhu vực phía nam\n324\nkhu vực phía bắc\n160\nsố giấy hủy\n2\ntìm theo số hợp đồng\ntìm theo số '
INFO:portal_qr_worker:[_detect_page_state] body_text_sample='tra cứu thông tin\nhướng dẫn sử dụng\nđăng xuất\ntra cứu thông tin\nhello, dao pham anh tuan\nsố giấy phát hành\n484\nkhu vực phía nam\n324\nkhu vực phía bắc\n160\nsố giấy hủy\n2\ntìm theo số hợp đồng\ntìm theo số '
INFO:portal_qr_worker:[_detect_page_state] body_text_sample='tra cứu thông tin\nhướng dẫn sử dụng\nđăng xuất\ntra cứu thông tin\nhello, dao pham anh tuan\nsố giấy phát hành\n484\nkhu vực phía nam\n324\nkhu vực phía bắc\n160\nsố giấy hủy\n2\ntìm theo số hợp đồng\ntìm theo số '
INFO:portal_qr_worker:[_detect_page_state] body_text_sample='tra cứu thông tin\nhướng dẫn sử dụng\nđăng xuất\ntra cứu thông tin\nhello, dao pham anh tuan\nsố giấy phát hành\n484\nkhu vực phía nam\n324\nkhu vực phía bắc\n160\nsố giấy hủy\n2\ntìm theo số hợp đồng\ntìm theo số '
INFO:portal_qr_worker:[_detect_page_state] body_text_sample='tra cứu thông tin\nhướng dẫn sử dụng\nđăng xuất\ntra cứu thông tin\nhello, dao pham anh tuan\nsố giấy phát hành\n484\nkhu vực phía nam\n324\nkhu vực phía bắc\n160\nsố giấy hủy\n2\ntìm theo số hợp đồng\ntìm theo số '
INFO:portal_qr_worker:[_detect_page_state] body_text_sample='tra cứu thông tin\nhướng dẫn sử dụng\nđăng xuất\ntra cứu thông tin\nhello, dao pham anh tuan\nsố giấy phát hành\n484\nkhu vực phía nam\n324\nkhu vực phía bắc\n160\nsố giấy hủy\n2\ntìm theo số hợp đồng\ntìm theo số '
INFO:portal_qr_worker:[_detect_page_state] body_text_sample='tra cứu thông tin\nhướng dẫn sử dụng\nđăng xuất\ntra cứu thông tin\nhello, dao pham anh tuan\nsố giấy phát hành\n484\nkhu vực phía nam\n324\nkhu vực phía bắc\n160\nsố giấy hủy\n2\ntìm theo số hợp đồng\ntìm theo số '
INFO:portal_qr_worker:[_detect_page_state] body_text_sample='tra cứu thông tin\nhướng dẫn sử dụng\nđăng xuất\ntra cứu thông tin\nhello, dao pham anh tuan\nsố giấy phát hành\n484\nkhu vực phía nam\n324\nkhu vực phía bắc\n160\nsố giấy hủy\n2\ntìm theo số hợp đồng\ntìm theo số '
INFO:portal_qr_worker:[_detect_page_state] body_text_sample='tra cứu thông tin\nhướng dẫn sử dụng\nđăng xuất\ntra cứu thông tin\nhello, dao pham anh tuan\nsố giấy phát hành\n484\nkhu vực phía nam\n324\nkhu vực phía bắc\n160\nsố giấy hủy\n2\ntìm theo số hợp đồng\ntìm theo số '
INFO:portal_qr_worker:[_detect_page_state] body_text_sample='tra cứu thông tin\nhướng dẫn sử dụng\nđăng xuất\ntra cứu thông tin\nhello, dao pham anh tuan\nsố giấy phát hành\n484\nkhu vực phía nam\n324\nkhu vực phía bắc\n160\nsố giấy hủy\n2\ntìm theo số hợp đồng\ntìm theo số '
INFO:portal_qr_worker:[_detect_page_state] body_text_sample='tra cứu thông tin\nhướng dẫn sử dụng\nđăng xuất\ntra cứu thông tin\nhello, dao pham anh tuan\nsố giấy phát hành\n484\nkhu vực phía nam\n324\nkhu vực phía bắc\n160\nsố giấy hủy\n2\ntìm theo số hợp đồng\ntìm theo số '
INFO:portal_qr_worker:[_detect_page_state] body_text_sample='tra cứu thông tin\nhướng dẫn sử dụng\nđăng xuất\ntra cứu thông tin\nhello, dao pham anh tuan\nsố giấy phát hành\n484\nkhu vực phía nam\n324\nkhu vực phía bắc\n160\nsố giấy hủy\n2\ntìm theo số hợp đồng\ntìm theo số '
INFO:portal_qr_worker:[_detect_page_state] body_text_sample='tra cứu thông tin\nhướng dẫn sử dụng\nđăng xuất\ntra cứu thông tin\nhello, dao pham anh tuan\nsố giấy phát hành\n484\nkhu vực phía nam\n324\nkhu vực phía bắc\n160\nsố giấy hủy\n2\ntìm theo số hợp đồng\ntìm theo số '
INFO:portal_qr_worker:[_detect_page_state] body_text_sample='tra cứu thông tin\nhướng dẫn sử dụng\nđăng xuất\ntra cứu thông tin\nhello, dao pham anh tuan\nsố giấy phát hành\n484\nkhu vực phía nam\n324\nkhu vực phía bắc\n160\nsố giấy hủy\n2\ntìm theo số hợp đồng\ntìm theo số '
INFO:portal_qr_worker:[_detect_page_state] body_text_sample='tra cứu thông tin\nhướng dẫn sử dụng\nđăng xuất\ntra cứu thông tin\nhello, dao pham anh tuan\nsố giấy phát hành\n484\nkhu vực phía nam\n324\nkhu vực phía bắc\n160\nsố giấy hủy\n2\ntìm theo số hợp đồng\ntìm theo số '
INFO:portal_qr_worker:[_detect_page_state] body_text_sample='tra cứu thông tin\nhướng dẫn sử dụng\nđăng xuất\ntra cứu thông tin\nhello, dao pham anh tuan\nsố giấy phát hành\n484\nkhu vực phía nam\n324\nkhu vực phía bắc\n160\nsố giấy hủy\n2\ntìm theo số hợp đồng\ntìm theo số '
INFO:portal_qr_worker:[_detect_page_state] body_text_sample='tra cứu thông tin\nhướng dẫn sử dụng\nđăng xuất\ntra cứu thông tin\nhello, dao pham anh tuan\nsố giấy phát hành\n484\nkhu vực phía nam\n324\nkhu vực phía bắc\n160\nsố giấy hủy\n2\ntìm theo số hợp đồng\ntìm theo số '
INFO:portal_qr_worker:[_detect_page_state] body_text_sample='tra cứu thông tin\nhướng dẫn sử dụng\nđăng xuất\ntra cứu thông tin\nhello, dao pham anh tuan\nsố giấy phát hành\n484\nkhu vực phía nam\n324\nkhu vực phía bắc\n160\nsố giấy hủy\n2\ntìm theo số hợp đồng\ntìm theo số '
INFO:portal_qr_worker:[open_portal] Worker done — Chrome still running
INFO:portal_qr_worker:[_ensure_browser] Reusing existing browser, WS URL: ws://127.0.0.1:9222/devtools/browser/ecda2cd4-e5d8-43e1-a591-3b747d417b5c
INFO:portal_qr_worker:[_detect_page_state] body_text_sample='tra cứu thông tin\nhướng dẫn sử dụng\nđăng xuất\ntra cứu thông tin\nhello, dao pham anh tuan\nsố giấy phát hành\n484\nkhu vực phía nam\n324\nkhu vực phía bắc\n160\nsố giấy hủy\n2\ntìm theo số hợp đồng\ntìm theo số '
INFO:portal_qr_worker:[fill_form] Starting
INFO:portal_qr_worker:[_ensure_browser] Reusing existing browser, WS URL: ws://127.0.0.1:9222/devtools/browser/ecda2cd4-e5d8-43e1-a591-3b747d417b5c
INFO:portal_qr_worker:[_ensure_browser] Reusing existing browser, WS URL: ws://127.0.0.1:9222/devtools/browser/ecda2cd4-e5d8-43e1-a591-3b747d417b5c
INFO:portal_qr_worker:[_detect_page_state] body_text_sample='tra cứu thông tin\nhướng dẫn sử dụng\nđăng xuất\ntra cứu thông tin\nhello, dao pham anh tuan\nsố giấy phát hành\n484\nkhu vực phía nam\n324\nkhu vực phía bắc\n160\nsố giấy hủy\n2\ntìm theo số hợp đồng\ntìm theo số '
INFO:portal_qr_worker:[_ensure_browser] Reusing existing browser, WS URL: ws://127.0.0.1:9222/devtools/browser/ecda2cd4-e5d8-43e1-a591-3b747d417b5c
INFO:portal_qr_worker:[_detect_page_state] body_text_sample='tra cuu thong tin\nhuong dan su dung\nang xuat\ntra cuu thong tin\nhello, dao pham anh tuan\nso giay phat hanh\n484\nkhu vuc phia nam\n324\nkhu vuc phia bac\n160\nso giay huy\n2\ntim theo so hop ong\ntim theo so ho'
INFO:portal_qr_worker:[_ensure_browser] Reusing existing browser, WS URL: ws://127.0.0.1:9222/devtools/browser/ecda2cd4-e5d8-43e1-a591-3b747d417b5c
INFO:portal_qr_worker:[_detect_page_state] body_text_sample='tra cuu thong tin\nhuong dan su dung\nang xuat\ntra cuu thong tin\nhello, dao pham anh tuan\nso giay phat hanh\n484\nkhu vuc phia nam\n324\nkhu vuc phia bac\n160\nso giay huy\n2\ntim theo so hop ong\ntim theo so ho'
INFO:portal_qr_worker:[_ensure_browser] Starting Chrome: C:\Program Files\Google\Chrome\Application\chrome.exe
INFO:portal_qr_worker:[_ensure_browser] Chrome started, WS URL: ws://127.0.0.1:9222/devtools/browser/b2082d4b-8cc5-4d66-b2e7-2d9285e75113
INFO:portal_qr_worker:[_detect_page_state] body_text_sample=''
INFO:portal_qr_worker:[open_portal] Starting
INFO:portal_qr_worker:[_ensure_browser] Reusing existing browser, WS URL: ws://127.0.0.1:9222/devtools/browser/b2082d4b-8cc5-4d66-b2e7-2d9285e75113
INFO:portal_qr_worker:[QR_PAGES] idx=0 type=about:blank url=about:blank title=
INFO:portal_qr_worker:[QR_SELECTED_PAGE] idx=0 url=about:blank reason=only_blank_available_will_navigate
INFO:portal_qr_worker:[open_portal] Selected page URL: about:blank
INFO:portal_qr_worker:[open_portal] Navigating to http://14.241.251.220:7879
INFO:portal_qr_worker:[_detect_page_state] body_text_sample='ang nhap\ntai khoan\ntai khoan\nmat khau\nmat khau\nhien thi mat khau\nang nhap'
INFO:portal_qr_worker:[open_portal] page_state=login, URL=http://14.241.251.220:7879/
INFO:portal_qr_worker:[open_portal] On login page — auto-login
INFO:portal_qr_worker:[_do_login] username filled with selector: input[type="text"]
INFO:portal_qr_worker:[_do_login] password filled with selector: input[type="password"]
INFO:portal_qr_worker:[_do_login] clicked login button: button:has-text("đăng nhập")
INFO:portal_qr_worker:[_detect_page_state] body_text_sample='tra cuu thong tin\nhuong dan su dung\nang xuat\ntra cuu thong tin\nhello, dao pham anh tuan\nso giay phat hanh\n484\nkhu vuc phia nam\n324\nkhu vuc phia bac\n160\nso giay huy\n2\ntim theo so hop ong\ntim theo so ho'
INFO:portal_qr_worker:[_do_login] Dashboard appeared after login
INFO:portal_qr_worker:[open_portal] Login successful
INFO:portal_qr_worker:[_detect_page_state] body_text_sample='tra cuu thong tin\nhuong dan su dung\nang xuat\ntra cuu thong tin\nhello, dao pham anh tuan\nso giay phat hanh\n484\nkhu vuc phia nam\n324\nkhu vuc phia bac\n160\nso giay huy\n2\ntim theo so hop ong\ntim theo so ho'
INFO:portal_qr_worker:[open_portal] Worker done — Chrome still running
INFO:portal_qr_worker:[_ensure_browser] Reusing existing browser, WS URL: ws://127.0.0.1:9222/devtools/browser/b2082d4b-8cc5-4d66-b2e7-2d9285e75113
INFO:portal_qr_worker:[_detect_page_state] body_text_sample='tra cuu thong tin\nhuong dan su dung\nang xuat\ntra cuu thong tin\nhello, dao pham anh tuan\nso giay phat hanh\n484\nkhu vuc phia nam\n324\nkhu vuc phia bac\n160\nso giay huy\n2\ntim theo so hop ong\ntim theo so ho'
INFO:portal_qr_worker:[fill_form] Starting
INFO:portal_qr_worker:[_ensure_browser] Reusing existing browser, WS URL: ws://127.0.0.1:9222/devtools/browser/b2082d4b-8cc5-4d66-b2e7-2d9285e75113
INFO:portal_qr_worker:[open_portal] Starting
INFO:portal_qr_worker:[_ensure_browser] Reusing existing browser, WS URL: ws://127.0.0.1:9222/devtools/browser/b2082d4b-8cc5-4d66-b2e7-2d9285e75113
INFO:portal_qr_worker:[QR_PAGES] idx=0 type=portal url=http://14.241.251.220:7879/dashboard/content title=Background App
INFO:portal_qr_worker:[QR_SELECTED_PAGE] idx=0 url=http://14.241.251.220:7879/dashboard/content reason=portal_url_found
INFO:portal_qr_worker:[open_portal] Selected page URL: http://14.241.251.220:7879/dashboard/content
INFO:portal_qr_worker:[open_portal] Already on portal URL: http://14.241.251.220:7879/dashboard/content
INFO:portal_qr_worker:[_detect_page_state] body_text_sample='tra cuu thong tin\nhuong dan su dung\nang xuat\ntra cuu thong tin\nhello, dao pham anh tuan\nso giay phat hanh\n484\nkhu vuc phia nam\n324\nkhu vuc phia bac\n160\nso giay huy\n2\ntim theo so hop ong\ntim theo so ho'
INFO:portal_qr_worker:[open_portal] page_state=create_form, URL=http://14.241.251.220:7879/dashboard/content
INFO:portal_qr_worker:[open_portal] Already authenticated (page_state=create_form, url=http://14.241.251.220:7879/dashboard/content)
INFO:portal_qr_worker:[open_portal] Worker done — Chrome still running
INFO:portal_qr_worker:[_ensure_browser] Reusing existing browser, WS URL: ws://127.0.0.1:9222/devtools/browser/b2082d4b-8cc5-4d66-b2e7-2d9285e75113
INFO:portal_qr_worker:[_detect_page_state] body_text_sample='tra cuu thong tin\nhuong dan su dung\nang xuat\ntra cuu thong tin\nhello, dao pham anh tuan\nso giay phat hanh\n484\nkhu vuc phia nam\n324\nkhu vuc phia bac\n160\nso giay huy\n2\ntim theo so hop ong\ntim theo so ho'
INFO:portal_qr_worker:[_detect_create_form] has_add_heading=True, has_manual_input_mode=True, label_score=4, field_count=27
INFO:portal_qr_worker:[open_portal] Starting
INFO:portal_qr_worker:[_ensure_browser] Reusing existing browser, WS URL: ws://127.0.0.1:9222/devtools/browser/b2082d4b-8cc5-4d66-b2e7-2d9285e75113
INFO:portal_qr_worker:[QR_PAGES] idx=0 type=portal url=http://14.241.251.220:7879/dashboard/content title=Background App
INFO:portal_qr_worker:[QR_SELECTED_PAGE] idx=0 url=http://14.241.251.220:7879/dashboard/content reason=portal_url_found
INFO:portal_qr_worker:[open_portal] Selected page URL: http://14.241.251.220:7879/dashboard/content
INFO:portal_qr_worker:[open_portal] Already on portal URL: http://14.241.251.220:7879/dashboard/content
INFO:portal_qr_worker:[_detect_page_state] body_text_sample='tra cuu thong tin\nhuong dan su dung\nang xuat\ntra cuu thong tin\nhello, dao pham anh tuan\nso giay phat hanh\n484\nkhu vuc phia nam\n324\nkhu vuc phia bac\n160\nso giay huy\n2\ntim theo so hop ong\ntim theo so ho'
INFO:portal_qr_worker:[open_portal] page_state=create_form, URL=http://14.241.251.220:7879/dashboard/content
INFO:portal_qr_worker:[open_portal] Already authenticated (page_state=create_form, url=http://14.241.251.220:7879/dashboard/content)
INFO:portal_qr_worker:[open_portal] Worker done — Chrome still running
INFO:portal_qr_worker:[_ensure_browser] Reusing existing browser, WS URL: ws://127.0.0.1:9222/devtools/browser/b2082d4b-8cc5-4d66-b2e7-2d9285e75113
INFO:portal_qr_worker:[_detect_page_state] body_text_sample='tra cuu thong tin\nhuong dan su dung\nang xuat\ntra cuu thong tin\nhello, dao pham anh tuan\nso giay phat hanh\n484\nkhu vuc phia nam\n324\nkhu vuc phia bac\n160\nso giay huy\n2\ntim theo so hop ong\ntim theo so ho'
INFO:portal_qr_worker:[_detect_create_form] has_add_heading=True, has_manual_input_mode=True, label_score=4, field_count=27
INFO:portal_qr_worker:[open_portal] Starting
INFO:portal_qr_worker:[_ensure_browser] Reusing existing browser, WS URL: ws://127.0.0.1:9222/devtools/browser/b2082d4b-8cc5-4d66-b2e7-2d9285e75113
INFO:portal_qr_worker:[QR_PAGES] idx=0 type=portal url=http://14.241.251.220:7879/dashboard/content title=Background App
INFO:portal_qr_worker:[QR_SELECTED_PAGE] idx=0 url=http://14.241.251.220:7879/dashboard/content reason=portal_url_found
INFO:portal_qr_worker:[open_portal] Selected page URL: http://14.241.251.220:7879/dashboard/content
INFO:portal_qr_worker:[open_portal] Already on portal URL: http://14.241.251.220:7879/dashboard/content
INFO:portal_qr_worker:[_detect_page_state] body_text_sample='tra cuu thong tin\nhuong dan su dung\nang xuat\ntra cuu thong tin\nhello, dao pham anh tuan\nso giay phat hanh\n484\nkhu vuc phia nam\n324\nkhu vuc phia bac\n160\nso giay huy\n2\ntim theo so hop ong\ntim theo so ho'
INFO:portal_qr_worker:[open_portal] page_state=create_form, URL=http://14.241.251.220:7879/dashboard/content
INFO:portal_qr_worker:[open_portal] Already authenticated (page_state=create_form, url=http://14.241.251.220:7879/dashboard/content)
INFO:portal_qr_worker:[open_portal] Worker done — Chrome still running
INFO:portal_qr_worker:[_ensure_browser] Reusing existing browser, WS URL: ws://127.0.0.1:9222/devtools/browser/b2082d4b-8cc5-4d66-b2e7-2d9285e75113
INFO:portal_qr_worker:[_detect_page_state] body_text_sample='tra cuu thong tin\nhuong dan su dung\nang xuat\ntra cuu thong tin\nhello, dao pham anh tuan\nso giay phat hanh\n484\nkhu vuc phia nam\n324\nkhu vuc phia bac\n160\nso giay huy\n2\ntim theo so hop ong\ntim theo so ho'
INFO:portal_qr_worker:[_detect_create_form] has_add_heading=True, has_manual_input_mode=True, label_score=4, field_count=28
INFO:portal_qr_worker:[QR_FILL] START field=tình trạng value='Phát hành'
INFO:portal_qr_worker:[QR_FILL] START field=tình trạng value='Phát hành'
WARNING:portal_qr_worker:[_fill_by_label] FAILED: label='tình trạng', value='Phát hành'
WARNING:portal_qr_worker:[_fill_by_label] FAILED: label='tình trạng', value='Phát hành'
WARNING:portal_qr_worker:[_fill_by_label] FAILED: label='tinh trang', value='Phát hành'
WARNING:portal_qr_worker:[QR_FILL] FAIL field=tình trạng reason=NOT_FOUND_ANY_LABEL
INFO:portal_qr_worker:[QR_FILL] START field=lĩnh vực value='Karaoke'
WARNING:portal_qr_worker:[_fill_by_label] FAILED: label='tinh trang', value='Phát hành'
WARNING:portal_qr_worker:[QR_FILL] FAIL field=tình trạng reason=NOT_FOUND_ANY_LABEL
INFO:portal_qr_worker:[QR_FILL] START field=lĩnh vực value='Karaoke'
WARNING:portal_qr_worker:[_fill_by_label] FAILED: label='lĩnh vực', value='Karaoke'
INFO:portal_qr_worker:[QR_FILL] START field=tình trạng value='Phát hành'
WARNING:portal_qr_worker:[_fill_by_label] FAILED: label='linh vuc', value='Karaoke'
WARNING:portal_qr_worker:[QR_FILL] FAIL field=lĩnh vực reason=NOT_FOUND_ANY_LABEL
WARNING:portal_qr_worker:[_fill_by_label] FAILED: label='lĩnh vực', value='Karaoke'
INFO:portal_qr_worker:[QR_FILL] START field=số hợp đồng value='HD-2024-001'
WARNING:portal_qr_worker:[_fill_by_label] FAILED: label='số hợp đồng', value='HD-2024-001'
WARNING:portal_qr_worker:[_fill_by_label] FAILED: label='so hop dong', value='HD-2024-001'
WARNING:portal_qr_worker:[QR_FILL] FAIL field=số hợp đồng reason=NOT_FOUND_ANY_LABEL
INFO:portal_qr_worker:[QR_FILL] START field=số giấy chứng nhận value='GCN-001'
WARNING:portal_qr_worker:[_fill_by_label] FAILED: label='linh vuc', value='Karaoke'
WARNING:portal_qr_worker:[QR_FILL] FAIL field=lĩnh vực reason=NOT_FOUND_ANY_LABEL
INFO:portal_qr_worker:[QR_FILL] START field=số hợp đồng value='HD-2024-001'
WARNING:portal_qr_worker:[_fill_by_label] FAILED: label='tình trạng', value='Phát hành'
WARNING:portal_qr_worker:[_fill_by_label] FAILED: label='số giấy chứng nhận', value='GCN-001'
WARNING:portal_qr_worker:[_fill_by_label] FAILED: label='so giay chung nhan', value='GCN-001'
WARNING:portal_qr_worker:[QR_FILL] FAIL field=số giấy chứng nhận reason=NOT_FOUND_ANY_LABEL
INFO:portal_qr_worker:[QR_FILL] START field=ngày bắt đầu value='01/01/2025'
WARNING:portal_qr_worker:[_fill_by_label] FAILED: label='số hợp đồng', value='HD-2024-001'
WARNING:portal_qr_worker:[_fill_by_label] FAILED: label='ngày bắt đầu', value='01/01/2025'
WARNING:portal_qr_worker:[_fill_by_label] FAILED: label='tinh trang', value='Phát hành'
WARNING:portal_qr_worker:[QR_FILL] FAIL field=tình trạng reason=NOT_FOUND_ANY_LABEL
INFO:portal_qr_worker:[QR_FILL] START field=lĩnh vực value='Karaoke'
WARNING:portal_qr_worker:[_fill_by_label] FAILED: label='ngay bat dau', value='01/01/2025'
WARNING:portal_qr_worker:[_fill_by_label] FAILED: label='bắt đầu', value='01/01/2025'
WARNING:portal_qr_worker:[QR_FILL] FAIL field=ngày bắt đầu reason=NOT_FOUND_ANY_LABEL
INFO:portal_qr_worker:[QR_FILL] START field=ngày kết thúc value='31/12/2025'
WARNING:portal_qr_worker:[_fill_by_label] FAILED: label='ngày kết thúc', value='31/12/2025'
WARNING:portal_qr_worker:[_fill_by_label] FAILED: label='so hop dong', value='HD-2024-001'
WARNING:portal_qr_worker:[QR_FILL] FAIL field=số hợp đồng reason=NOT_FOUND_ANY_LABEL
INFO:portal_qr_worker:[QR_FILL] START field=số giấy chứng nhận value='GCN-001'
WARNING:portal_qr_worker:[_fill_by_label] FAILED: label='ngay ket thuc', value='31/12/2025'
WARNING:portal_qr_worker:[_fill_by_label] FAILED: label='lĩnh vực', value='Karaoke'
WARNING:portal_qr_worker:[_fill_by_label] FAILED: label='kết thúc', value='31/12/2025'
WARNING:portal_qr_worker:[QR_FILL] FAIL field=ngày kết thúc reason=NOT_FOUND_ANY_LABEL
INFO:portal_qr_worker:[QR_FILL] START field=tên đơn vị value='Quan Karaoke Test'
WARNING:portal_qr_worker:[_fill_by_label] FAILED: label='tên đơn vị', value='Quan Karaoke Test'
WARNING:portal_qr_worker:[_fill_by_label] FAILED: label='số giấy chứng nhận', value='GCN-001'
WARNING:portal_qr_worker:[_fill_by_label] FAILED: label='linh vuc', value='Karaoke'
WARNING:portal_qr_worker:[QR_FILL] FAIL field=lĩnh vực reason=NOT_FOUND_ANY_LABEL
INFO:portal_qr_worker:[QR_FILL] START field=số hợp đồng value='HD-2024-001'
WARNING:portal_qr_worker:[_fill_by_label] FAILED: label='ten don vi', value='Quan Karaoke Test'
WARNING:portal_qr_worker:[_fill_by_label] FAILED: label='đơn vị', value='Quan Karaoke Test'
WARNING:portal_qr_worker:[QR_FILL] FAIL field=tên đơn vị reason=NOT_FOUND_ANY_LABEL
WARNING:portal_qr_worker:[_fill_by_label] FAILED: label='so giay chung nhan', value='GCN-001'
WARNING:portal_qr_worker:[QR_FILL] FAIL field=số giấy chứng nhận reason=NOT_FOUND_ANY_LABEL
INFO:portal_qr_worker:[QR_FILL] START field=ngày bắt đầu value='01/01/2025'
WARNING:portal_qr_worker:[_fill_by_label] FAILED: label='số hợp đồng', value='HD-2024-001'
WARNING:portal_qr_worker:[_fill_by_label] FAILED: label='ngày bắt đầu', value='01/01/2025'
WARNING:portal_qr_worker:[_fill_by_label] FAILED: label='so hop dong', value='HD-2024-001'
WARNING:portal_qr_worker:[QR_FILL] FAIL field=số hợp đồng reason=NOT_FOUND_ANY_LABEL
INFO:portal_qr_worker:[QR_FILL] START field=số giấy chứng nhận value='GCN-001'
WARNING:portal_qr_worker:[_fill_by_label] FAILED: label='số giấy chứng nhận', value='GCN-001'
WARNING:portal_qr_worker:[_fill_by_label] FAILED: label='ngay bat dau', value='01/01/2025'
WARNING:portal_qr_worker:[_fill_by_label] FAILED: label='so giay chung nhan', value='GCN-001'
WARNING:portal_qr_worker:[QR_FILL] FAIL field=ngày bắt đầu reason=NOT_FOUND_ANY_LABEL
INFO:portal_qr_worker:[QR_FILL] START field=ngày kết thúc value='31/12/2025'
WARNING:portal_qr_worker:[QR_FILL] FAIL field=số giấy chứng nhận reason=NOT_FOUND_ANY_LABEL
INFO:portal_qr_worker:[QR_FILL] START field=ngày bắt đầu value='01/01/2025'
WARNING:portal_qr_worker:[_fill_by_label] FAILED: label='ngày kết thúc', value='31/12/2025'
WARNING:portal_qr_worker:[_fill_by_label] FAILED: label='ngày bắt đầu', value='01/01/2025'
WARNING:portal_qr_worker:[_fill_by_label] FAILED: label='ngay ket thuc', value='31/12/2025'
WARNING:portal_qr_worker:[_fill_by_label] FAILED: label='ngay bat dau', value='01/01/2025'
WARNING:portal_qr_worker:[_fill_by_label] FAILED: label='kết thúc', value='31/12/2025'
WARNING:portal_qr_worker:[QR_FILL] FAIL field=ngày kết thúc reason=NOT_FOUND_ANY_LABEL
INFO:portal_qr_worker:[QR_FILL] START field=tên đơn vị value='Quan Karaoke Test'
WARNING:portal_qr_worker:[_fill_by_label] FAILED: label='bắt đầu', value='01/01/2025'
WARNING:portal_qr_worker:[QR_FILL] FAIL field=ngày bắt đầu reason=NOT_FOUND_ANY_LABEL
INFO:portal_qr_worker:[QR_FILL] START field=ngày kết thúc value='31/12/2025'
WARNING:portal_qr_worker:[_fill_by_label] FAILED: label='ngày kết thúc', value='31/12/2025'
WARNING:portal_qr_worker:[_fill_by_label] FAILED: label='tên đơn vị', value='Quan Karaoke Test'
WARNING:portal_qr_worker:[_fill_by_label] FAILED: label='ngay ket thuc', value='31/12/2025'
WARNING:portal_qr_worker:[_fill_by_label] FAILED: label='ten don vi', value='Quan Karaoke Test'
WARNING:portal_qr_worker:[_fill_by_label] FAILED: label='kết thúc', value='31/12/2025'
WARNING:portal_qr_worker:[QR_FILL] FAIL field=ngày kết thúc reason=NOT_FOUND_ANY_LABEL
INFO:portal_qr_worker:[QR_FILL] START field=tên đơn vị value='Quan Karaoke Test'
WARNING:portal_qr_worker:[_fill_by_label] FAILED: label='đơn vị', value='Quan Karaoke Test'
WARNING:portal_qr_worker:[QR_FILL] FAIL field=tên đơn vị reason=NOT_FOUND_ANY_LABEL
WARNING:portal_qr_worker:[_fill_by_label] FAILED: label='tên đơn vị', value='Quan Karaoke Test'
WARNING:portal_qr_worker:[_fill_by_label] FAILED: label='ten don vi', value='Quan Karaoke Test'
WARNING:portal_qr_worker:[_fill_by_label] FAILED: label='đơn vị', value='Quan Karaoke Test'
WARNING:portal_qr_worker:[QR_FILL] FAIL field=tên đơn vị reason=NOT_FOUND_ANY_LABEL
INFO:portal_qr_worker:[_ensure_browser] Starting Chrome: C:\Program Files\Google\Chrome\Application\chrome.exe
INFO:portal_qr_worker:[_ensure_browser] Chrome started, WS URL: ws://127.0.0.1:9222/devtools/browser/4df84bd7-2d0f-4fe3-b856-3cc4f10168aa
INFO:portal_qr_worker:[_ensure_browser] Reusing existing browser, WS URL: ws://127.0.0.1:9222/devtools/browser/4df84bd7-2d0f-4fe3-b856-3cc4f10168aa
INFO:portal_qr_worker:[_detect_page_state] body_text_sample='ang nhap\ntai khoan\ntai khoan\nmat khau\nmat khau\nhien thi mat khau\nang nhap'
INFO:portal_qr_worker:[_detect_page_state] body_text_sample='tra cuu thong tin\nhuong dan su dung\nang xuat\ntra cuu thong tin\nhello, dao pham anh tuan\nso giay phat hanh\n484\nkhu vuc phia nam\n324\nkhu vuc phia bac\n160\nso giay huy\n2\ntim theo so hop ong\ntim theo so ho'
INFO:portal_qr_worker:[open_portal] Starting
INFO:portal_qr_worker:[_ensure_browser] Reusing existing browser, WS URL: ws://127.0.0.1:9222/devtools/browser/4df84bd7-2d0f-4fe3-b856-3cc4f10168aa
INFO:portal_qr_worker:[QR_PAGES] idx=0 type=portal url=http://14.241.251.220:7879/dashboard/content title=Background App
INFO:portal_qr_worker:[QR_SELECTED_PAGE] idx=0 url=http://14.241.251.220:7879/dashboard/content reason=portal_url_found
INFO:portal_qr_worker:[open_portal] Selected page URL: http://14.241.251.220:7879/dashboard/content
INFO:portal_qr_worker:[open_portal] Already on portal URL: http://14.241.251.220:7879/dashboard/content
INFO:portal_qr_worker:[_detect_page_state] body_text_sample='tra cuu thong tin\nhuong dan su dung\nang xuat\ntra cuu thong tin\nhello, dao pham anh tuan\nso giay phat hanh\n484\nkhu vuc phia nam\n324\nkhu vuc phia bac\n160\nso giay huy\n2\ntim theo so hop ong\ntim theo so ho'
INFO:portal_qr_worker:[open_portal] page_state=create_form, URL=http://14.241.251.220:7879/dashboard/content
INFO:portal_qr_worker:[open_portal] Already authenticated (page_state=create_form, url=http://14.241.251.220:7879/dashboard/content)
INFO:portal_qr_worker:[open_portal] Worker done — Chrome still running
INFO:portal_qr_worker:[_ensure_browser] Reusing existing browser, WS URL: ws://127.0.0.1:9222/devtools/browser/4df84bd7-2d0f-4fe3-b856-3cc4f10168aa
INFO:portal_qr_worker:[_detect_page_state] body_text_sample='tra cuu thong tin\nhuong dan su dung\nang xuat\ntra cuu thong tin\nhello, dao pham anh tuan\nso giay phat hanh\n484\nkhu vuc phia nam\n324\nkhu vuc phia bac\n160\nso giay huy\n2\ntim theo so hop ong\ntim theo so ho'
INFO:portal_qr_worker:[_detect_create_form] has_add_heading=True, has_manual_input_mode=True, label_score=4, field_count=28
INFO:portal_qr_worker:[QR_FILL] START field=tình trạng value='Phát hành'
WARNING:portal_qr_worker:[_fill_by_label] FAILED: label='tình trạng', value='Phát hành'
WARNING:portal_qr_worker:[_fill_by_label] FAILED: label='tinh trang', value='Phát hành'
WARNING:portal_qr_worker:[QR_FILL] FAIL field=tình trạng reason=NOT_FOUND_ANY_LABEL
INFO:portal_qr_worker:[QR_FILL] START field=lĩnh vực value='Karaoke'
WARNING:portal_qr_worker:[_fill_by_label] FAILED: label='lĩnh vực', value='Karaoke'
WARNING:portal_qr_worker:[_fill_by_label] FAILED: label='linh vuc', value='Karaoke'
WARNING:portal_qr_worker:[QR_FILL] FAIL field=lĩnh vực reason=NOT_FOUND_ANY_LABEL
INFO:portal_qr_worker:[QR_FILL] START field=số hợp đồng value='HD-2024-001'
WARNING:portal_qr_worker:[_fill_by_label] No name mapping for label='số hợp đồng'
WARNING:portal_qr_worker:[_fill_by_label] FAILED: label='so hop dong', value='HD-2024-001'
WARNING:portal_qr_worker:[QR_FILL] FAIL field=số hợp đồng reason=NOT_FOUND_ANY_LABEL
INFO:portal_qr_worker:[QR_FILL] START field=số giấy chứng nhận value='GCN-001'
WARNING:portal_qr_worker:[_fill_by_label] FAILED: label='số giấy chứng nhận', value='GCN-001'
WARNING:portal_qr_worker:[_fill_by_label] FAILED: label='so giay chung nhan', value='GCN-001'
WARNING:portal_qr_worker:[QR_FILL] FAIL field=số giấy chứng nhận reason=NOT_FOUND_ANY_LABEL
INFO:portal_qr_worker:[QR_FILL] START field=ngày bắt đầu value='01/01/2025'
WARNING:portal_qr_worker:[_fill_by_label] No name mapping for label='ngày bắt đầu'
WARNING:portal_qr_worker:[_fill_by_label] FAILED: label='ngay bat dau', value='01/01/2025'
WARNING:portal_qr_worker:[_fill_by_label] No name mapping for label='bắt đầu'
WARNING:portal_qr_worker:[QR_FILL] FAIL field=ngày bắt đầu reason=NOT_FOUND_ANY_LABEL
INFO:portal_qr_worker:[QR_FILL] START field=ngày kết thúc value='31/12/2025'
WARNING:portal_qr_worker:[_fill_by_label] FAILED: label='ngày kết thúc', value='31/12/2025'
WARNING:portal_qr_worker:[_fill_by_label] FAILED: label='ngay ket thuc', value='31/12/2025'
WARNING:portal_qr_worker:[_fill_by_label] No name mapping for label='kết thúc'
WARNING:portal_qr_worker:[QR_FILL] FAIL field=ngày kết thúc reason=NOT_FOUND_ANY_LABEL
INFO:portal_qr_worker:[QR_FILL] START field=tên đơn vị value='Quan Karaoke Test'
WARNING:portal_qr_worker:[_fill_by_label] No name mapping for label='tên đơn vị'
WARNING:portal_qr_worker:[_fill_by_label] FAILED: label='ten don vi', value='Quan Karaoke Test'
WARNING:portal_qr_worker:[_fill_by_label] No name mapping for label='đơn vị'
WARNING:portal_qr_worker:[QR_FILL] FAIL field=tên đơn vị reason=NOT_FOUND_ANY_LABEL
INFO:portal_qr_worker:[open_portal] Starting
INFO:portal_qr_worker:[_ensure_browser] Starting Chrome: C:\Program Files\Google\Chrome\Application\chrome.exe
INFO:portal_qr_worker:[_ensure_browser] Chrome started, WS URL: ws://127.0.0.1:9222/devtools/browser/f2ecc25e-c6aa-452c-a60d-350a0bde937f
INFO:portal_qr_worker:[QR_PAGES] idx=0 type=about:blank url=about:blank title=
INFO:portal_qr_worker:[QR_SELECTED_PAGE] idx=0 url=about:blank reason=only_blank_available_will_navigate
INFO:portal_qr_worker:[open_portal] Selected page URL: about:blank
INFO:portal_qr_worker:[open_portal] Navigating to http://14.241.251.220:7879
INFO:portal_qr_worker:[_detect_page_state] body_text_sample='ang nhap\ntai khoan\ntai khoan\nmat khau\nmat khau\nhien thi mat khau\nang nhap'
INFO:portal_qr_worker:[open_portal] page_state=login, URL=http://14.241.251.220:7879/
INFO:portal_qr_worker:[open_portal] On login page — auto-login
INFO:portal_qr_worker:[_do_login] username filled with selector: input[type="text"]
INFO:portal_qr_worker:[_do_login] password filled with selector: input[type="password"]
INFO:portal_qr_worker:[_do_login] clicked login button: button:has-text("đăng nhập")
INFO:portal_qr_worker:[_detect_page_state] body_text_sample='tra cuu thong tin\nhuong dan su dung\nang xuat\ntra cuu thong tin\nhello, dao pham anh tuan\nso giay phat hanh\n484\nkhu vuc phia nam\n324\nkhu vuc phia bac\n160\nso giay huy\n2\ntim theo so hop ong\ntim theo so ho'
INFO:portal_qr_worker:[_do_login] Dashboard appeared after login
INFO:portal_qr_worker:[open_portal] Login successful
INFO:portal_qr_worker:[_detect_page_state] body_text_sample='tra cuu thong tin\nhuong dan su dung\nang xuat\ntra cuu thong tin\nhello, dao pham anh tuan\nso giay phat hanh\n484\nkhu vuc phia nam\n324\nkhu vuc phia bac\n160\nso giay huy\n2\ntim theo so hop ong\ntim theo so ho'
INFO:portal_qr_worker:[open_portal] Worker done — Chrome still running
INFO:portal_qr_worker:[_ensure_browser] Reusing existing browser, WS URL: ws://127.0.0.1:9222/devtools/browser/f2ecc25e-c6aa-452c-a60d-350a0bde937f
INFO:portal_qr_worker:[_detect_page_state] body_text_sample='tra cuu thong tin\nhuong dan su dung\nang xuat\ntra cuu thong tin\nhello, dao pham anh tuan\nso giay phat hanh\n484\nkhu vuc phia nam\n324\nkhu vuc phia bac\n160\nso giay huy\n2\ntim theo so hop ong\ntim theo so ho'
INFO:portal_qr_worker:[_detect_create_form] has_add_heading=True, has_manual_input_mode=True, label_score=4, field_count=28
INFO:portal_qr_worker:[QR_FILL] START field=tình trạng value='Phát hành'
WARNING:portal_qr_worker:[_fill_by_label] name=tinh_trang attempt failed: Locator.count: Target page, context or browser has been closed
WARNING:portal_qr_worker:[_fill_by_label] name=tinh_trang attempt failed: Locator.count: Target page, context or browser has been closed
WARNING:portal_qr_worker:[_fill_by_label] name=tinh_trang attempt failed: Locator.count: Target page, context or browser has been closed
WARNING:portal_qr_worker:[_fill_by_label] name=tinh_trang attempt failed: Locator.count: Target page, context or browser has been closed
WARNING:portal_qr_worker:[_fill_by_label] FAILED: label='tình trạng', value='Phát hành'
WARNING:portal_qr_worker:[_fill_by_label] name=tinh_trang attempt failed: Locator.count: Target page, context or browser has been closed
WARNING:portal_qr_worker:[_fill_by_label] name=tinh_trang attempt failed: Locator.count: Target page, context or browser has been closed
WARNING:portal_qr_worker:[_fill_by_label] name=tinh_trang attempt failed: Locator.count: Target page, context or browser has been closed
WARNING:portal_qr_worker:[_fill_by_label] name=tinh_trang attempt failed: Locator.count: Target page, context or browser has been closed
WARNING:portal_qr_worker:[_fill_by_label] FAILED: label='tinh trang', value='Phát hành'
WARNING:portal_qr_worker:[QR_FILL] FAIL field=tình trạng reason=NOT_FOUND_ANY_LABEL
INFO:portal_qr_worker:[QR_FILL] START field=lĩnh vực value='Karaoke'
WARNING:portal_qr_worker:[_fill_by_label] name=linh_vuc attempt failed: Locator.count: Target page, context or browser has been closed
WARNING:portal_qr_worker:[_fill_by_label] name=linh_vuc attempt failed: Locator.count: Target page, context or browser has been closed
WARNING:portal_qr_worker:[_fill_by_label] name=linh_vuc attempt failed: Locator.count: Target page, context or browser has been closed
WARNING:portal_qr_worker:[_fill_by_label] name=linh_vuc attempt failed: Locator.count: Target page, context or browser has been closed
WARNING:portal_qr_worker:[_fill_by_label] FAILED: label='lĩnh vực', value='Karaoke'
WARNING:portal_qr_worker:[_fill_by_label] name=linh_vuc attempt failed: Locator.count: Target page, context or browser has been closed
WARNING:portal_qr_worker:[_fill_by_label] name=linh_vuc attempt failed: Locator.count: Target page, context or browser has been closed
WARNING:portal_qr_worker:[_fill_by_label] name=linh_vuc attempt failed: Locator.count: Target page, context or browser has been closed
WARNING:portal_qr_worker:[_fill_by_label] name=linh_vuc attempt failed: Locator.count: Target page, context or browser has been closed
WARNING:portal_qr_worker:[_fill_by_label] FAILED: label='linh vuc', value='Karaoke'
WARNING:portal_qr_worker:[QR_FILL] FAIL field=lĩnh vực reason=NOT_FOUND_ANY_LABEL
INFO:portal_qr_worker:[QR_FILL] START field=số hợp đồng value='HD-2024-001'
WARNING:portal_qr_worker:[_fill_by_label] No name mapping for label='số hợp đồng'
WARNING:portal_qr_worker:[_fill_by_label] name=so_hop_dong attempt failed: Locator.count: Target page, context or browser has been closed
WARNING:portal_qr_worker:[_fill_by_label] name=so_hop_dong attempt failed: Locator.count: Target page, context or browser has been closed
WARNING:portal_qr_worker:[_fill_by_label] name=so_hop_dong attempt failed: Locator.count: Target page, context or browser has been closed
WARNING:portal_qr_worker:[_fill_by_label] name=so_hop_dong attempt failed: Locator.count: Target page, context or browser has been closed
WARNING:portal_qr_worker:[_fill_by_label] FAILED: label='so hop dong', value='HD-2024-001'
WARNING:portal_qr_worker:[QR_FILL] FAIL field=số hợp đồng reason=NOT_FOUND_ANY_LABEL
INFO:portal_qr_worker:[QR_FILL] START field=số giấy chứng nhận value='GCN-001'
WARNING:portal_qr_worker:[_fill_by_label] name=so_giay_chung_nhan attempt failed: Locator.count: Target page, context or browser has been closed
WARNING:portal_qr_worker:[_fill_by_label] name=so_giay_chung_nhan attempt failed: Locator.count: Target page, context or browser has been closed
WARNING:portal_qr_worker:[_fill_by_label] name=so_giay_chung_nhan attempt failed: Locator.count: Target page, context or browser has been closed
WARNING:portal_qr_worker:[_fill_by_label] name=so_giay_chung_nhan attempt failed: Locator.count: Target page, context or browser has been closed
WARNING:portal_qr_worker:[_fill_by_label] FAILED: label='số giấy chứng nhận', value='GCN-001'
WARNING:portal_qr_worker:[_fill_by_label] name=so_giay_chung_nhan attempt failed: Locator.count: Target page, context or browser has been closed
WARNING:portal_qr_worker:[_fill_by_label] name=so_giay_chung_nhan attempt failed: Locator.count: Target page, context or browser has been closed
WARNING:portal_qr_worker:[_fill_by_label] name=so_giay_chung_nhan attempt failed: Locator.count: Target page, context or browser has been closed
WARNING:portal_qr_worker:[_fill_by_label] name=so_giay_chung_nhan attempt failed: Locator.count: Target page, context or browser has been closed
WARNING:portal_qr_worker:[_fill_by_label] FAILED: label='so giay chung nhan', value='GCN-001'
WARNING:portal_qr_worker:[QR_FILL] FAIL field=số giấy chứng nhận reason=NOT_FOUND_ANY_LABEL
INFO:portal_qr_worker:[QR_FILL] START field=ngày bắt đầu value='01/01/2025'
WARNING:portal_qr_worker:[_fill_by_label] No name mapping for label='ngày bắt đầu'
WARNING:portal_qr_worker:[_fill_by_label] name=ngay_bat_dau attempt failed: Locator.count: Target page, context or browser has been closed
WARNING:portal_qr_worker:[_fill_by_label] name=ngay_bat_dau attempt failed: Locator.count: Target page, context or browser has been closed
WARNING:portal_qr_worker:[_fill_by_label] name=ngay_bat_dau attempt failed: Locator.count: Target page, context or browser has been closed
WARNING:portal_qr_worker:[_fill_by_label] name=ngay_bat_dau attempt failed: Locator.count: Target page, context or browser has been closed
WARNING:portal_qr_worker:[_fill_by_label] FAILED: label='ngay bat dau', value='01/01/2025'
WARNING:portal_qr_worker:[_fill_by_label] No name mapping for label='bắt đầu'
WARNING:portal_qr_worker:[QR_FILL] FAIL field=ngày bắt đầu reason=NOT_FOUND_ANY_LABEL
INFO:portal_qr_worker:[QR_FILL] START field=ngày kết thúc value='31/12/2025'
WARNING:portal_qr_worker:[_fill_by_label] name=ngay_ket_thuc attempt failed: Locator.count: Target page, context or browser has been closed
WARNING:portal_qr_worker:[_fill_by_label] name=ngay_ket_thuc attempt failed: Locator.count: Target page, context or browser has been closed
WARNING:portal_qr_worker:[_fill_by_label] name=ngay_ket_thuc attempt failed: Locator.count: Target page, context or browser has been closed
WARNING:portal_qr_worker:[_fill_by_label] name=ngay_ket_thuc attempt failed: Locator.count: Target page, context or browser has been closed
WARNING:portal_qr_worker:[_fill_by_label] FAILED: label='ngày kết thúc', value='31/12/2025'
WARNING:portal_qr_worker:[_fill_by_label] name=ngay_ket_thuc attempt failed: Locator.count: Target page, context or browser has been closed
WARNING:portal_qr_worker:[_fill_by_label] name=ngay_ket_thuc attempt failed: Locator.count: Target page, context or browser has been closed
WARNING:portal_qr_worker:[_fill_by_label] name=ngay_ket_thuc attempt failed: Locator.count: Target page, context or browser has been closed
WARNING:portal_qr_worker:[_fill_by_label] name=ngay_ket_thuc attempt failed: Locator.count: Target page, context or browser has been closed
WARNING:portal_qr_worker:[_fill_by_label] FAILED: label='ngay ket thuc', value='31/12/2025'
WARNING:portal_qr_worker:[_fill_by_label] No name mapping for label='kết thúc'
WARNING:portal_qr_worker:[QR_FILL] FAIL field=ngày kết thúc reason=NOT_FOUND_ANY_LABEL
INFO:portal_qr_worker:[QR_FILL] START field=tên đơn vị value='Quan Karaoke Test'
WARNING:portal_qr_worker:[_fill_by_label] No name mapping for label='tên đơn vị'
WARNING:portal_qr_worker:[_fill_by_label] name=ten_don_vi attempt failed: Locator.count: Target page, context or browser has been closed
WARNING:portal_qr_worker:[_fill_by_label] name=ten_don_vi attempt failed: Locator.count: Target page, context or browser has been closed
WARNING:portal_qr_worker:[_fill_by_label] name=ten_don_vi attempt failed: Locator.count: Target page, context or browser has been closed
WARNING:portal_qr_worker:[_fill_by_label] name=ten_don_vi attempt failed: Locator.count: Target page, context or browser has been closed
WARNING:portal_qr_worker:[_fill_by_label] FAILED: label='ten don vi', value='Quan Karaoke Test'
WARNING:portal_qr_worker:[_fill_by_label] No name mapping for label='đơn vị'
WARNING:portal_qr_worker:[QR_FILL] FAIL field=tên đơn vị reason=NOT_FOUND_ANY_LABEL
INFO:portal_qr_worker:[_ensure_browser] Starting Chrome: C:\Program Files\Google\Chrome\Application\chrome.exe
INFO:portal_qr_worker:[_ensure_browser] Chrome started, WS URL: ws://127.0.0.1:9222/devtools/browser/9da88cb5-52e6-47f7-a866-79c96812decf
INFO:portal_qr_worker:[_detect_page_state] body_text_sample=''
INFO:portal_qr_worker:[_detect_page_state] body_text_sample=''
INFO:portal_qr_worker:[_ensure_browser] Reusing existing browser, WS URL: ws://127.0.0.1:9222/devtools/browser/9da88cb5-52e6-47f7-a866-79c96812decf
INFO:portal_qr_worker:[_detect_page_state] body_text_sample=''
INFO:portal_qr_worker:[_detect_page_state] body_text_sample=''
INFO:portal_qr_worker:[_ensure_browser] Reusing existing browser, WS URL: ws://127.0.0.1:9222/devtools/browser/9da88cb5-52e6-47f7-a866-79c96812decf
INFO:portal_qr_worker:[_ensure_browser] Reusing existing browser, WS URL: ws://127.0.0.1:9222/devtools/browser/9da88cb5-52e6-47f7-a866-79c96812decf
INFO:portal_qr_worker:[_ensure_browser] Reusing existing browser, WS URL: ws://127.0.0.1:9222/devtools/browser/9da88cb5-52e6-47f7-a866-79c96812decf
INFO:portal_qr_worker:[open_portal] Starting
INFO:portal_qr_worker:[_ensure_browser] Reusing existing browser, WS URL: ws://127.0.0.1:9222/devtools/browser/9da88cb5-52e6-47f7-a866-79c96812decf
INFO:portal_qr_worker:[QR_PAGES] idx=0 type=about:blank url=about:blank title=
INFO:portal_qr_worker:[QR_PAGES] idx=1 type=portal url=http://14.241.251.220:7879/ title=Background App
INFO:portal_qr_worker:[QR_SELECTED_PAGE] idx=1 url=http://14.241.251.220:7879/ reason=portal_url_found
INFO:portal_qr_worker:[open_portal] Selected page URL: http://14.241.251.220:7879/
INFO:portal_qr_worker:[open_portal] Already on portal URL: http://14.241.251.220:7879/
INFO:portal_qr_worker:[_detect_page_state] body_text_sample='ang nhap\ntai khoan\ntai khoan\nmat khau\nmat khau\nhien thi mat khau\nang nhap'
INFO:portal_qr_worker:[open_portal] page_state=login, URL=http://14.241.251.220:7879/
INFO:portal_qr_worker:[open_portal] On login page — auto-login
INFO:portal_qr_worker:[_do_login] username filled with selector: input[type="text"]
INFO:portal_qr_worker:[_do_login] password filled with selector: input[type="password"]
INFO:portal_qr_worker:[_do_login] clicked login button: button:has-text("đăng nhập")
INFO:portal_qr_worker:[_detect_page_state] body_text_sample='tra cuu thong tin\nhuong dan su dung\nang xuat\ntra cuu thong tin\nhello, dao pham anh tuan\nso giay phat hanh\n484\nkhu vuc phia nam\n324\nkhu vuc phia bac\n160\nso giay huy\n2\ntim theo so hop ong\ntim theo so ho'
INFO:portal_qr_worker:[_do_login] Dashboard appeared after login
INFO:portal_qr_worker:[open_portal] Login successful
INFO:portal_qr_worker:[_detect_page_state] body_text_sample='tra cuu thong tin\nhuong dan su dung\nang xuat\ntra cuu thong tin\nhello, dao pham anh tuan\nso giay phat hanh\n484\nkhu vuc phia nam\n324\nkhu vuc phia bac\n160\nso giay huy\n2\ntim theo so hop ong\ntim theo so ho'
INFO:portal_qr_worker:[open_portal] Worker done — Chrome still running
INFO:portal_qr_worker:[_ensure_browser] Reusing existing browser, WS URL: ws://127.0.0.1:9222/devtools/browser/9da88cb5-52e6-47f7-a866-79c96812decf
INFO:portal_qr_worker:[_detect_page_state] body_text_sample='tra cuu thong tin\nhuong dan su dung\nang xuat\ntra cuu thong tin\nhello, dao pham anh tuan\nso giay phat hanh\n484\nkhu vuc phia nam\n324\nkhu vuc phia bac\n160\nso giay huy\n2\ntim theo so hop ong\ntim theo so ho'
INFO:portal_qr_worker:[_detect_create_form] has_add_heading=True, has_manual_input_mode=True, label_score=4, field_count=28
INFO:portal_qr_worker:[open_portal] Starting
INFO:portal_qr_worker:[_ensure_browser] Reusing existing browser, WS URL: ws://127.0.0.1:9222/devtools/browser/9da88cb5-52e6-47f7-a866-79c96812decf
INFO:portal_qr_worker:[QR_PAGES] idx=0 type=about:blank url=about:blank title=
INFO:portal_qr_worker:[QR_PAGES] idx=1 type=portal url=http://14.241.251.220:7879/dashboard/content title=Background App
INFO:portal_qr_worker:[QR_SELECTED_PAGE] idx=1 url=http://14.241.251.220:7879/dashboard/content reason=portal_url_found
INFO:portal_qr_worker:[open_portal] Selected page URL: http://14.241.251.220:7879/dashboard/content
INFO:portal_qr_worker:[open_portal] Already on portal URL: http://14.241.251.220:7879/dashboard/content
INFO:portal_qr_worker:[_detect_page_state] body_text_sample='tra cuu thong tin\nhuong dan su dung\nang xuat\ntra cuu thong tin\nhello, dao pham anh tuan\nso giay phat hanh\n484\nkhu vuc phia nam\n324\nkhu vuc phia bac\n160\nso giay huy\n2\ntim theo so hop ong\ntim theo so ho'
INFO:portal_qr_worker:[open_portal] page_state=create_form, URL=http://14.241.251.220:7879/dashboard/content
INFO:portal_qr_worker:[open_portal] Already authenticated (page_state=create_form, url=http://14.241.251.220:7879/dashboard/content)
INFO:portal_qr_worker:[open_portal] Worker done — Chrome still running
INFO:portal_qr_worker:[_ensure_browser] Reusing existing browser, WS URL: ws://127.0.0.1:9222/devtools/browser/9da88cb5-52e6-47f7-a866-79c96812decf
INFO:portal_qr_worker:[_detect_page_state] body_text_sample='tra cuu thong tin\nhuong dan su dung\nang xuat\ntra cuu thong tin\nhello, dao pham anh tuan\nso giay phat hanh\n484\nkhu vuc phia nam\n324\nkhu vuc phia bac\n160\nso giay huy\n2\ntim theo so hop ong\ntim theo so ho'
INFO:portal_qr_worker:[_detect_create_form] has_add_heading=True, has_manual_input_mode=True, label_score=4, field_count=28
INFO:portal_qr_worker:[open_portal] Starting
INFO:portal_qr_worker:[_ensure_browser] Reusing existing browser, WS URL: ws://127.0.0.1:9222/devtools/browser/9da88cb5-52e6-47f7-a866-79c96812decf
INFO:portal_qr_worker:[QR_PAGES] idx=0 type=about:blank url=about:blank title=
INFO:portal_qr_worker:[QR_PAGES] idx=1 type=portal url=http://14.241.251.220:7879/dashboard/content title=Background App
INFO:portal_qr_worker:[QR_SELECTED_PAGE] idx=1 url=http://14.241.251.220:7879/dashboard/content reason=portal_url_found
INFO:portal_qr_worker:[open_portal] Selected page URL: http://14.241.251.220:7879/dashboard/content
INFO:portal_qr_worker:[open_portal] Already on portal URL: http://14.241.251.220:7879/dashboard/content
INFO:portal_qr_worker:[_detect_page_state] body_text_sample='tra cuu thong tin\nhuong dan su dung\nang xuat\ntra cuu thong tin\nhello, dao pham anh tuan\nso giay phat hanh\n484\nkhu vuc phia nam\n324\nkhu vuc phia bac\n160\nso giay huy\n2\ntim theo so hop ong\ntim theo so ho'
INFO:portal_qr_worker:[open_portal] page_state=create_form, URL=http://14.241.251.220:7879/dashboard/content
INFO:portal_qr_worker:[open_portal] Already authenticated (page_state=create_form, url=http://14.241.251.220:7879/dashboard/content)
INFO:portal_qr_worker:[open_portal] Worker done — Chrome still running
INFO:portal_qr_worker:[_ensure_browser] Reusing existing browser, WS URL: ws://127.0.0.1:9222/devtools/browser/9da88cb5-52e6-47f7-a866-79c96812decf
INFO:portal_qr_worker:[_detect_page_state] body_text_sample='tra cuu thong tin\nhuong dan su dung\nang xuat\ntra cuu thong tin\nhello, dao pham anh tuan\nso giay phat hanh\n484\nkhu vuc phia nam\n324\nkhu vuc phia bac\n160\nso giay huy\n2\ntim theo so hop ong\ntim theo so ho'
INFO:portal_qr_worker:[_detect_create_form] has_add_heading=True, has_manual_input_mode=True, label_score=4, field_count=28
INFO:portal_qr_worker:[_ensure_browser] Reusing existing browser, WS URL: ws://127.0.0.1:9222/devtools/browser/9da88cb5-52e6-47f7-a866-79c96812decf
INFO:portal_qr_worker:[_detect_page_state] body_text_sample='tra cuu thong tin\nhuong dan su dung\nang xuat\ntra cuu thong tin\nhello, dao pham anh tuan\nso giay phat hanh\n484\nkhu vuc phia nam\n324\nkhu vuc phia bac\n160\nso giay huy\n2\ntim theo so hop ong\ntim theo so ho'
INFO:portal_qr_worker:[_detect_page_state] body_text_sample='tra cuu thong tin\nhuong dan su dung\nang xuat\ntra cuu thong tin\nhello, dao pham anh tuan\nso giay phat hanh\n484\nkhu vuc phia nam\n324\nkhu vuc phia bac\n160\nso giay huy\n2\ntim theo so hop ong\ntim theo so ho'
INFO:portal_qr_worker:[_detect_create_form] has_add_heading=True, has_manual_input_mode=True, label_score=4, field_count=28
INFO:portal_qr_worker:[QR_FILL] START field=tình trạng value='Phát hành'
INFO:portal_qr_worker:[_fill_by_label] OK (name): name=tinh_trang -> 'Phát hành'
INFO:portal_qr_worker:[QR_FILL] OK field=tình trạng label='tình trạng'
INFO:portal_qr_worker:[QR_FILL] START field=lĩnh vực value='Karaoke'
WARNING:portal_qr_worker:[_fill_by_label] FAILED: label='lĩnh vực', value='Karaoke'
WARNING:portal_qr_worker:[_fill_by_label] FAILED: label='linh vuc', value='Karaoke'
WARNING:portal_qr_worker:[QR_FILL] FAIL field=lĩnh vực reason=NOT_FOUND_ANY_LABEL
INFO:portal_qr_worker:[QR_FILL] START field=số hợp đồng value='HD-2024-001'
WARNING:portal_qr_worker:[_fill_by_label] No name mapping for label='số hợp đồng'
INFO:portal_qr_worker:[_fill_by_label] OK (name): name=so_hop_dong -> 'HD-2024-001'
INFO:portal_qr_worker:[QR_FILL] OK field=số hợp đồng label='so hop dong'
INFO:portal_qr_worker:[QR_FILL] START field=số giấy chứng nhận value='GCN-001'
INFO:portal_qr_worker:[_fill_by_label] OK (name): name=so_giay_chung_nhan -> 'GCN-001'
INFO:portal_qr_worker:[QR_FILL] OK field=số giấy chứng nhận label='số giấy chứng nhận'
INFO:portal_qr_worker:[QR_FILL] START field=ngày bắt đầu value='01/01/2025'
WARNING:portal_qr_worker:[_fill_by_label] No name mapping for label='ngày bắt đầu'
WARNING:portal_qr_worker:[_fill_by_label] name=ngay_bat_dau attempt failed: Locator.fill: Error: Malformed value
Call log:
  - waiting for locator("input[name=\"ngay_bat_dau\"][type=\"date\"]").first
    - locator resolved to <input value="" id=":r11:" type="date" name="ngay_bat_dau" aria-invalid="false" class="MuiInputBase-input MuiOutlinedInput-input css-1pk1fka"/>
    - fill("01/01/2025")
  - attempting fill action
    - waiting for element to be visible, enabled and editable

WARNING:portal_qr_worker:[_fill_by_label] name=ngay_bat_dau attempt failed: Locator.fill: Error: Malformed value
Call log:
  - waiting for locator("input[name=\"ngay_bat_dau\"]").first
    - locator resolved to <input value="" id=":r11:" type="date" name="ngay_bat_dau" aria-invalid="false" class="MuiInputBase-input MuiOutlinedInput-input css-1pk1fka"/>
    - fill("01/01/2025")
  - attempting fill action
    - waiting for element to be visible, enabled and editable

WARNING:portal_qr_worker:[_fill_by_label] FAILED: label='ngay bat dau', value='01/01/2025'
WARNING:portal_qr_worker:[_fill_by_label] No name mapping for label='bắt đầu'
WARNING:portal_qr_worker:[QR_FILL] FAIL field=ngày bắt đầu reason=NOT_FOUND_ANY_LABEL
INFO:portal_qr_worker:[QR_FILL] START field=ngày kết thúc value='31/12/2025'
WARNING:portal_qr_worker:[_fill_by_label] name=ngay_ket_thuc attempt failed: Locator.fill: Error: Malformed value
Call log:
  - waiting for locator("input[name=\"ngay_ket_thuc\"][type=\"date\"]").first
    - locator resolved to <input value="" id=":r12:" type="date" aria-invalid="false" name="ngay_ket_thuc" class="MuiInputBase-input MuiOutlinedInput-input css-1pk1fka"/>
    - fill("31/12/2025")
  - attempting fill action
    - waiting for element to be visible, enabled and editable

WARNING:portal_qr_worker:[_fill_by_label] name=ngay_ket_thuc attempt failed: Locator.fill: Error: Malformed value
Call log:
  - waiting for locator("input[name=\"ngay_ket_thuc\"]").first
    - locator resolved to <input value="" id=":r12:" type="date" aria-invalid="false" name="ngay_ket_thuc" class="MuiInputBase-input MuiOutlinedInput-input css-1pk1fka"/>
    - fill("31/12/2025")
  - attempting fill action
    - waiting for element to be visible, enabled and editable

WARNING:portal_qr_worker:[_fill_by_label] FAILED: label='ngày kết thúc', value='31/12/2025'
WARNING:portal_qr_worker:[_fill_by_label] name=ngay_ket_thuc attempt failed: Locator.fill: Error: Malformed value
Call log:
  - waiting for locator("input[name=\"ngay_ket_thuc\"][type=\"date\"]").first
    - locator resolved to <input value="" id=":r12:" type="date" aria-invalid="false" name="ngay_ket_thuc" class="MuiInputBase-input MuiOutlinedInput-input css-1pk1fka"/>
    - fill("31/12/2025")
  - attempting fill action
    - waiting for element to be visible, enabled and editable

WARNING:portal_qr_worker:[_fill_by_label] name=ngay_ket_thuc attempt failed: Locator.fill: Error: Malformed value
Call log:
  - waiting for locator("input[name=\"ngay_ket_thuc\"]").first
    - locator resolved to <input value="" id=":r12:" type="date" aria-invalid="false" name="ngay_ket_thuc" class="MuiInputBase-input MuiOutlinedInput-input css-1pk1fka"/>
    - fill("31/12/2025")
  - attempting fill action
    - waiting for element to be visible, enabled and editable

WARNING:portal_qr_worker:[_fill_by_label] FAILED: label='ngay ket thuc', value='31/12/2025'
WARNING:portal_qr_worker:[_fill_by_label] No name mapping for label='kết thúc'
WARNING:portal_qr_worker:[QR_FILL] FAIL field=ngày kết thúc reason=NOT_FOUND_ANY_LABEL
INFO:portal_qr_worker:[QR_FILL] START field=tên đơn vị value='Quan Karaoke Test'
WARNING:portal_qr_worker:[_fill_by_label] No name mapping for label='tên đơn vị'
INFO:portal_qr_worker:[_fill_by_label] OK (name): name=ten_don_vi -> 'Quan Karaoke Test'
INFO:portal_qr_worker:[QR_FILL] OK field=tên đơn vị label='ten don vi'
INFO:portal_qr_worker:[_ensure_browser] Reusing existing browser, WS URL: ws://127.0.0.1:9222/devtools/browser/9da88cb5-52e6-47f7-a866-79c96812decf
INFO:portal_qr_worker:[_detect_page_state] body_text_sample='tra cuu thong tin\nhuong dan su dung\nang xuat\ntra cuu thong tin\nhello, dao pham anh tuan\nso giay phat hanh\n484\nkhu vuc phia nam\n324\nkhu vuc phia bac\n160\nso giay huy\n2\ntim theo so hop ong\ntim theo so ho'
INFO:portal_qr_worker:[_detect_page_state] body_text_sample='tra cuu thong tin\nhuong dan su dung\nang xuat\ntra cuu thong tin\nhello, dao pham anh tuan\nso giay phat hanh\n484\nkhu vuc phia nam\n324\nkhu vuc phia bac\n160\nso giay huy\n2\ntim theo so hop ong\ntim theo so ho'
INFO:portal_qr_worker:[_detect_create_form] has_add_heading=True, has_manual_input_mode=True, label_score=4, field_count=28
INFO:portal_qr_worker:[QR_FILL] START field=tình trạng value='Phát hành'
WARNING:portal_qr_worker:[_fill_by_label] name=tinh_trang attempt failed: Locator.count: Target page, context or browser has been closed
WARNING:portal_qr_worker:[_fill_by_label] name=tinh_trang attempt failed: Locator.count: Target page, context or browser has been closed
WARNING:portal_qr_worker:[_fill_by_label] name=tinh_trang attempt failed: Locator.count: Target page, context or browser has been closed
WARNING:portal_qr_worker:[_fill_by_label] name=tinh_trang attempt failed: Locator.count: Target page, context or browser has been closed
WARNING:portal_qr_worker:[_fill_by_label] FAILED: label='tình trạng', value='Phát hành'
WARNING:portal_qr_worker:[_fill_by_label] name=tinh_trang attempt failed: Locator.count: Target page, context or browser has been closed
WARNING:portal_qr_worker:[_fill_by_label] name=tinh_trang attempt failed: Locator.count: Target page, context or browser has been closed
WARNING:portal_qr_worker:[_fill_by_label] name=tinh_trang attempt failed: Locator.count: Target page, context or browser has been closed
WARNING:portal_qr_worker:[_fill_by_label] name=tinh_trang attempt failed: Locator.count: Target page, context or browser has been closed
WARNING:portal_qr_worker:[_fill_by_label] FAILED: label='tinh trang', value='Phát hành'
WARNING:portal_qr_worker:[QR_FILL] FAIL field=tình trạng reason=NOT_FOUND_ANY_LABEL
INFO:portal_qr_worker:[QR_FILL] START field=lĩnh vực value='Karaoke'
INFO:portal_qr_worker:[QR_FILL] START field=tình trạng value='Phát hành'
WARNING:portal_qr_worker:[_fill_by_label] name=linh_vuc attempt failed: Locator.count: Target page, context or browser has been closed
WARNING:portal_qr_worker:[_fill_by_label] name=tinh_trang attempt failed: Locator.count: Target page, context or browser has been closed
WARNING:portal_qr_worker:[_fill_by_label] name=linh_vuc attempt failed: Locator.count: Target page, context or browser has been closed
WARNING:portal_qr_worker:[_fill_by_label] name=tinh_trang attempt failed: Locator.count: Target page, context or browser has been closed
WARNING:portal_qr_worker:[_fill_by_label] name=linh_vuc attempt failed: Locator.count: Target page, context or browser has been closed
WARNING:portal_qr_worker:[_fill_by_label] name=linh_vuc attempt failed: Locator.count: Target page, context or browser has been closed
WARNING:portal_qr_worker:[_fill_by_label] name=tinh_trang attempt failed: Locator.count: Target page, context or browser has been closed
WARNING:portal_qr_worker:[_fill_by_label] name=tinh_trang attempt failed: Locator.count: Target page, context or browser has been closed
WARNING:portal_qr_worker:[_fill_by_label] FAILED: label='lĩnh vực', value='Karaoke'
WARNING:portal_qr_worker:[_fill_by_label] name=linh_vuc attempt failed: Locator.count: Target page, context or browser has been closed
WARNING:portal_qr_worker:[_fill_by_label] No name mapping for label='số hợp đồng'
WARNING:portal_qr_worker:[_fill_by_label] name=linh_vuc attempt failed: Locator.count: Target page, context or browser has been closed
WARNING:portal_qr_worker:[_fill_by_label] FAILED: label='tình trạng', value='Phát hành'
WARNING:portal_qr_worker:[_fill_by_label] name=so_giay_chung_nhan attempt failed: Locator.count: Target page, context or browser has been closed
WARNING:portal_qr_worker:[_fill_by_label] name=linh_vuc attempt failed: Locator.count: Target page, context or browser has been closed
WARNING:portal_qr_worker:[_fill_by_label] No name mapping for label='số hợp đồng'
WARNING:portal_qr_worker:[_fill_by_label] name=tinh_trang attempt failed: Locator.count: Target page, context or browser has been closed
WARNING:portal_qr_worker:[_fill_by_label] name=so_giay_chung_nhan attempt failed: Locator.count: Target page, context or browser has been closed
WARNING:portal_qr_worker:[_fill_by_label] name=linh_vuc attempt failed: Locator.count: Target page, context or browser has been closed
WARNING:portal_qr_worker:[_fill_by_label] name=so_giay_chung_nhan attempt failed: Locator.count: Target page, context or browser has been closed
WARNING:portal_qr_worker:[_fill_by_label] name=tinh_trang attempt failed: Locator.count: Target page, context or browser has been closed
WARNING:portal_qr_worker:[_fill_by_label] name=so_giay_chung_nhan attempt failed: Locator.count: Target page, context or browser has been closed
WARNING:portal_qr_worker:[_fill_by_label] name=tinh_trang attempt failed: Locator.count: Target page, context or browser has been closed
WARNING:portal_qr_worker:[_fill_by_label] name=tinh_trang attempt failed: Locator.count: Target page, context or browser has been closed
WARNING:portal_qr_worker:[_fill_by_label] FAILED: label='linh vuc', value='Karaoke'
WARNING:portal_qr_worker:[QR_FILL] FAIL field=lĩnh vực reason=NOT_FOUND_ANY_LABEL
INFO:portal_qr_worker:[QR_FILL] START field=số hợp đồng value='HD-2024-001'
WARNING:portal_qr_worker:[_fill_by_label] No name mapping for label='số hợp đồng'
WARNING:portal_qr_worker:[_fill_by_label] FAILED: label='số giấy chứng nhận', value='GCN-001'
WARNING:portal_qr_worker:[_fill_by_label] No name mapping for label='tên đơn vị'
WARNING:portal_qr_worker:[_fill_by_label] name=so_hop_dong attempt failed: Locator.count: Target page, context or browser has been closed
WARNING:portal_qr_worker:[_fill_by_label] name=so_hop_dong attempt failed: Locator.count: Target page, context or browser has been closed
WARNING:portal_qr_worker:[_fill_by_label] FAILED: label='số giấy chứng nhận', value='GCN-001'
WARNING:portal_qr_worker:[_fill_by_label] No name mapping for label='tên đơn vị'
WARNING:portal_qr_worker:[_fill_by_label] FAILED: label='tinh trang', value='Phát hành'
WARNING:portal_qr_worker:[QR_FILL] FAIL field=tình trạng reason=NOT_FOUND_ANY_LABEL
INFO:portal_qr_worker:[QR_FILL] START field=lĩnh vực value='Karaoke'
WARNING:portal_qr_worker:[_fill_by_label] name=so_hop_dong attempt failed: Locator.count: Target page, context or browser has been closed
WARNING:portal_qr_worker:[_fill_by_label] name=linh_vuc attempt failed: Locator.count: Target page, context or browser has been closed
WARNING:portal_qr_worker:[_fill_by_label] name=so_hop_dong attempt failed: Locator.count: Target page, context or browser has been closed
WARNING:portal_qr_worker:[_fill_by_label] name=linh_vuc attempt failed: Locator.count: Target page, context or browser has been closed
WARNING:portal_qr_worker:[_fill_by_label] name=linh_vuc attempt failed: Locator.count: Target page, context or browser has been closed
WARNING:portal_qr_worker:[_fill_by_label] FAILED: label='so hop dong', value='HD-2024-001'
WARNING:portal_qr_worker:[QR_FILL] FAIL field=số hợp đồng reason=NOT_FOUND_ANY_LABEL
INFO:portal_qr_worker:[QR_FILL] START field=số giấy chứng nhận value='GCN-001'
WARNING:portal_qr_worker:[_fill_by_label] name=so_giay_chung_nhan attempt failed: Locator.count: Target page, context or browser has been closed
WARNING:portal_qr_worker:[_fill_by_label] name=linh_vuc attempt failed: Locator.count: Target page, context or browser has been closed
WARNING:portal_qr_worker:[_fill_by_label] name=so_giay_chung_nhan attempt failed: Locator.count: Target page, context or browser has been closed
WARNING:portal_qr_worker:[_fill_by_label] name=so_giay_chung_nhan attempt failed: Locator.count: Target page, context or browser has been closed
WARNING:portal_qr_worker:[_fill_by_label] FAILED: label='lĩnh vực', value='Karaoke'
WARNING:portal_qr_worker:[_fill_by_label] name=so_giay_chung_nhan attempt failed: Locator.count: Target page, context or browser has been closed
WARNING:portal_qr_worker:[_fill_by_label] name=linh_vuc attempt failed: Locator.count: Target page, context or browser has been closed
WARNING:portal_qr_worker:[_fill_by_label] name=linh_vuc attempt failed: Locator.count: Target page, context or browser has been closed
WARNING:portal_qr_worker:[_fill_by_label] name=linh_vuc attempt failed: Locator.count: Target page, context or browser has been closed
WARNING:portal_qr_worker:[_fill_by_label] FAILED: label='số giấy chứng nhận', value='GCN-001'
WARNING:portal_qr_worker:[_fill_by_label] name=linh_vuc attempt failed: Locator.count: Target page, context or browser has been closed
WARNING:portal_qr_worker:[_fill_by_label] name=so_giay_chung_nhan attempt failed: Locator.count: Target page, context or browser has been closed
WARNING:portal_qr_worker:[_fill_by_label] name=so_giay_chung_nhan attempt failed: Locator.count: Target page, context or browser has been closed
WARNING:portal_qr_worker:[_fill_by_label] name=so_giay_chung_nhan attempt failed: Locator.count: Target page, context or browser has been closed
WARNING:portal_qr_worker:[_fill_by_label] name=so_giay_chung_nhan attempt failed: Locator.count: Target page, context or browser has been closed
WARNING:portal_qr_worker:[_fill_by_label] FAILED: label='linh vuc', value='Karaoke'
WARNING:portal_qr_worker:[QR_FILL] FAIL field=lĩnh vực reason=NOT_FOUND_ANY_LABEL
INFO:portal_qr_worker:[QR_FILL] START field=số hợp đồng value='HD-2024-001'
WARNING:portal_qr_worker:[_fill_by_label] No name mapping for label='số hợp đồng'
WARNING:portal_qr_worker:[_fill_by_label] name=so_hop_dong attempt failed: Locator.count: Target page, context or browser has been closed
WARNING:portal_qr_worker:[_fill_by_label] name=so_hop_dong attempt failed: Locator.count: Target page, context or browser has been closed
WARNING:portal_qr_worker:[_fill_by_label] name=so_hop_dong attempt failed: Locator.count: Target page, context or browser has been closed
WARNING:portal_qr_worker:[_fill_by_label] FAILED: label='so giay chung nhan', value='GCN-001'
WARNING:portal_qr_worker:[QR_FILL] FAIL field=số giấy chứng nhận reason=NOT_FOUND_ANY_LABEL
INFO:portal_qr_worker:[QR_FILL] START field=ngày bắt đầu value='01/01/2025'
WARNING:portal_qr_worker:[_fill_by_label] No name mapping for label='ngày bắt đầu'
WARNING:portal_qr_worker:[_fill_by_label] name=so_hop_dong attempt failed: Locator.count: Target page, context or browser has been closed
WARNING:portal_qr_worker:[_fill_by_label] name=ngay_bat_dau attempt failed: Locator.count: Target page, context or browser has been closed
WARNING:portal_qr_worker:[_fill_by_label] name=ngay_bat_dau attempt failed: Locator.count: Target page, context or browser has been closed
WARNING:portal_qr_worker:[_fill_by_label] name=ngay_bat_dau attempt failed: Locator.count: Target page, context or browser has been closed
WARNING:portal_qr_worker:[_fill_by_label] FAILED: label='so hop dong', value='HD-2024-001'
WARNING:portal_qr_worker:[QR_FILL] FAIL field=số hợp đồng reason=NOT_FOUND_ANY_LABEL
INFO:portal_qr_worker:[QR_FILL] START field=số giấy chứng nhận value='GCN-001'
WARNING:portal_qr_worker:[_fill_by_label] name=ngay_bat_dau attempt failed: Locator.count: Target page, context or browser has been closed
WARNING:portal_qr_worker:[_fill_by_label] name=so_giay_chung_nhan attempt failed: Locator.count: Target page, context or browser has been closed
WARNING:portal_qr_worker:[_fill_by_label] name=so_giay_chung_nhan attempt failed: Locator.count: Target page, context or browser has been closed
WARNING:portal_qr_worker:[_fill_by_label] FAILED: label='ngay bat dau', value='01/01/2025'
WARNING:portal_qr_worker:[_fill_by_label] No name mapping for label='bắt đầu'
WARNING:portal_qr_worker:[QR_FILL] FAIL field=ngày bắt đầu reason=NOT_FOUND_ANY_LABEL
INFO:portal_qr_worker:[QR_FILL] START field=ngày kết thúc value='31/12/2025'
WARNING:portal_qr_worker:[_fill_by_label] name=so_giay_chung_nhan attempt failed: Locator.count: Target page, context or browser has been closed
WARNING:portal_qr_worker:[_fill_by_label] name=ngay_ket_thuc attempt failed: Locator.count: Target page, context or browser has been closed
WARNING:portal_qr_worker:[_fill_by_label] name=so_giay_chung_nhan attempt failed: Locator.count: Target page, context or browser has been closed
WARNING:portal_qr_worker:[_fill_by_label] name=ngay_ket_thuc attempt failed: Locator.count: Target page, context or browser has been closed
WARNING:portal_qr_worker:[_fill_by_label] name=ngay_ket_thuc attempt failed: Locator.count: Target page, context or browser has been closed
WARNING:portal_qr_worker:[_fill_by_label] name=ngay_ket_thuc attempt failed: Locator.count: Target page, context or browser has been closed
WARNING:portal_qr_worker:[_fill_by_label] FAILED: label='số giấy chứng nhận', value='GCN-001'
WARNING:portal_qr_worker:[_fill_by_label] name=so_giay_chung_nhan attempt failed: Locator.count: Target page, context or browser has been closed
WARNING:portal_qr_worker:[_fill_by_label] name=so_giay_chung_nhan attempt failed: Locator.count: Target page, context or browser has been closed
WARNING:portal_qr_worker:[_fill_by_label] FAILED: label='ngày kết thúc', value='31/12/2025'
WARNING:portal_qr_worker:[_fill_by_label] name=so_giay_chung_nhan attempt failed: Locator.count: Target page, context or browser has been closed
WARNING:portal_qr_worker:[_fill_by_label] name=ngay_ket_thuc attempt failed: Locator.count: Target page, context or browser has been closed
WARNING:portal_qr_worker:[_fill_by_label] name=so_giay_chung_nhan attempt failed: Locator.count: Target page, context or browser has been closed
WARNING:portal_qr_worker:[_fill_by_label] name=ngay_ket_thuc attempt failed: Locator.count: Target page, context or browser has been closed
WARNING:portal_qr_worker:[_fill_by_label] name=ngay_ket_thuc attempt failed: Locator.count: Target page, context or browser has been closed
WARNING:portal_qr_worker:[_fill_by_label] name=ngay_ket_thuc attempt failed: Locator.count: Target page, context or browser has been closed
WARNING:portal_qr_worker:[_fill_by_label] FAILED: label='so giay chung nhan', value='GCN-001'
WARNING:portal_qr_worker:[QR_FILL] FAIL field=số giấy chứng nhận reason=NOT_FOUND_ANY_LABEL
INFO:portal_qr_worker:[QR_FILL] START field=ngày bắt đầu value='01/01/2025'
WARNING:portal_qr_worker:[_fill_by_label] No name mapping for label='ngày bắt đầu'
WARNING:portal_qr_worker:[_fill_by_label] name=ngay_bat_dau attempt failed: Locator.count: Target page, context or browser has been closed
WARNING:portal_qr_worker:[_fill_by_label] name=ngay_bat_dau attempt failed: Locator.count: Target page, context or browser has been closed
WARNING:portal_qr_worker:[_fill_by_label] FAILED: label='ngay ket thuc', value='31/12/2025'
WARNING:portal_qr_worker:[_fill_by_label] No name mapping for label='kết thúc'
WARNING:portal_qr_worker:[QR_FILL] FAIL field=ngày kết thúc reason=NOT_FOUND_ANY_LABEL
INFO:portal_qr_worker:[QR_FILL] START field=tên đơn vị value='Quan Karaoke Test'
WARNING:portal_qr_worker:[_fill_by_label] No name mapping for label='tên đơn vị'
WARNING:portal_qr_worker:[_fill_by_label] name=ngay_bat_dau attempt failed: Locator.count: Target page, context or browser has been closed
WARNING:portal_qr_worker:[_fill_by_label] name=ten_don_vi attempt failed: Locator.count: Target page, context or browser has been closed
WARNING:portal_qr_worker:[_fill_by_label] name=ten_don_vi attempt failed: Locator.count: Target page, context or browser has been closed
WARNING:portal_qr_worker:[_fill_by_label] name=ngay_bat_dau attempt failed: Locator.count: Target page, context or browser has been closed
WARNING:portal_qr_worker:[_fill_by_label] name=ten_don_vi attempt failed: Locator.count: Target page, context or browser has been closed
WARNING:portal_qr_worker:[_fill_by_label] name=ten_don_vi attempt failed: Locator.count: Target page, context or browser has been closed
WARNING:portal_qr_worker:[_fill_by_label] FAILED: label='ngay bat dau', value='01/01/2025'
WARNING:portal_qr_worker:[_fill_by_label] No name mapping for label='bắt đầu'
WARNING:portal_qr_worker:[QR_FILL] FAIL field=ngày bắt đầu reason=NOT_FOUND_ANY_LABEL
INFO:portal_qr_worker:[QR_FILL] START field=ngày kết thúc value='31/12/2025'
WARNING:portal_qr_worker:[_fill_by_label] FAILED: label='ten don vi', value='Quan Karaoke Test'
WARNING:portal_qr_worker:[_fill_by_label] No name mapping for label='đơn vị'
WARNING:portal_qr_worker:[QR_FILL] FAIL field=tên đơn vị reason=NOT_FOUND_ANY_LABEL
WARNING:portal_qr_worker:[_fill_by_label] name=ngay_ket_thuc attempt failed: Locator.count: Target page, context or browser has been closed
WARNING:portal_qr_worker:[_fill_by_label] name=ngay_ket_thuc attempt failed: Locator.count: Target page, context or browser has been closed
WARNING:portal_qr_worker:[_fill_by_label] name=ngay_ket_thuc attempt failed: Locator.count: Target page, context or browser has been closed
WARNING:portal_qr_worker:[_fill_by_label] name=ngay_ket_thuc attempt failed: Locator.count: Target page, context or browser has been closed
WARNING:portal_qr_worker:[_fill_by_label] FAILED: label='ngày kết thúc', value='31/12/2025'
WARNING:portal_qr_worker:[_fill_by_label] name=ngay_ket_thuc attempt failed: Locator.count: Target page, context or browser has been closed
WARNING:portal_qr_worker:[_fill_by_label] name=ngay_ket_thuc attempt failed: Locator.count: Target page, context or browser has been closed
WARNING:portal_qr_worker:[_fill_by_label] name=ngay_ket_thuc attempt failed: Locator.count: Target page, context or browser has been closed
WARNING:portal_qr_worker:[_fill_by_label] name=ngay_ket_thuc attempt failed: Locator.count: Target page, context or browser has been closed
WARNING:portal_qr_worker:[_fill_by_label] FAILED: label='ngay ket thuc', value='31/12/2025'
WARNING:portal_qr_worker:[_fill_by_label] No name mapping for label='kết thúc'
WARNING:portal_qr_worker:[QR_FILL] FAIL field=ngày kết thúc reason=NOT_FOUND_ANY_LABEL
INFO:portal_qr_worker:[QR_FILL] START field=tên đơn vị value='Quan Karaoke Test'
WARNING:portal_qr_worker:[_fill_by_label] No name mapping for label='tên đơn vị'
WARNING:portal_qr_worker:[_fill_by_label] name=ten_don_vi attempt failed: Locator.count: Target page, context or browser has been closed
WARNING:portal_qr_worker:[_fill_by_label] name=ten_don_vi attempt failed: Locator.count: Target page, context or browser has been closed
WARNING:portal_qr_worker:[_fill_by_label] name=ten_don_vi attempt failed: Locator.count: Target page, context or browser has been closed
WARNING:portal_qr_worker:[_fill_by_label] name=ten_don_vi attempt failed: Locator.count: Target page, context or browser has been closed
WARNING:portal_qr_worker:[_fill_by_label] FAILED: label='ten don vi', value='Quan Karaoke Test'
WARNING:portal_qr_worker:[_fill_by_label] No name mapping for label='đơn vị'
WARNING:portal_qr_worker:[QR_FILL] FAIL field=tên đơn vị reason=NOT_FOUND_ANY_LABEL
INFO:portal_qr_worker:[_ensure_browser] Starting Chrome: C:\Program Files\Google\Chrome\Application\chrome.exe
INFO:portal_qr_worker:[_ensure_browser] Chrome started, WS URL: ws://127.0.0.1:9222/devtools/browser/6ea7787e-76e1-446c-8ce8-76498f00fb99
INFO:portal_qr_worker:[_ensure_browser] Reusing existing browser, WS URL: ws://127.0.0.1:9222/devtools/browser/6ea7787e-76e1-446c-8ce8-76498f00fb99
INFO:portal_qr_worker:[_detect_page_state] body_text_sample='ang nhap\ntai khoan\ntai khoan\nmat khau\nmat khau\nhien thi mat khau\nang nhap'
INFO:portal_qr_worker:[_ensure_browser] Reusing existing browser, WS URL: ws://127.0.0.1:9222/devtools/browser/6ea7787e-76e1-446c-8ce8-76498f00fb99
INFO:portal_qr_worker:[_detect_page_state] body_text_sample='ang nhap\ntai khoan\ntai khoan\nmat khau\nmat khau\nhien thi mat khau\nang nhap'
INFO:portal_qr_worker:[_detect_page_state] body_text_sample='tra cuu thong tin\nhuong dan su dung\nang xuat\ntra cuu thong tin\nhello, dao pham anh tuan\nso giay phat hanh\n484\nkhu vuc phia nam\n324\nkhu vuc phia bac\n160\nso giay huy\n2\ntim theo so hop ong\ntim theo so ho'
INFO:portal_qr_worker:[_detect_page_state] body_text_sample='tra cuu thong tin\nhuong dan su dung\nang xuat\ntra cuu thong tin\nhello, dao pham anh tuan\nso giay phat hanh\n484\nkhu vuc phia nam\n324\nkhu vuc phia bac\n160\nso giay huy\n2\ntim theo so hop ong\ntim theo so ho'
INFO:portal_qr_worker:[_detect_create_form] has_add_heading=True, has_manual_input_mode=True, label_score=4, field_count=28
INFO:portal_qr_worker:[_ensure_browser] Reusing existing browser, WS URL: ws://127.0.0.1:9222/devtools/browser/6ea7787e-76e1-446c-8ce8-76498f00fb99
INFO:portal_qr_worker:[_detect_page_state] body_text_sample='tra cuu thong tin\nhuong dan su dung\nang xuat\ntra cuu thong tin\nhello, dao pham anh tuan\nso giay phat hanh\n484\nkhu vuc phia nam\n324\nkhu vuc phia bac\n160\nso giay huy\n2\ntim theo so hop ong\ntim theo so ho'
INFO:portal_qr_worker:[_detect_page_state] body_text_sample='tra cuu thong tin\nhuong dan su dung\nang xuat\ntra cuu thong tin\nhello, dao pham anh tuan\nso giay phat hanh\n484\nkhu vuc phia nam\n324\nkhu vuc phia bac\n160\nso giay huy\n2\ntim theo so hop ong\ntim theo so ho'
INFO:portal_qr_worker:[open_portal] Starting
INFO:portal_qr_worker:[_ensure_browser] Reusing existing browser, WS URL: ws://127.0.0.1:9222/devtools/browser/6ea7787e-76e1-446c-8ce8-76498f00fb99
INFO:portal_qr_worker:[QR_PAGES] idx=0 type=portal url=http://14.241.251.220:7879/dashboard/content title=Background App
INFO:portal_qr_worker:[QR_PAGES] idx=1 type=about:blank url=about:blank title=
INFO:portal_qr_worker:[QR_SELECTED_PAGE] idx=0 url=http://14.241.251.220:7879/dashboard/content reason=portal_url_found
INFO:portal_qr_worker:[open_portal] Selected page URL: http://14.241.251.220:7879/dashboard/content
INFO:portal_qr_worker:[open_portal] Already on portal URL: http://14.241.251.220:7879/dashboard/content
INFO:portal_qr_worker:[_detect_page_state] body_text_sample='tra cuu thong tin\nhuong dan su dung\nang xuat\ntra cuu thong tin\nhello, dao pham anh tuan\nso giay phat hanh\n484\nkhu vuc phia nam\n324\nkhu vuc phia bac\n160\nso giay huy\n2\ntim theo so hop ong\ntim theo so ho'
INFO:portal_qr_worker:[open_portal] page_state=create_form, URL=http://14.241.251.220:7879/dashboard/content
INFO:portal_qr_worker:[open_portal] Already authenticated (page_state=create_form, url=http://14.241.251.220:7879/dashboard/content)
INFO:portal_qr_worker:[open_portal] Worker done — Chrome still running
INFO:portal_qr_worker:[_ensure_browser] Reusing existing browser, WS URL: ws://127.0.0.1:9222/devtools/browser/6ea7787e-76e1-446c-8ce8-76498f00fb99
INFO:portal_qr_worker:[_detect_page_state] body_text_sample='tra cuu thong tin\nhuong dan su dung\nang xuat\ntra cuu thong tin\nhello, dao pham anh tuan\nso giay phat hanh\n484\nkhu vuc phia nam\n324\nkhu vuc phia bac\n160\nso giay huy\n2\ntim theo so hop ong\ntim theo so ho'
INFO:portal_qr_worker:[_detect_create_form] has_add_heading=True, has_manual_input_mode=True, label_score=4, field_count=28
INFO:portal_qr_worker:[_run_fill_loop_with_timeout] Activating manual input mode...
WARNING:portal_qr_worker:[_ensure_manual_input_mode] failed: Locator.count: Target page, context or browser has been closed
INFO:portal_qr_worker:[QR_FILL] START field=tình trạng value='Phát hành'
INFO:portal_qr_worker:[_fill_by_label] START label=tình trạng value=Phát hành field_name=tinh_trang
WARNING:portal_qr_worker:[_fill_by_label] Strategy A input[name="tinh_trang"][type="date"] failed: Locator.count: Target page, context or browser has been closed
WARNING:portal_qr_worker:[_fill_by_label] Strategy A input[name="tinh_trang"][type="text"] failed: Locator.count: Target page, context or browser has been closed
WARNING:portal_qr_worker:[_fill_by_label] Strategy A input[name="tinh_trang"] failed: Locator.count: Target page, context or browser has been closed
WARNING:portal_qr_worker:[_fill_by_label] Strategy A textarea[name="tinh_trang"] failed: Locator.count: Target page, context or browser has been closed
INFO:portal_qr_worker:[_fill_by_label] Strategy B: checking MUI Select for tinh_trang
WARNING:portal_qr_worker:[_fill_by_label] FAILED: label='tình trạng', value='Phát hành'
INFO:portal_qr_worker:[_fill_by_label] START label=tinh trang value=Phát hành field_name=tinh_trang
WARNING:portal_qr_worker:[_fill_by_label] Strategy A input[name="tinh_trang"][type="date"] failed: Locator.count: Target page, context or browser has been closed
WARNING:portal_qr_worker:[_fill_by_label] Strategy A input[name="tinh_trang"][type="text"] failed: Locator.count: Target page, context or browser has been closed
WARNING:portal_qr_worker:[_fill_by_label] Strategy A input[name="tinh_trang"] failed: Locator.count: Target page, context or browser has been closed
WARNING:portal_qr_worker:[_fill_by_label] Strategy A textarea[name="tinh_trang"] failed: Locator.count: Target page, context or browser has been closed
INFO:portal_qr_worker:[_fill_by_label] Strategy B: checking MUI Select for tinh_trang
WARNING:portal_qr_worker:[_fill_by_label] FAILED: label='tinh trang', value='Phát hành'
WARNING:portal_qr_worker:[QR_FILL] FAIL field=tình trạng reason=NOT_FOUND_ANY_LABEL
INFO:portal_qr_worker:[QR_FILL] START field=lĩnh vực value='Karaoke'
INFO:portal_qr_worker:[_fill_by_label] START label=lĩnh vực value=Karaoke field_name=linh_vuc
WARNING:portal_qr_worker:[_fill_by_label] Strategy A input[name="linh_vuc"][type="date"] failed: Locator.count: Target page, context or browser has been closed
WARNING:portal_qr_worker:[_fill_by_label] Strategy A input[name="linh_vuc"][type="text"] failed: Locator.count: Target page, context or browser has been closed
WARNING:portal_qr_worker:[_fill_by_label] Strategy A input[name="linh_vuc"] failed: Locator.count: Target page, context or browser has been closed
WARNING:portal_qr_worker:[_fill_by_label] Strategy A textarea[name="linh_vuc"] failed: Locator.count: Target page, context or browser has been closed
INFO:portal_qr_worker:[_fill_by_label] Strategy B: checking MUI Select for linh_vuc
WARNING:portal_qr_worker:[_fill_by_label] FAILED: label='lĩnh vực', value='Karaoke'
INFO:portal_qr_worker:[_fill_by_label] START label=linh vuc value=Karaoke field_name=linh_vuc
WARNING:portal_qr_worker:[_fill_by_label] Strategy A input[name="linh_vuc"][type="date"] failed: Locator.count: Target page, context or browser has been closed
WARNING:portal_qr_worker:[_fill_by_label] Strategy A input[name="linh_vuc"][type="text"] failed: Locator.count: Target page, context or browser has been closed
WARNING:portal_qr_worker:[_fill_by_label] Strategy A input[name="linh_vuc"] failed: Locator.count: Target page, context or browser has been closed
WARNING:portal_qr_worker:[_fill_by_label] Strategy A textarea[name="linh_vuc"] failed: Locator.count: Target page, context or browser has been closed
INFO:portal_qr_worker:[_fill_by_label] Strategy B: checking MUI Select for linh_vuc
WARNING:portal_qr_worker:[_fill_by_label] FAILED: label='linh vuc', value='Karaoke'
WARNING:portal_qr_worker:[QR_FILL] FAIL field=lĩnh vực reason=NOT_FOUND_ANY_LABEL
INFO:portal_qr_worker:[QR_FILL] START field=số hợp đồng value='HD-2024-001'
INFO:portal_qr_worker:[_fill_by_label] START label=số hợp đồng value=HD-2024-001 field_name=so_hop_dong
WARNING:portal_qr_worker:[_fill_by_label] Strategy A input[name="so_hop_dong"][type="date"] failed: Locator.count: Target page, context or browser has been closed
WARNING:portal_qr_worker:[_fill_by_label] Strategy A input[name="so_hop_dong"][type="text"] failed: Locator.count: Target page, context or browser has been closed
WARNING:portal_qr_worker:[_fill_by_label] Strategy A input[name="so_hop_dong"] failed: Locator.count: Target page, context or browser has been closed
WARNING:portal_qr_worker:[_fill_by_label] Strategy A textarea[name="so_hop_dong"] failed: Locator.count: Target page, context or browser has been closed
INFO:portal_qr_worker:[_fill_by_label] Strategy B: checking MUI Select for so_hop_dong
WARNING:portal_qr_worker:[_fill_by_label] FAILED: label='số hợp đồng', value='HD-2024-001'
INFO:portal_qr_worker:[_fill_by_label] START label=so hop dong value=HD-2024-001 field_name=so_hop_dong
WARNING:portal_qr_worker:[_fill_by_label] Strategy A input[name="so_hop_dong"][type="date"] failed: Locator.count: Target page, context or browser has been closed
WARNING:portal_qr_worker:[_fill_by_label] Strategy A input[name="so_hop_dong"][type="text"] failed: Locator.count: Target page, context or browser has been closed
WARNING:portal_qr_worker:[_fill_by_label] Strategy A input[name="so_hop_dong"] failed: Locator.count: Target page, context or browser has been closed
WARNING:portal_qr_worker:[_fill_by_label] Strategy A textarea[name="so_hop_dong"] failed: Locator.count: Target page, context or browser has been closed
INFO:portal_qr_worker:[_fill_by_label] Strategy B: checking MUI Select for so_hop_dong
WARNING:portal_qr_worker:[_fill_by_label] FAILED: label='so hop dong', value='HD-2024-001'
WARNING:portal_qr_worker:[QR_FILL] FAIL field=số hợp đồng reason=NOT_FOUND_ANY_LABEL
INFO:portal_qr_worker:[QR_FILL] START field=số giấy chứng nhận value='GCN-001'
INFO:portal_qr_worker:[_fill_by_label] START label=số giấy chứng nhận value=GCN-001 field_name=so_giay_chung_nhan
WARNING:portal_qr_worker:[_fill_by_label] Strategy A input[name="so_giay_chung_nhan"][type="date"] failed: Locator.count: Target page, context or browser has been closed
WARNING:portal_qr_worker:[_fill_by_label] Strategy A input[name="so_giay_chung_nhan"][type="text"] failed: Locator.count: Target page, context or browser has been closed
WARNING:portal_qr_worker:[_fill_by_label] Strategy A input[name="so_giay_chung_nhan"] failed: Locator.count: Target page, context or browser has been closed
WARNING:portal_qr_worker:[_fill_by_label] Strategy A textarea[name="so_giay_chung_nhan"] failed: Locator.count: Target page, context or browser has been closed
INFO:portal_qr_worker:[_fill_by_label] Strategy B: checking MUI Select for so_giay_chung_nhan
WARNING:portal_qr_worker:[_fill_by_label] FAILED: label='số giấy chứng nhận', value='GCN-001'
INFO:portal_qr_worker:[_fill_by_label] START label=so giay chung nhan value=GCN-001 field_name=so_giay_chung_nhan
WARNING:portal_qr_worker:[_fill_by_label] Strategy A input[name="so_giay_chung_nhan"][type="date"] failed: Locator.count: Target page, context or browser has been closed
WARNING:portal_qr_worker:[_fill_by_label] Strategy A input[name="so_giay_chung_nhan"][type="text"] failed: Locator.count: Target page, context or browser has been closed
WARNING:portal_qr_worker:[_fill_by_label] Strategy A input[name="so_giay_chung_nhan"] failed: Locator.count: Target page, context or browser has been closed
WARNING:portal_qr_worker:[_fill_by_label] Strategy A textarea[name="so_giay_chung_nhan"] failed: Locator.count: Target page, context or browser has been closed
INFO:portal_qr_worker:[_fill_by_label] Strategy B: checking MUI Select for so_giay_chung_nhan
WARNING:portal_qr_worker:[_fill_by_label] FAILED: label='so giay chung nhan', value='GCN-001'
WARNING:portal_qr_worker:[QR_FILL] FAIL field=số giấy chứng nhận reason=NOT_FOUND_ANY_LABEL
INFO:portal_qr_worker:[QR_FILL] START field=ngày bắt đầu value='01/01/2025'
INFO:portal_qr_worker:[_fill_by_label] START label=ngày bắt đầu value=01/01/2025 field_name=ngay_bat_dau
WARNING:portal_qr_worker:[_fill_by_label] Strategy A input[name="ngay_bat_dau"][type="date"] failed: Locator.count: Target page, context or browser has been closed
WARNING:portal_qr_worker:[_fill_by_label] Strategy A input[name="ngay_bat_dau"][type="text"] failed: Locator.count: Target page, context or browser has been closed
WARNING:portal_qr_worker:[_fill_by_label] Strategy A input[name="ngay_bat_dau"] failed: Locator.count: Target page, context or browser has been closed
WARNING:portal_qr_worker:[_fill_by_label] Strategy A textarea[name="ngay_bat_dau"] failed: Locator.count: Target page, context or browser has been closed
INFO:portal_qr_worker:[_fill_by_label] Strategy B: checking MUI Select for ngay_bat_dau
WARNING:portal_qr_worker:[_fill_by_label] FAILED: label='ngày bắt đầu', value='01/01/2025'
INFO:portal_qr_worker:[_fill_by_label] START label=ngay bat dau value=01/01/2025 field_name=ngay_bat_dau
WARNING:portal_qr_worker:[_fill_by_label] Strategy A input[name="ngay_bat_dau"][type="date"] failed: Locator.count: Target page, context or browser has been closed
WARNING:portal_qr_worker:[_fill_by_label] Strategy A input[name="ngay_bat_dau"][type="text"] failed: Locator.count: Target page, context or browser has been closed
WARNING:portal_qr_worker:[_fill_by_label] Strategy A input[name="ngay_bat_dau"] failed: Locator.count: Target page, context or browser has been closed
WARNING:portal_qr_worker:[_fill_by_label] Strategy A textarea[name="ngay_bat_dau"] failed: Locator.count: Target page, context or browser has been closed
INFO:portal_qr_worker:[_fill_by_label] Strategy B: checking MUI Select for ngay_bat_dau
WARNING:portal_qr_worker:[_fill_by_label] FAILED: label='ngay bat dau', value='01/01/2025'
WARNING:portal_qr_worker:[_fill_by_label] No name mapping for label='bắt đầu'
WARNING:portal_qr_worker:[QR_FILL] FAIL field=ngày bắt đầu reason=NOT_FOUND_ANY_LABEL
INFO:portal_qr_worker:[QR_FILL] START field=ngày kết thúc value='31/12/2025'
INFO:portal_qr_worker:[_fill_by_label] START label=ngày kết thúc value=31/12/2025 field_name=ngay_ket_thuc
WARNING:portal_qr_worker:[_fill_by_label] Strategy A input[name="ngay_ket_thuc"][type="date"] failed: Locator.count: Target page, context or browser has been closed
WARNING:portal_qr_worker:[_fill_by_label] Strategy A input[name="ngay_ket_thuc"][type="text"] failed: Locator.count: Target page, context or browser has been closed
WARNING:portal_qr_worker:[_fill_by_label] Strategy A input[name="ngay_ket_thuc"] failed: Locator.count: Target page, context or browser has been closed
WARNING:portal_qr_worker:[_fill_by_label] Strategy A textarea[name="ngay_ket_thuc"] failed: Locator.count: Target page, context or browser has been closed
INFO:portal_qr_worker:[_fill_by_label] Strategy B: checking MUI Select for ngay_ket_thuc
WARNING:portal_qr_worker:[_fill_by_label] FAILED: label='ngày kết thúc', value='31/12/2025'
INFO:portal_qr_worker:[_fill_by_label] START label=ngay ket thuc value=31/12/2025 field_name=ngay_ket_thuc
WARNING:portal_qr_worker:[_fill_by_label] Strategy A input[name="ngay_ket_thuc"][type="date"] failed: Locator.count: Target page, context or browser has been closed
WARNING:portal_qr_worker:[_fill_by_label] Strategy A input[name="ngay_ket_thuc"][type="text"] failed: Locator.count: Target page, context or browser has been closed
WARNING:portal_qr_worker:[_fill_by_label] Strategy A input[name="ngay_ket_thuc"] failed: Locator.count: Target page, context or browser has been closed
WARNING:portal_qr_worker:[_fill_by_label] Strategy A textarea[name="ngay_ket_thuc"] failed: Locator.count: Target page, context or browser has been closed
INFO:portal_qr_worker:[_fill_by_label] Strategy B: checking MUI Select for ngay_ket_thuc
WARNING:portal_qr_worker:[_fill_by_label] FAILED: label='ngay ket thuc', value='31/12/2025'
WARNING:portal_qr_worker:[_fill_by_label] No name mapping for label='kết thúc'
WARNING:portal_qr_worker:[QR_FILL] FAIL field=ngày kết thúc reason=NOT_FOUND_ANY_LABEL
INFO:portal_qr_worker:[QR_FILL] START field=tên đơn vị value='Quan Karaoke Test'
INFO:portal_qr_worker:[_fill_by_label] START label=tên đơn vị value=Quan Karaoke Test field_name=ten_don_vi
WARNING:portal_qr_worker:[_fill_by_label] Strategy A input[name="ten_don_vi"][type="date"] failed: Locator.count: Target page, context or browser has been closed
WARNING:portal_qr_worker:[_fill_by_label] Strategy A input[name="ten_don_vi"][type="text"] failed: Locator.count: Target page, context or browser has been closed
WARNING:portal_qr_worker:[_fill_by_label] Strategy A input[name="ten_don_vi"] failed: Locator.count: Target page, context or browser has been closed
WARNING:portal_qr_worker:[_fill_by_label] Strategy A textarea[name="ten_don_vi"] failed: Locator.count: Target page, context or browser has been closed
INFO:portal_qr_worker:[_fill_by_label] Strategy B: checking MUI Select for ten_don_vi
WARNING:portal_qr_worker:[_fill_by_label] FAILED: label='tên đơn vị', value='Quan Karaoke Test'
INFO:portal_qr_worker:[_fill_by_label] START label=ten don vi value=Quan Karaoke Test field_name=ten_don_vi
WARNING:portal_qr_worker:[_fill_by_label] Strategy A input[name="ten_don_vi"][type="date"] failed: Locator.count: Target page, context or browser has been closed
WARNING:portal_qr_worker:[_fill_by_label] Strategy A input[name="ten_don_vi"][type="text"] failed: Locator.count: Target page, context or browser has been closed
WARNING:portal_qr_worker:[_fill_by_label] Strategy A input[name="ten_don_vi"] failed: Locator.count: Target page, context or browser has been closed
WARNING:portal_qr_worker:[_fill_by_label] Strategy A textarea[name="ten_don_vi"] failed: Locator.count: Target page, context or browser has been closed
INFO:portal_qr_worker:[_fill_by_label] Strategy B: checking MUI Select for ten_don_vi
WARNING:portal_qr_worker:[_fill_by_label] FAILED: label='ten don vi', value='Quan Karaoke Test'
WARNING:portal_qr_worker:[_fill_by_label] No name mapping for label='đơn vị'
WARNING:portal_qr_worker:[QR_FILL] FAIL field=tên đơn vị reason=NOT_FOUND_ANY_LABEL
INFO:portal_qr_worker:[_ensure_browser] Starting Chrome: C:\Program Files\Google\Chrome\Application\chrome.exe
INFO:portal_qr_worker:[_ensure_browser] Chrome started, WS URL: ws://127.0.0.1:9222/devtools/browser/24645ec4-67f7-429e-a7c8-139d632334f7
INFO:portal_qr_worker:[open_portal] Starting
INFO:portal_qr_worker:[_ensure_browser] Reusing existing browser, WS URL: ws://127.0.0.1:9222/devtools/browser/24645ec4-67f7-429e-a7c8-139d632334f7
INFO:portal_qr_worker:[QR_PAGES] idx=0 type=about:blank url=about:blank title=
INFO:portal_qr_worker:[QR_SELECTED_PAGE] idx=0 url=about:blank reason=only_blank_available_will_navigate
INFO:portal_qr_worker:[open_portal] Selected page URL: about:blank
INFO:portal_qr_worker:[open_portal] Navigating to http://14.241.251.220:7879
INFO:portal_qr_worker:[_detect_page_state] body_text_sample='ang nhap\ntai khoan\ntai khoan\nmat khau\nmat khau\nhien thi mat khau\nang nhap'
INFO:portal_qr_worker:[open_portal] page_state=login, URL=http://14.241.251.220:7879/
INFO:portal_qr_worker:[open_portal] On login page — auto-login
INFO:portal_qr_worker:[_do_login] username filled with selector: input[type="text"]
INFO:portal_qr_worker:[_do_login] password filled with selector: input[type="password"]
INFO:portal_qr_worker:[_do_login] clicked login button: button:has-text("đăng nhập")
INFO:portal_qr_worker:[_detect_page_state] body_text_sample='tra cuu thong tin\nhuong dan su dung\nang xuat\ntra cuu thong tin\nhello, dao pham anh tuan\nso giay phat hanh\n484\nkhu vuc phia nam\n324\nkhu vuc phia bac\n160\nso giay huy\n2\ntim theo so hop ong\ntim theo so ho'
INFO:portal_qr_worker:[_do_login] Dashboard appeared after login
INFO:portal_qr_worker:[open_portal] Login successful
INFO:portal_qr_worker:[_detect_page_state] body_text_sample='tra cuu thong tin\nhuong dan su dung\nang xuat\ntra cuu thong tin\nhello, dao pham anh tuan\nso giay phat hanh\n484\nkhu vuc phia nam\n324\nkhu vuc phia bac\n160\nso giay huy\n2\ntim theo so hop ong\ntim theo so ho'
INFO:portal_qr_worker:[open_portal] Worker done — Chrome still running
INFO:portal_qr_worker:[_ensure_browser] Reusing existing browser, WS URL: ws://127.0.0.1:9222/devtools/browser/24645ec4-67f7-429e-a7c8-139d632334f7
INFO:portal_qr_worker:[_detect_page_state] body_text_sample='tra cuu thong tin\nhuong dan su dung\nang xuat\ntra cuu thong tin\nhello, dao pham anh tuan\nso giay phat hanh\n484\nkhu vuc phia nam\n324\nkhu vuc phia bac\n160\nso giay huy\n2\ntim theo so hop ong\ntim theo so ho'
INFO:portal_qr_worker:[_detect_create_form] has_add_heading=True, has_manual_input_mode=True, label_score=4, field_count=28
INFO:portal_qr_worker:[open_portal] Starting
INFO:portal_qr_worker:[_ensure_browser] Reusing existing browser, WS URL: ws://127.0.0.1:9222/devtools/browser/24645ec4-67f7-429e-a7c8-139d632334f7
INFO:portal_qr_worker:[QR_PAGES] idx=0 type=portal url=http://14.241.251.220:7879/dashboard/content title=Background App
INFO:portal_qr_worker:[QR_SELECTED_PAGE] idx=0 url=http://14.241.251.220:7879/dashboard/content reason=portal_url_found
INFO:portal_qr_worker:[open_portal] Selected page URL: http://14.241.251.220:7879/dashboard/content
INFO:portal_qr_worker:[open_portal] Already on portal URL: http://14.241.251.220:7879/dashboard/content
INFO:portal_qr_worker:[_detect_page_state] body_text_sample='tra cuu thong tin\nhuong dan su dung\nang xuat\ntra cuu thong tin\nhello, dao pham anh tuan\nso giay phat hanh\n484\nkhu vuc phia nam\n324\nkhu vuc phia bac\n160\nso giay huy\n2\ntim theo so hop ong\ntim theo so ho'
INFO:portal_qr_worker:[open_portal] page_state=create_form, URL=http://14.241.251.220:7879/dashboard/content
INFO:portal_qr_worker:[open_portal] Already authenticated (page_state=create_form, url=http://14.241.251.220:7879/dashboard/content)
INFO:portal_qr_worker:[open_portal] Worker done — Chrome still running
INFO:portal_qr_worker:[_ensure_browser] Reusing existing browser, WS URL: ws://127.0.0.1:9222/devtools/browser/24645ec4-67f7-429e-a7c8-139d632334f7
INFO:portal_qr_worker:[_detect_page_state] body_text_sample='tra cuu thong tin\nhuong dan su dung\nang xuat\ntra cuu thong tin\nhello, dao pham anh tuan\nso giay phat hanh\n484\nkhu vuc phia nam\n324\nkhu vuc phia bac\n160\nso giay huy\n2\ntim theo so hop ong\ntim theo so ho'
INFO:portal_qr_worker:[_run_fill_loop_with_timeout] Activating manual input mode...
WARNING:portal_qr_worker:[_ensure_manual_input_mode] failed: 'Page' object has no attribute 'is_connected'
INFO:portal_qr_worker:[_run_fill_loop_with_timeout] Activating manual input mode...
WARNING:portal_qr_worker:[_ensure_manual_input_mode] failed: 'Page' object has no attribute 'is_connected'
INFO:portal_qr_worker:[open_portal] Starting
INFO:portal_qr_worker:[_ensure_browser] Starting Chrome: C:\Program Files\Google\Chrome\Application\chrome.exe
INFO:portal_qr_worker:[_ensure_browser] Chrome started, WS URL: ws://127.0.0.1:9222/devtools/browser/82f91312-2448-4e06-8eab-fee6a12bdbea
INFO:portal_qr_worker:[QR_PAGES] idx=0 type=about:blank url=about:blank title=
INFO:portal_qr_worker:[QR_SELECTED_PAGE] idx=0 url=about:blank reason=only_blank_available_will_navigate
INFO:portal_qr_worker:[open_portal] Selected page URL: about:blank
INFO:portal_qr_worker:[open_portal] Navigating to http://14.241.251.220:7879
INFO:portal_qr_worker:[_detect_page_state] body_text_sample='ang nhap\ntai khoan\ntai khoan\nmat khau\nmat khau\nhien thi mat khau\nang nhap'
INFO:portal_qr_worker:[open_portal] page_state=login, URL=http://14.241.251.220:7879/
INFO:portal_qr_worker:[open_portal] On login page — auto-login
INFO:portal_qr_worker:[_do_login] username filled with selector: input[type="text"]
INFO:portal_qr_worker:[_do_login] password filled with selector: input[type="password"]
INFO:portal_qr_worker:[_do_login] clicked login button: button:has-text("đăng nhập")
INFO:portal_qr_worker:[_detect_page_state] body_text_sample='tra cuu thong tin\nhuong dan su dung\nang xuat\ntra cuu thong tin\nhello, dao pham anh tuan\nso giay phat hanh\n484\nkhu vuc phia nam\n324\nkhu vuc phia bac\n160\nso giay huy\n2\ntim theo so hop ong\ntim theo so ho'
INFO:portal_qr_worker:[_do_login] Dashboard appeared after login
INFO:portal_qr_worker:[open_portal] Login successful
INFO:portal_qr_worker:[_detect_page_state] body_text_sample='tra cuu thong tin\nhuong dan su dung\nang xuat\ntra cuu thong tin\nhello, dao pham anh tuan\nso giay phat hanh\n484\nkhu vuc phia nam\n324\nkhu vuc phia bac\n160\nso giay huy\n2\ntim theo so hop ong\ntim theo so ho'
INFO:portal_qr_worker:[open_portal] Worker done — Chrome still running
INFO:portal_qr_worker:[_ensure_browser] Reusing existing browser, WS URL: ws://127.0.0.1:9222/devtools/browser/82f91312-2448-4e06-8eab-fee6a12bdbea
INFO:portal_qr_worker:[_detect_page_state] body_text_sample='tra cuu thong tin\nhuong dan su dung\nang xuat\ntra cuu thong tin\nhello, dao pham anh tuan\nso giay phat hanh\n484\nkhu vuc phia nam\n324\nkhu vuc phia bac\n160\nso giay huy\n2\ntim theo so hop ong\ntim theo so ho'
INFO:portal_qr_worker:[_run_fill_loop_with_timeout] Activating manual input mode...
INFO:portal_qr_worker:[_ensure_manual_input_mode] Already in manual mode
INFO:portal_qr_worker:[QR_FILL] START field=tình trạng value='Phát hành'
INFO:portal_qr_worker:[_fill_by_label] START label=tình trạng value=Phát hành field_name=tinh_trang
INFO:portal_qr_worker:[_fill_by_label] OK (name): name=tinh_trang -> 'Phát hành'
INFO:portal_qr_worker:[QR_FILL] OK field=tình trạng label='tình trạng'
INFO:portal_qr_worker:[QR_FILL] START field=lĩnh vực value='Karaoke'
INFO:portal_qr_worker:[_fill_by_label] START label=lĩnh vực value=Karaoke field_name=linh_vuc
INFO:portal_qr_worker:[_fill_by_label] Strategy B: checking MUI Select for linh_vuc
WARNING:portal_qr_worker:[_fill_by_label] FAILED: label='lĩnh vực', value='Karaoke'
INFO:portal_qr_worker:[_fill_by_label] START label=linh vuc value=Karaoke field_name=linh_vuc
INFO:portal_qr_worker:[_fill_by_label] Strategy B: checking MUI Select for linh_vuc
WARNING:portal_qr_worker:[_fill_by_label] FAILED: label='linh vuc', value='Karaoke'
WARNING:portal_qr_worker:[QR_FILL] FAIL field=lĩnh vực reason=NOT_FOUND_ANY_LABEL
INFO:portal_qr_worker:[QR_FILL] START field=số hợp đồng value='HD-2024-001'
INFO:portal_qr_worker:[_fill_by_label] START label=số hợp đồng value=HD-2024-001 field_name=so_hop_dong
INFO:portal_qr_worker:[_fill_by_label] OK (name): name=so_hop_dong -> 'HD-2024-001'
INFO:portal_qr_worker:[QR_FILL] OK field=số hợp đồng label='số hợp đồng'
INFO:portal_qr_worker:[QR_FILL] START field=số giấy chứng nhận value='GCN-001'
INFO:portal_qr_worker:[_fill_by_label] START label=số giấy chứng nhận value=GCN-001 field_name=so_giay_chung_nhan
INFO:portal_qr_worker:[_fill_by_label] OK (name): name=so_giay_chung_nhan -> 'GCN-001'
INFO:portal_qr_worker:[QR_FILL] OK field=số giấy chứng nhận label='số giấy chứng nhận'
INFO:portal_qr_worker:[QR_FILL] START field=ngày bắt đầu value='01/01/2025'
INFO:portal_qr_worker:[_fill_by_label] START label=ngày bắt đầu value=01/01/2025 field_name=ngay_bat_dau
WARNING:portal_qr_worker:[_fill_by_label] Strategy A input[name="ngay_bat_dau"][type="date"] failed: Locator.fill: Error: Malformed value
Call log:
  - waiting for locator("input[name=\"ngay_bat_dau\"][type=\"date\"]").first
    - locator resolved to <input value="" id=":r11:" type="date" name="ngay_bat_dau" aria-invalid="false" class="MuiInputBase-input MuiOutlinedInput-input css-1pk1fka"/>
    - fill("01/01/2025")
  - attempting fill action
    - waiting for element to be visible, enabled and editable

WARNING:portal_qr_worker:[_fill_by_label] Strategy A input[name="ngay_bat_dau"] failed: Locator.fill: Error: Malformed value
Call log:
  - waiting for locator("input[name=\"ngay_bat_dau\"]").first
    - locator resolved to <input value="" id=":r11:" type="date" name="ngay_bat_dau" aria-invalid="false" class="MuiInputBase-input MuiOutlinedInput-input css-1pk1fka"/>
    - fill("01/01/2025")
  - attempting fill action
    - waiting for element to be visible, enabled and editable

INFO:portal_qr_worker:[_fill_by_label] Strategy B: checking MUI Select for ngay_bat_dau
WARNING:portal_qr_worker:[_fill_by_label] FAILED: label='ngày bắt đầu', value='01/01/2025'
INFO:portal_qr_worker:[_fill_by_label] START label=ngay bat dau value=01/01/2025 field_name=ngay_bat_dau
WARNING:portal_qr_worker:[_fill_by_label] Strategy A input[name="ngay_bat_dau"][type="date"] failed: Locator.fill: Error: Malformed value
Call log:
  - waiting for locator("input[name=\"ngay_bat_dau\"][type=\"date\"]").first
    - locator resolved to <input value="" id=":r11:" type="date" name="ngay_bat_dau" aria-invalid="false" class="MuiInputBase-input MuiOutlinedInput-input css-1pk1fka"/>
    - fill("01/01/2025")
  - attempting fill action
    - waiting for element to be visible, enabled and editable

WARNING:portal_qr_worker:[_fill_by_label] Strategy A input[name="ngay_bat_dau"] failed: Locator.fill: Error: Malformed value
Call log:
  - waiting for locator("input[name=\"ngay_bat_dau\"]").first
    - locator resolved to <input value="" id=":r11:" type="date" name="ngay_bat_dau" aria-invalid="false" class="MuiInputBase-input MuiOutlinedInput-input css-1pk1fka"/>
    - fill("01/01/2025")
  - attempting fill action
    - waiting for element to be visible, enabled and editable

INFO:portal_qr_worker:[_fill_by_label] Strategy B: checking MUI Select for ngay_bat_dau
WARNING:portal_qr_worker:[_fill_by_label] FAILED: label='ngay bat dau', value='01/01/2025'
WARNING:portal_qr_worker:[_fill_by_label] No name mapping for label='bắt đầu'
WARNING:portal_qr_worker:[QR_FILL] FAIL field=ngày bắt đầu reason=NOT_FOUND_ANY_LABEL
INFO:portal_qr_worker:[QR_FILL] START field=ngày kết thúc value='31/12/2025'
INFO:portal_qr_worker:[_fill_by_label] START label=ngày kết thúc value=31/12/2025 field_name=ngay_ket_thuc
WARNING:portal_qr_worker:[_fill_by_label] Strategy A input[name="ngay_ket_thuc"][type="date"] failed: Locator.fill: Error: Malformed value
Call log:
  - waiting for locator("input[name=\"ngay_ket_thuc\"][type=\"date\"]").first
    - locator resolved to <input value="" id=":r12:" type="date" aria-invalid="false" name="ngay_ket_thuc" class="MuiInputBase-input MuiOutlinedInput-input css-1pk1fka"/>
    - fill("31/12/2025")
  - attempting fill action
    - waiting for element to be visible, enabled and editable

WARNING:portal_qr_worker:[_fill_by_label] Strategy A input[name="ngay_ket_thuc"] failed: Locator.fill: Error: Malformed value
Call log:
  - waiting for locator("input[name=\"ngay_ket_thuc\"]").first
    - locator resolved to <input value="" id=":r12:" type="date" aria-invalid="false" name="ngay_ket_thuc" class="MuiInputBase-input MuiOutlinedInput-input css-1pk1fka"/>
    - fill("31/12/2025")
  - attempting fill action
    - waiting for element to be visible, enabled and editable

INFO:portal_qr_worker:[_fill_by_label] Strategy B: checking MUI Select for ngay_ket_thuc
WARNING:portal_qr_worker:[_fill_by_label] FAILED: label='ngày kết thúc', value='31/12/2025'
INFO:portal_qr_worker:[_fill_by_label] START label=ngay ket thuc value=31/12/2025 field_name=ngay_ket_thuc
WARNING:portal_qr_worker:[_fill_by_label] Strategy A input[name="ngay_ket_thuc"][type="date"] failed: Locator.fill: Error: Malformed value
Call log:
  - waiting for locator("input[name=\"ngay_ket_thuc\"][type=\"date\"]").first
    - locator resolved to <input value="" id=":r12:" type="date" aria-invalid="false" name="ngay_ket_thuc" class="MuiInputBase-input MuiOutlinedInput-input css-1pk1fka"/>
    - fill("31/12/2025")
  - attempting fill action
    - waiting for element to be visible, enabled and editable

WARNING:portal_qr_worker:[_fill_by_label] Strategy A input[name="ngay_ket_thuc"] failed: Locator.fill: Error: Malformed value
Call log:
  - waiting for locator("input[name=\"ngay_ket_thuc\"]").first
    - locator resolved to <input value="" id=":r12:" type="date" aria-invalid="false" name="ngay_ket_thuc" class="MuiInputBase-input MuiOutlinedInput-input css-1pk1fka"/>
    - fill("31/12/2025")
  - attempting fill action
    - waiting for element to be visible, enabled and editable

INFO:portal_qr_worker:[_fill_by_label] Strategy B: checking MUI Select for ngay_ket_thuc
WARNING:portal_qr_worker:[_fill_by_label] FAILED: label='ngay ket thuc', value='31/12/2025'
WARNING:portal_qr_worker:[_fill_by_label] No name mapping for label='kết thúc'
WARNING:portal_qr_worker:[QR_FILL] FAIL field=ngày kết thúc reason=NOT_FOUND_ANY_LABEL
INFO:portal_qr_worker:[QR_FILL] START field=tên đơn vị value='Quan Karaoke Test'
INFO:portal_qr_worker:[_fill_by_label] START label=tên đơn vị value=Quan Karaoke Test field_name=ten_don_vi
INFO:portal_qr_worker:[_fill_by_label] OK (name): name=ten_don_vi -> 'Quan Karaoke Test'
INFO:portal_qr_worker:[QR_FILL] OK field=tên đơn vị label='tên đơn vị'
INFO:portal_qr_worker:[open_portal] Starting
INFO:portal_qr_worker:[_ensure_browser] Reusing existing browser, WS URL: ws://127.0.0.1:9222/devtools/browser/82f91312-2448-4e06-8eab-fee6a12bdbea
INFO:portal_qr_worker:[QR_PAGES] idx=0 type=portal url=http://14.241.251.220:7879/dashboard/content title=Background App
INFO:portal_qr_worker:[QR_SELECTED_PAGE] idx=0 url=http://14.241.251.220:7879/dashboard/content reason=portal_url_found
INFO:portal_qr_worker:[open_portal] Selected page URL: http://14.241.251.220:7879/dashboard/content
INFO:portal_qr_worker:[open_portal] Already on portal URL: http://14.241.251.220:7879/dashboard/content
INFO:portal_qr_worker:[_detect_page_state] body_text_sample='tra cuu thong tin\nhuong dan su dung\nang xuat\ntra cuu thong tin\nhello, dao pham anh tuan\nso giay phat hanh\n484\nkhu vuc phia nam\n324\nkhu vuc phia bac\n160\nso giay huy\n2\ntim theo so hop ong\ntim theo so ho'
INFO:portal_qr_worker:[open_portal] page_state=create_form, URL=http://14.241.251.220:7879/dashboard/content
INFO:portal_qr_worker:[open_portal] Already authenticated (page_state=create_form, url=http://14.241.251.220:7879/dashboard/content)
INFO:portal_qr_worker:[open_portal] Worker done — Chrome still running
INFO:portal_qr_worker:[_ensure_browser] Reusing existing browser, WS URL: ws://127.0.0.1:9222/devtools/browser/82f91312-2448-4e06-8eab-fee6a12bdbea
INFO:portal_qr_worker:[_detect_page_state] body_text_sample='tra cuu thong tin\nhuong dan su dung\nang xuat\ntra cuu thong tin\nhello, dao pham anh tuan\nso giay phat hanh\n484\nkhu vuc phia nam\n324\nkhu vuc phia bac\n160\nso giay huy\n2\ntim theo so hop ong\ntim theo so ho'
INFO:portal_qr_worker:[_run_fill_loop_with_timeout] Activating manual input mode...
INFO:portal_qr_worker:[_ensure_manual_input_mode] Already in manual mode
INFO:portal_qr_worker:[QR_FILL] START field=tình trạng value='Phát hành'
INFO:portal_qr_worker:[_fill_by_label] START label=tình trạng value=Phát hành field_name=tinh_trang
INFO:portal_qr_worker:[_fill_by_label] OK (name): name=tinh_trang -> 'Phát hành'
INFO:portal_qr_worker:[QR_FILL] OK field=tình trạng label='tình trạng'
INFO:portal_qr_worker:[QR_FILL] START field=lĩnh vực value='Karaoke'
INFO:portal_qr_worker:[_fill_by_label] START label=lĩnh vực value=Karaoke field_name=linh_vuc
INFO:portal_qr_worker:[_fill_by_label] Strategy B: checking MUI Select for linh_vuc
INFO:portal_qr_worker:[_fill_by_label] OK (MUI Select): name=linh_vuc -> 'ka'
INFO:portal_qr_worker:[QR_FILL] OK field=lĩnh vực label='lĩnh vực'
INFO:portal_qr_worker:[QR_FILL] START field=số hợp đồng value='HD-2024-001'
INFO:portal_qr_worker:[_fill_by_label] START label=số hợp đồng value=HD-2024-001 field_name=so_hop_dong
INFO:portal_qr_worker:[_fill_by_label] OK (name): name=so_hop_dong -> 'HD-2024-001'
INFO:portal_qr_worker:[QR_FILL] OK field=số hợp đồng label='số hợp đồng'
INFO:portal_qr_worker:[QR_FILL] START field=số giấy chứng nhận value='GCN-001'
INFO:portal_qr_worker:[_fill_by_label] START label=số giấy chứng nhận value=GCN-001 field_name=so_giay_chung_nhan
INFO:portal_qr_worker:[_fill_by_label] OK (name): name=so_giay_chung_nhan -> 'GCN-001'
INFO:portal_qr_worker:[QR_FILL] OK field=số giấy chứng nhận label='số giấy chứng nhận'
INFO:portal_qr_worker:[QR_FILL] START field=ngày in GCN value='2025-01-01'
INFO:portal_qr_worker:[_fill_by_label] START label=ngày in giấy chứng nhận value=2025-01-01 field_name=ngay_in_giay_chung_nhan
INFO:portal_qr_worker:[_fill_by_label] OK (name): name=ngay_in_giay_chung_nhan -> '2025-01-01'
INFO:portal_qr_worker:[QR_FILL] OK field=ngày in GCN label='ngày in giấy chứng nhận'
INFO:portal_qr_worker:[QR_FILL] START field=ngày bắt đầu value='2025-01-01'
INFO:portal_qr_worker:[_fill_by_label] START label=ngày bắt đầu value=2025-01-01 field_name=ngay_bat_dau
INFO:portal_qr_worker:[_fill_by_label] OK (name): name=ngay_bat_dau -> '2025-01-01'
INFO:portal_qr_worker:[QR_FILL] OK field=ngày bắt đầu label='ngày bắt đầu'
INFO:portal_qr_worker:[QR_FILL] START field=ngày kết thúc value='2025-12-31'
INFO:portal_qr_worker:[_fill_by_label] START label=ngày kết thúc value=2025-12-31 field_name=ngay_ket_thuc
INFO:portal_qr_worker:[_fill_by_label] OK (name): name=ngay_ket_thuc -> '2025-12-31'
INFO:portal_qr_worker:[QR_FILL] OK field=ngày kết thúc label='ngày kết thúc'
INFO:portal_qr_worker:[QR_FILL] START field=tên đơn vị value='Quan Karaoke Test'
INFO:portal_qr_worker:[_fill_by_label] START label=tên đơn vị value=Quan Karaoke Test field_name=ten_don_vi
INFO:portal_qr_worker:[_fill_by_label] OK (name): name=ten_don_vi -> 'Quan Karaoke Test'
INFO:portal_qr_worker:[QR_FILL] OK field=tên đơn vị label='tên đơn vị'
INFO:portal_qr_worker:[open_portal] Starting
INFO:portal_qr_worker:[_ensure_browser] Reusing existing browser, WS URL: ws://127.0.0.1:9222/devtools/browser/82f91312-2448-4e06-8eab-fee6a12bdbea
INFO:portal_qr_worker:[QR_PAGES] idx=0 type=portal url=http://14.241.251.220:7879/dashboard/content title=Background App
INFO:portal_qr_worker:[QR_SELECTED_PAGE] idx=0 url=http://14.241.251.220:7879/dashboard/content reason=portal_url_found
INFO:portal_qr_worker:[open_portal] Selected page URL: http://14.241.251.220:7879/dashboard/content
INFO:portal_qr_worker:[open_portal] Already on portal URL: http://14.241.251.220:7879/dashboard/content
INFO:portal_qr_worker:[_detect_page_state] body_text_sample='tra cuu thong tin\nhuong dan su dung\nang xuat\ntra cuu thong tin\nhello, dao pham anh tuan\nso giay phat hanh\n484\nkhu vuc phia nam\n324\nkhu vuc phia bac\n160\nso giay huy\n2\ntim theo so hop ong\ntim theo so ho'
INFO:portal_qr_worker:[open_portal] page_state=create_form, URL=http://14.241.251.220:7879/dashboard/content
INFO:portal_qr_worker:[open_portal] Already authenticated (page_state=create_form, url=http://14.241.251.220:7879/dashboard/content)
INFO:portal_qr_worker:[open_portal] Worker done — Chrome still running
INFO:portal_qr_worker:[_ensure_browser] Reusing existing browser, WS URL: ws://127.0.0.1:9222/devtools/browser/82f91312-2448-4e06-8eab-fee6a12bdbea
INFO:portal_qr_worker:[_detect_page_state] body_text_sample='tra cuu thong tin\nhuong dan su dung\nang xuat\ntra cuu thong tin\nhello, dao pham anh tuan\nso giay phat hanh\n484\nkhu vuc phia nam\n324\nkhu vuc phia bac\n160\nso giay huy\n2\ntim theo so hop ong\ntim theo so ho'
INFO:portal_qr_worker:[_run_fill_loop_with_timeout] Activating manual input mode...
INFO:portal_qr_worker:[_ensure_manual_input_mode] Already in manual mode
INFO:portal_qr_worker:[QR_FILL] START field=tình trạng value='Phát hành'
INFO:portal_qr_worker:[_fill_by_label] START label=tình trạng value=Phát hành field_name=tinh_trang
INFO:portal_qr_worker:[_fill_by_label] OK (name): name=tinh_trang -> 'Phát hành'
INFO:portal_qr_worker:[QR_FILL] OK field=tình trạng label='tình trạng'
INFO:portal_qr_worker:[QR_FILL] START field=lĩnh vực value='Karaoke'
INFO:portal_qr_worker:[_fill_by_label] START label=lĩnh vực value=Karaoke field_name=linh_vuc
INFO:portal_qr_worker:[_fill_by_label] Strategy B: checking MUI Select for linh_vuc
INFO:portal_qr_worker:[_fill_by_label] OK (MUI Select): name=linh_vuc -> 'ka'
INFO:portal_qr_worker:[QR_FILL] OK field=lĩnh vực label='lĩnh vực'
INFO:portal_qr_worker:[QR_FILL] START field=số hợp đồng value='HD-2024-001'
INFO:portal_qr_worker:[_fill_by_label] START label=số hợp đồng value=HD-2024-001 field_name=so_hop_dong
INFO:portal_qr_worker:[_fill_by_label] OK (name): name=so_hop_dong -> 'HD-2024-001'
INFO:portal_qr_worker:[QR_FILL] OK field=số hợp đồng label='số hợp đồng'
INFO:portal_qr_worker:[QR_FILL] START field=số giấy chứng nhận value='GCN-001'
INFO:portal_qr_worker:[_fill_by_label] START label=số giấy chứng nhận value=GCN-001 field_name=so_giay_chung_nhan
INFO:portal_qr_worker:[_fill_by_label] OK (name): name=so_giay_chung_nhan -> 'GCN-001'
INFO:portal_qr_worker:[QR_FILL] OK field=số giấy chứng nhận label='số giấy chứng nhận'
INFO:portal_qr_worker:[QR_FILL] START field=ngày in GCN value='2025-01-01'
INFO:portal_qr_worker:[_fill_by_label] START label=ngày in giấy chứng nhận value=2025-01-01 field_name=ngay_in_giay_chung_nhan
INFO:portal_qr_worker:[_fill_by_label] OK (name): name=ngay_in_giay_chung_nhan -> '2025-01-01'
INFO:portal_qr_worker:[QR_FILL] OK field=ngày in GCN label='ngày in giấy chứng nhận'
INFO:portal_qr_worker:[QR_FILL] START field=ngày bắt đầu value='2025-01-01'
INFO:portal_qr_worker:[_fill_by_label] START label=ngày bắt đầu value=2025-01-01 field_name=ngay_bat_dau
INFO:portal_qr_worker:[_fill_by_label] OK (name): name=ngay_bat_dau -> '2025-01-01'
INFO:portal_qr_worker:[QR_FILL] OK field=ngày bắt đầu label='ngày bắt đầu'
INFO:portal_qr_worker:[QR_FILL] START field=ngày kết thúc value='2025-12-31'
INFO:portal_qr_worker:[_fill_by_label] START label=ngày kết thúc value=2025-12-31 field_name=ngay_ket_thuc
INFO:portal_qr_worker:[_fill_by_label] OK (name): name=ngay_ket_thuc -> '2025-12-31'
INFO:portal_qr_worker:[QR_FILL] OK field=ngày kết thúc label='ngày kết thúc'
INFO:portal_qr_worker:[QR_FILL] START field=tên đơn vị value='Quan Karaoke Test'
INFO:portal_qr_worker:[_fill_by_label] START label=tên đơn vị value=Quan Karaoke Test field_name=ten_don_vi
INFO:portal_qr_worker:[_fill_by_label] OK (name): name=ten_don_vi -> 'Quan Karaoke Test'
INFO:portal_qr_worker:[QR_FILL] OK field=tên đơn vị label='tên đơn vị'
INFO:portal_qr_worker:[_ensure_browser] Reusing existing browser, WS URL: ws://127.0.0.1:9222/devtools/browser/306a79bb-ac10-46d7-9c44-3de50cbae848
INFO:portal_qr_worker:[_detect_page_state] body_text_sample='ang nhap\ntai khoan\ntai khoan\nmat khau\nmat khau\nhien thi mat khau\nang nhap'
INFO:portal_qr_worker:[_detect_page_state] body_text_sample='ang nhap\ntai khoan\ntai khoan\nmat khau\nmat khau\nhien thi mat khau\nang nhap'
INFO:portal_qr_worker:[_detect_page_state] body_text_sample='ang nhap\ntai khoan\ntai khoan\nmat khau\nmat khau\nhien thi mat khau\nang nhap'
INFO:portal_qr_worker:[_detect_page_state] body_text_sample='ang nhap\ntai khoan\ntai khoan\nmat khau\nmat khau\nhien thi mat khau\nang nhap'
INFO:portal_qr_worker:[_detect_page_state] body_text_sample='ang nhap\ntai khoan\ntai khoan\nmat khau\nmat khau\nhien thi mat khau\nang nhap'
INFO:portal_qr_worker:[_detect_page_state] body_text_sample='ang nhap\ntai khoan\ntai khoan\nmat khau\nmat khau\nhien thi mat khau\nang nhap'
INFO:portal_qr_worker:[_detect_page_state] body_text_sample='ang nhap\ntai khoan\ntai khoan\nmat khau\nmat khau\nhien thi mat khau\nang nhap'
INFO:portal_qr_worker:[_detect_page_state] body_text_sample='ang nhap\ntai khoan\ntai khoan\nmat khau\nmat khau\nhien thi mat khau\nang nhap'
INFO:portal_qr_worker:[_detect_page_state] body_text_sample='ang nhap\ntai khoan\ntai khoan\nmat khau\nmat khau\nhien thi mat khau\nang nhap'
INFO:portal_qr_worker:[_detect_page_state] body_text_sample='ang nhap\ntai khoan\ntai khoan\nmat khau\nmat khau\nhien thi mat khau\nang nhap'
INFO:portal_qr_worker:[_detect_page_state] body_text_sample='ang nhap\ntai khoan\ntai khoan\nmat khau\nmat khau\nhien thi mat khau\nang nhap'
INFO:portal_qr_worker:[_detect_page_state] body_text_sample='ang nhap\ntai khoan\ntai khoan\nmat khau\nmat khau\nhien thi mat khau\nang nhap'
INFO:portal_qr_worker:[_detect_page_state] body_text_sample='ang nhap\ntai khoan\ntai khoan\nmat khau\nmat khau\nhien thi mat khau\nang nhap'
INFO:portal_qr_worker:[_detect_page_state] body_text_sample='ang nhap\ntai khoan\ntai khoan\nmat khau\nmat khau\nhien thi mat khau\nang nhap'
INFO:portal_qr_worker:[_detect_page_state] body_text_sample='ang nhap\ntai khoan\ntai khoan\nmat khau\nmat khau\nhien thi mat khau\nang nhap'
INFO:portal_qr_worker:[_detect_page_state] body_text_sample='ang nhap\ntai khoan\ntai khoan\nmat khau\nmat khau\nhien thi mat khau\nang nhap'
INFO:portal_qr_worker:[_detect_page_state] body_text_sample='ang nhap\ntai khoan\ntai khoan\nmat khau\nmat khau\nhien thi mat khau\nang nhap'
INFO:portal_qr_worker:[_detect_page_state] body_text_sample='ang nhap\ntai khoan\ntai khoan\nmat khau\nmat khau\nhien thi mat khau\nang nhap'
INFO:portal_qr_worker:[_detect_page_state] body_text_sample='ang nhap\ntai khoan\ntai khoan\nmat khau\nmat khau\nhien thi mat khau\nang nhap'
INFO:portal_qr_worker:[_detect_page_state] body_text_sample='ang nhap\ntai khoan\ntai khoan\nmat khau\nmat khau\nhien thi mat khau\nang nhap'
INFO:portal_qr_worker:[_detect_page_state] body_text_sample='ang nhap\ntai khoan\ntai khoan\nmat khau\nmat khau\nhien thi mat khau\nang nhap'
INFO:portal_qr_worker:[_detect_page_state] body_text_sample='ang nhap\ntai khoan\ntai khoan\nmat khau\nmat khau\nhien thi mat khau\nang nhap'
INFO:portal_qr_worker:[_detect_page_state] body_text_sample='ang nhap\ntai khoan\ntai khoan\nmat khau\nmat khau\nhien thi mat khau\nang nhap'
INFO:portal_qr_worker:[_detect_page_state] body_text_sample='ang nhap\ntai khoan\ntai khoan\nmat khau\nmat khau\nhien thi mat khau\nang nhap'
INFO:portal_qr_worker:[_detect_page_state] body_text_sample='ang nhap\ntai khoan\ntai khoan\nmat khau\nmat khau\nhien thi mat khau\nang nhap'
INFO:portal_qr_worker:[_detect_page_state] body_text_sample='ang nhap\ntai khoan\ntai khoan\nmat khau\nmat khau\nhien thi mat khau\nang nhap'
INFO:portal_qr_worker:[_detect_page_state] body_text_sample='ang nhap\ntai khoan\ntai khoan\nmat khau\nmat khau\nhien thi mat khau\nang nhap'
INFO:portal_qr_worker:[_detect_page_state] body_text_sample='ang nhap\ntai khoan\ntai khoan\nmat khau\nmat khau\nhien thi mat khau\nang nhap'
INFO:portal_qr_worker:[_detect_page_state] body_text_sample='ang nhap\ntai khoan\ntai khoan\nmat khau\nmat khau\nhien thi mat khau\nang nhap'
INFO:portal_qr_worker:[_detect_page_state] body_text_sample='ang nhap\ntai khoan\ntai khoan\nmat khau\nmat khau\nhien thi mat khau\nang nhap'
INFO:portal_qr_worker:[_detect_page_state] body_text_sample='ang nhap\ntai khoan\ntai khoan\nmat khau\nmat khau\nhien thi mat khau\nang nhap'
INFO:portal_qr_worker:[_detect_page_state] body_text_sample='ang nhap\ntai khoan\ntai khoan\nmat khau\nmat khau\nhien thi mat khau\nang nhap'
INFO:portal_qr_worker:[_detect_page_state] body_text_sample='ang nhap\ntai khoan\ntai khoan\nmat khau\nmat khau\nhien thi mat khau\nang nhap'
INFO:portal_qr_worker:[_detect_page_state] body_text_sample='ang nhap\ntai khoan\ntai khoan\nmat khau\nmat khau\nhien thi mat khau\nang nhap'
INFO:portal_qr_worker:[_detect_page_state] body_text_sample='ang nhap\ntai khoan\ntai khoan\nmat khau\nmat khau\nhien thi mat khau\nang nhap'
INFO:portal_qr_worker:[_detect_page_state] body_text_sample='ang nhap\ntai khoan\ntai khoan\nmat khau\nmat khau\nhien thi mat khau\nang nhap'
INFO:portal_qr_worker:[_detect_page_state] body_text_sample='ang nhap\ntai khoan\ntai khoan\nmat khau\nmat khau\nhien thi mat khau\nang nhap'
INFO:portal_qr_worker:[_detect_page_state] body_text_sample='ang nhap\ntai khoan\ntai khoan\nmat khau\nmat khau\nhien thi mat khau\nang nhap'
INFO:portal_qr_worker:[_detect_page_state] body_text_sample='ang nhap\ntai khoan\ntai khoan\nmat khau\nmat khau\nhien thi mat khau\nang nhap'
INFO:portal_qr_worker:[_detect_page_state] body_text_sample='ang nhap\ntai khoan\ntai khoan\nmat khau\nmat khau\nhien thi mat khau\nang nhap'
INFO:portal_qr_worker:[_detect_page_state] body_text_sample='ang nhap\ntai khoan\ntai khoan\nmat khau\nmat khau\nhien thi mat khau\nang nhap'
INFO:portal_qr_worker:[_detect_page_state] body_text_sample='ang nhap\ntai khoan\ntai khoan\nmat khau\nmat khau\nhien thi mat khau\nang nhap'
INFO:portal_qr_worker:[_detect_page_state] body_text_sample='ang nhap\ntai khoan\ntai khoan\nmat khau\nmat khau\nhien thi mat khau\nang nhap'
INFO:portal_qr_worker:[_detect_page_state] body_text_sample='ang nhap\ntai khoan\ntai khoan\nmat khau\nmat khau\nhien thi mat khau\nang nhap'
INFO:portal_qr_worker:[_detect_page_state] body_text_sample='ang nhap\ntai khoan\ntai khoan\nmat khau\nmat khau\nhien thi mat khau\nang nhap'
INFO:portal_qr_worker:[_detect_page_state] body_text_sample='ang nhap\ntai khoan\ntai khoan\nmat khau\nmat khau\nhien thi mat khau\nang nhap'
INFO:portal_qr_worker:[_detect_page_state] body_text_sample='ang nhap\ntai khoan\ntai khoan\nmat khau\nmat khau\nhien thi mat khau\nang nhap'
INFO:portal_qr_worker:[_detect_page_state] body_text_sample='ang nhap\ntai khoan\ntai khoan\nmat khau\nmat khau\nhien thi mat khau\nang nhap'
INFO:portal_qr_worker:[_detect_page_state] body_text_sample='ang nhap\ntai khoan\ntai khoan\nmat khau\nmat khau\nhien thi mat khau\nang nhap'
INFO:portal_qr_worker:[_detect_page_state] body_text_sample='ang nhap\ntai khoan\ntai khoan\nmat khau\nmat khau\nhien thi mat khau\nang nhap'
INFO:portal_qr_worker:[_detect_page_state] body_text_sample='ang nhap\ntai khoan\ntai khoan\nmat khau\nmat khau\nhien thi mat khau\nang nhap'
INFO:portal_qr_worker:[_detect_page_state] body_text_sample='ang nhap\ntai khoan\ntai khoan\nmat khau\nmat khau\nhien thi mat khau\nang nhap'
INFO:portal_qr_worker:[_detect_page_state] body_text_sample='ang nhap\ntai khoan\ntai khoan\nmat khau\nmat khau\nhien thi mat khau\nang nhap'
INFO:portal_qr_worker:[_detect_page_state] body_text_sample='ang nhap\ntai khoan\ntai khoan\nmat khau\nmat khau\nhien thi mat khau\nang nhap'
INFO:portal_qr_worker:[_detect_page_state] body_text_sample='ang nhap\ntai khoan\ntai khoan\nmat khau\nmat khau\nhien thi mat khau\nang nhap'
INFO:portal_qr_worker:[_detect_page_state] body_text_sample='ang nhap\ntai khoan\ntai khoan\nmat khau\nmat khau\nhien thi mat khau\nang nhap'
INFO:portal_qr_worker:[_detect_page_state] body_text_sample='ang nhap\ntai khoan\ntai khoan\nmat khau\nmat khau\nhien thi mat khau\nang nhap'
INFO:portal_qr_worker:[_detect_page_state] body_text_sample='ang nhap\ntai khoan\ntai khoan\nmat khau\nmat khau\nhien thi mat khau\nang nhap'
INFO:portal_qr_worker:[_detect_page_state] body_text_sample='ang nhap\ntai khoan\ntai khoan\nmat khau\nmat khau\nhien thi mat khau\nang nhap'
INFO:portal_qr_worker:[_detect_page_state] body_text_sample='ang nhap\ntai khoan\ntai khoan\nmat khau\nmat khau\nhien thi mat khau\nang nhap'
INFO:portal_qr_worker:[_detect_page_state] body_text_sample='ang nhap\ntai khoan\ntai khoan\nmat khau\nmat khau\nhien thi mat khau\nang nhap'
INFO:portal_qr_worker:[_ensure_browser] Reusing existing browser, WS URL: ws://127.0.0.1:9222/devtools/browser/306a79bb-ac10-46d7-9c44-3de50cbae848
INFO:portal_qr_worker:[_detect_page_state] body_text_sample='ang nhap\ntai khoan\ntai khoan\nmat khau\nmat khau\nhien thi mat khau\nang nhap'
INFO:portal_qr_worker:[_do_login] username filled with selector: input[type="text"]
INFO:portal_qr_worker:[_do_login] password filled with selector: input[type="password"]
INFO:portal_qr_worker:[_do_login] clicked login button: button:has-text("đăng nhập")
INFO:portal_qr_worker:[_detect_page_state] body_text_sample='tra cuu thong tin\nhuong dan su dung\nang xuat\ntra cuu thong tin\nhello, dao pham anh tuan\nso giay phat hanh\n484\nkhu vuc phia nam\n324\nkhu vuc phia bac\n160\nso giay huy\n2\ntim theo so hop ong\ntim theo so ho'
INFO:portal_qr_worker:[_do_login] Dashboard appeared after login
INFO:portal_qr_worker:[_detect_page_state] body_text_sample='tra cuu thong tin\nhuong dan su dung\nang xuat\ntra cuu thong tin\nhello, dao pham anh tuan\nso giay phat hanh\n484\nkhu vuc phia nam\n324\nkhu vuc phia bac\n160\nso giay huy\n2\ntim theo so hop ong\ntim theo so ho'
INFO:portal_qr_worker:[_detect_page_state] body_text_sample='tra cuu thong tin\nhuong dan su dung\nang xuat\ntra cuu thong tin\nhello, dao pham anh tuan\nso giay phat hanh\n484\nkhu vuc phia nam\n324\nkhu vuc phia bac\n160\nso giay huy\n2\ntim theo so hop ong\ntim theo so ho'
INFO:portal_qr_worker:[_detect_page_state] body_text_sample='tra cuu thong tin\nhuong dan su dung\nang xuat\ntra cuu thong tin\nhello, dao pham anh tuan\nso giay phat hanh\n484\nkhu vuc phia nam\n324\nkhu vuc phia bac\n160\nso giay huy\n2\ntim theo so hop ong\ntim theo so ho'
INFO:portal_qr_worker:[_detect_page_state] body_text_sample='tra cuu thong tin\nhuong dan su dung\nang xuat\ntra cuu thong tin\nhello, dao pham anh tuan\nso giay phat hanh\n484\nkhu vuc phia nam\n324\nkhu vuc phia bac\n160\nso giay huy\n2\ntim theo so hop ong\ntim theo so ho'
INFO:portal_qr_worker:[_detect_page_state] body_text_sample='tra cuu thong tin\nhuong dan su dung\nang xuat\ntra cuu thong tin\nhello, dao pham anh tuan\nso giay phat hanh\n484\nkhu vuc phia nam\n324\nkhu vuc phia bac\n160\nso giay huy\n2\ntim theo so hop ong\ntim theo so ho'
INFO:portal_qr_worker:[_detect_page_state] body_text_sample='tra cuu thong tin\nhuong dan su dung\nang xuat\ntra cuu thong tin\nhello, dao pham anh tuan\nso giay phat hanh\n484\nkhu vuc phia nam\n324\nkhu vuc phia bac\n160\nso giay huy\n2\ntim theo so hop ong\ntim theo so ho'
INFO:portal_qr_worker:[_detect_page_state] body_text_sample='tra cuu thong tin\nhuong dan su dung\nang xuat\ntra cuu thong tin\nhello, dao pham anh tuan\nso giay phat hanh\n484\nkhu vuc phia nam\n324\nkhu vuc phia bac\n160\nso giay huy\n2\ntim theo so hop ong\ntim theo so ho'
INFO:portal_qr_worker:[_detect_page_state] body_text_sample='tra cuu thong tin\nhuong dan su dung\nang xuat\ntra cuu thong tin\nhello, dao pham anh tuan\nso giay phat hanh\n484\nkhu vuc phia nam\n324\nkhu vuc phia bac\n160\nso giay huy\n2\ntim theo so hop ong\ntim theo so ho'
INFO:portal_qr_worker:[_detect_page_state] body_text_sample='tra cuu thong tin\nhuong dan su dung\nang xuat\ntra cuu thong tin\nhello, dao pham anh tuan\nso giay phat hanh\n484\nkhu vuc phia nam\n324\nkhu vuc phia bac\n160\nso giay huy\n2\ntim theo so hop ong\ntim theo so ho'
INFO:portal_qr_worker:[_detect_page_state] body_text_sample='tra cuu thong tin\nhuong dan su dung\nang xuat\ntra cuu thong tin\nhello, dao pham anh tuan\nso giay phat hanh\n484\nkhu vuc phia nam\n324\nkhu vuc phia bac\n160\nso giay huy\n2\ntim theo so hop ong\ntim theo so ho'
INFO:portal_qr_worker:[_detect_page_state] body_text_sample='tra cuu thong tin\nhuong dan su dung\nang xuat\ntra cuu thong tin\nhello, dao pham anh tuan\nso giay phat hanh\n484\nkhu vuc phia nam\n324\nkhu vuc phia bac\n160\nso giay huy\n2\ntim theo so hop ong\ntim theo so ho'
INFO:portal_qr_worker:[_detect_page_state] body_text_sample='tra cuu thong tin\nhuong dan su dung\nang xuat\ntra cuu thong tin\nhello, dao pham anh tuan\nso giay phat hanh\n484\nkhu vuc phia nam\n324\nkhu vuc phia bac\n160\nso giay huy\n2\ntim theo so hop ong\ntim theo so ho'
INFO:portal_qr_worker:[_detect_page_state] body_text_sample='tra cuu thong tin\nhuong dan su dung\nang xuat\ntra cuu thong tin\nhello, dao pham anh tuan\nso giay phat hanh\n484\nkhu vuc phia nam\n324\nkhu vuc phia bac\n160\nso giay huy\n2\ntim theo so hop ong\ntim theo so ho'
INFO:portal_qr_worker:[_detect_page_state] body_text_sample='tra cuu thong tin\nhuong dan su dung\nang xuat\ntra cuu thong tin\nhello, dao pham anh tuan\nso giay phat hanh\n484\nkhu vuc phia nam\n324\nkhu vuc phia bac\n160\nso giay huy\n2\ntim theo so hop ong\ntim theo so ho'
INFO:portal_qr_worker:[_detect_page_state] body_text_sample='tra cuu thong tin\nhuong dan su dung\nang xuat\ntra cuu thong tin\nhello, dao pham anh tuan\nso giay phat hanh\n484\nkhu vuc phia nam\n324\nkhu vuc phia bac\n160\nso giay huy\n2\ntim theo so hop ong\ntim theo so ho'
INFO:portal_qr_worker:[_detect_page_state] body_text_sample='tra cuu thong tin\nhuong dan su dung\nang xuat\ntra cuu thong tin\nhello, dao pham anh tuan\nso giay phat hanh\n484\nkhu vuc phia nam\n324\nkhu vuc phia bac\n160\nso giay huy\n2\ntim theo so hop ong\ntim theo so ho'
INFO:portal_qr_worker:[_detect_page_state] body_text_sample='tra cuu thong tin\nhuong dan su dung\nang xuat\ntra cuu thong tin\nhello, dao pham anh tuan\nso giay phat hanh\n484\nkhu vuc phia nam\n324\nkhu vuc phia bac\n160\nso giay huy\n2\ntim theo so hop ong\ntim theo so ho'
INFO:portal_qr_worker:[_detect_page_state] body_text_sample='tra cuu thong tin\nhuong dan su dung\nang xuat\ntra cuu thong tin\nhello, dao pham anh tuan\nso giay phat hanh\n484\nkhu vuc phia nam\n324\nkhu vuc phia bac\n160\nso giay huy\n2\ntim theo so hop ong\ntim theo so ho'
INFO:portal_qr_worker:[_detect_page_state] body_text_sample='tra cuu thong tin\nhuong dan su dung\nang xuat\ntra cuu thong tin\nhello, dao pham anh tuan\nso giay phat hanh\n484\nkhu vuc phia nam\n324\nkhu vuc phia bac\n160\nso giay huy\n2\ntim theo so hop ong\ntim theo so ho'
INFO:portal_qr_worker:[_detect_page_state] body_text_sample='tra cuu thong tin\nhuong dan su dung\nang xuat\ntra cuu thong tin\nhello, dao pham anh tuan\nso giay phat hanh\n484\nkhu vuc phia nam\n324\nkhu vuc phia bac\n160\nso giay huy\n2\ntim theo so hop ong\ntim theo so ho'
INFO:portal_qr_worker:[_detect_page_state] body_text_sample='tra cuu thong tin\nhuong dan su dung\nang xuat\ntra cuu thong tin\nhello, dao pham anh tuan\nso giay phat hanh\n484\nkhu vuc phia nam\n324\nkhu vuc phia bac\n160\nso giay huy\n2\ntim theo so hop ong\ntim theo so ho'
INFO:portal_qr_worker:[_detect_page_state] body_text_sample='tra cuu thong tin\nhuong dan su dung\nang xuat\ntra cuu thong tin\nhello, dao pham anh tuan\nso giay phat hanh\n484\nkhu vuc phia nam\n324\nkhu vuc phia bac\n160\nso giay huy\n2\ntim theo so hop ong\ntim theo so ho'
INFO:portal_qr_worker:[_detect_page_state] body_text_sample='tra cuu thong tin\nhuong dan su dung\nang xuat\ntra cuu thong tin\nhello, dao pham anh tuan\nso giay phat hanh\n484\nkhu vuc phia nam\n324\nkhu vuc phia bac\n160\nso giay huy\n2\ntim theo so hop ong\ntim theo so ho'
INFO:portal_qr_worker:[_detect_page_state] body_text_sample='tra cuu thong tin\nhuong dan su dung\nang xuat\ntra cuu thong tin\nhello, dao pham anh tuan\nso giay phat hanh\n484\nkhu vuc phia nam\n324\nkhu vuc phia bac\n160\nso giay huy\n2\ntim theo so hop ong\ntim theo so ho'
INFO:portal_qr_worker:[_detect_page_state] body_text_sample='tra cuu thong tin\nhuong dan su dung\nang xuat\ntra cuu thong tin\nhello, dao pham anh tuan\nso giay phat hanh\n484\nkhu vuc phia nam\n324\nkhu vuc phia bac\n160\nso giay huy\n2\ntim theo so hop ong\ntim theo so ho'
INFO:portal_qr_worker:[_detect_page_state] body_text_sample='tra cuu thong tin\nhuong dan su dung\nang xuat\ntra cuu thong tin\nhello, dao pham anh tuan\nso giay phat hanh\n484\nkhu vuc phia nam\n324\nkhu vuc phia bac\n160\nso giay huy\n2\ntim theo so hop ong\ntim theo so ho'
INFO:portal_qr_worker:[_detect_page_state] body_text_sample='tra cuu thong tin\nhuong dan su dung\nang xuat\ntra cuu thong tin\nhello, dao pham anh tuan\nso giay phat hanh\n484\nkhu vuc phia nam\n324\nkhu vuc phia bac\n160\nso giay huy\n2\ntim theo so hop ong\ntim theo so ho'
INFO:portal_qr_worker:[_detect_page_state] body_text_sample='tra cuu thong tin\nhuong dan su dung\nang xuat\ntra cuu thong tin\nhello, dao pham anh tuan\nso giay phat hanh\n484\nkhu vuc phia nam\n324\nkhu vuc phia bac\n160\nso giay huy\n2\ntim theo so hop ong\ntim theo so ho'
INFO:portal_qr_worker:[_detect_page_state] body_text_sample='tra cuu thong tin\nhuong dan su dung\nang xuat\ntra cuu thong tin\nhello, dao pham anh tuan\nso giay phat hanh\n484\nkhu vuc phia nam\n324\nkhu vuc phia bac\n160\nso giay huy\n2\ntim theo so hop ong\ntim theo so ho'
INFO:portal_qr_worker:[_detect_page_state] body_text_sample='tra cuu thong tin\nhuong dan su dung\nang xuat\ntra cuu thong tin\nhello, dao pham anh tuan\nso giay phat hanh\n484\nkhu vuc phia nam\n324\nkhu vuc phia bac\n160\nso giay huy\n2\ntim theo so hop ong\ntim theo so ho'
INFO:portal_qr_worker:[_detect_page_state] body_text_sample='tra cuu thong tin\nhuong dan su dung\nang xuat\ntra cuu thong tin\nhello, dao pham anh tuan\nso giay phat hanh\n484\nkhu vuc phia nam\n324\nkhu vuc phia bac\n160\nso giay huy\n2\ntim theo so hop ong\ntim theo so ho'
INFO:portal_qr_worker:[_detect_page_state] body_text_sample='tra cuu thong tin\nhuong dan su dung\nang xuat\ntra cuu thong tin\nhello, dao pham anh tuan\nso giay phat hanh\n484\nkhu vuc phia nam\n324\nkhu vuc phia bac\n160\nso giay huy\n2\ntim theo so hop ong\ntim theo so ho'
INFO:portal_qr_worker:[_detect_page_state] body_text_sample='tra cuu thong tin\nhuong dan su dung\nang xuat\ntra cuu thong tin\nhello, dao pham anh tuan\nso giay phat hanh\n484\nkhu vuc phia nam\n324\nkhu vuc phia bac\n160\nso giay huy\n2\ntim theo so hop ong\ntim theo so ho'
INFO:portal_qr_worker:[_detect_page_state] body_text_sample='tra cuu thong tin\nhuong dan su dung\nang xuat\ntra cuu thong tin\nhello, dao pham anh tuan\nso giay phat hanh\n484\nkhu vuc phia nam\n324\nkhu vuc phia bac\n160\nso giay huy\n2\ntim theo so hop ong\ntim theo so ho'
INFO:portal_qr_worker:[_detect_page_state] body_text_sample='tra cuu thong tin\nhuong dan su dung\nang xuat\ntra cuu thong tin\nhello, dao pham anh tuan\nso giay phat hanh\n484\nkhu vuc phia nam\n324\nkhu vuc phia bac\n160\nso giay huy\n2\ntim theo so hop ong\ntim theo so ho'
INFO:portal_qr_worker:[_detect_page_state] body_text_sample='tra cuu thong tin\nhuong dan su dung\nang xuat\ntra cuu thong tin\nhello, dao pham anh tuan\nso giay phat hanh\n484\nkhu vuc phia nam\n324\nkhu vuc phia bac\n160\nso giay huy\n2\ntim theo so hop ong\ntim theo so ho'
INFO:portal_qr_worker:[_detect_page_state] body_text_sample='tra cuu thong tin\nhuong dan su dung\nang xuat\ntra cuu thong tin\nhello, dao pham anh tuan\nso giay phat hanh\n484\nkhu vuc phia nam\n324\nkhu vuc phia bac\n160\nso giay huy\n2\ntim theo so hop ong\ntim theo so ho'
INFO:portal_qr_worker:[_detect_page_state] body_text_sample='tra cuu thong tin\nhuong dan su dung\nang xuat\ntra cuu thong tin\nhello, dao pham anh tuan\nso giay phat hanh\n484\nkhu vuc phia nam\n324\nkhu vuc phia bac\n160\nso giay huy\n2\ntim theo so hop ong\ntim theo so ho'
INFO:portal_qr_worker:[_detect_page_state] body_text_sample='tra cuu thong tin\nhuong dan su dung\nang xuat\ntra cuu thong tin\nhello, dao pham anh tuan\nso giay phat hanh\n484\nkhu vuc phia nam\n324\nkhu vuc phia bac\n160\nso giay huy\n2\ntim theo so hop ong\ntim theo so ho'
INFO:portal_qr_worker:[_detect_page_state] body_text_sample='tra cuu thong tin\nhuong dan su dung\nang xuat\ntra cuu thong tin\nhello, dao pham anh tuan\nso giay phat hanh\n484\nkhu vuc phia nam\n324\nkhu vuc phia bac\n160\nso giay huy\n2\ntim theo so hop ong\ntim theo so ho'
INFO:portal_qr_worker:[_detect_page_state] body_text_sample='tra cuu thong tin\nhuong dan su dung\nang xuat\ntra cuu thong tin\nhello, dao pham anh tuan\nso giay phat hanh\n484\nkhu vuc phia nam\n324\nkhu vuc phia bac\n160\nso giay huy\n2\ntim theo so hop ong\ntim theo so ho'
INFO:portal_qr_worker:[_detect_page_state] body_text_sample='tra cuu thong tin\nhuong dan su dung\nang xuat\ntra cuu thong tin\nhello, dao pham anh tuan\nso giay phat hanh\n484\nkhu vuc phia nam\n324\nkhu vuc phia bac\n160\nso giay huy\n2\ntim theo so hop ong\ntim theo so ho'
INFO:portal_qr_worker:[_detect_page_state] body_text_sample='tra cuu thong tin\nhuong dan su dung\nang xuat\ntra cuu thong tin\nhello, dao pham anh tuan\nso giay phat hanh\n484\nkhu vuc phia nam\n324\nkhu vuc phia bac\n160\nso giay huy\n2\ntim theo so hop ong\ntim theo so ho'
INFO:portal_qr_worker:[_detect_page_state] body_text_sample='tra cuu thong tin\nhuong dan su dung\nang xuat\ntra cuu thong tin\nhello, dao pham anh tuan\nso giay phat hanh\n484\nkhu vuc phia nam\n324\nkhu vuc phia bac\n160\nso giay huy\n2\ntim theo so hop ong\ntim theo so ho'
INFO:portal_qr_worker:[_detect_page_state] body_text_sample='tra cuu thong tin\nhuong dan su dung\nang xuat\ntra cuu thong tin\nhello, dao pham anh tuan\nso giay phat hanh\n484\nkhu vuc phia nam\n324\nkhu vuc phia bac\n160\nso giay huy\n2\ntim theo so hop ong\ntim theo so ho'
INFO:portal_qr_worker:[_detect_page_state] body_text_sample='tra cuu thong tin\nhuong dan su dung\nang xuat\ntra cuu thong tin\nhello, dao pham anh tuan\nso giay phat hanh\n484\nkhu vuc phia nam\n324\nkhu vuc phia bac\n160\nso giay huy\n2\ntim theo so hop ong\ntim theo so ho'
INFO:portal_qr_worker:[_detect_page_state] body_text_sample='tra cuu thong tin\nhuong dan su dung\nang xuat\ntra cuu thong tin\nhello, dao pham anh tuan\nso giay phat hanh\n484\nkhu vuc phia nam\n324\nkhu vuc phia bac\n160\nso giay huy\n2\ntim theo so hop ong\ntim theo so ho'
INFO:portal_qr_worker:[_detect_page_state] body_text_sample='tra cuu thong tin\nhuong dan su dung\nang xuat\ntra cuu thong tin\nhello, dao pham anh tuan\nso giay phat hanh\n484\nkhu vuc phia nam\n324\nkhu vuc phia bac\n160\nso giay huy\n2\ntim theo so hop ong\ntim theo so ho'
INFO:portal_qr_worker:[_detect_page_state] body_text_sample='tra cuu thong tin\nhuong dan su dung\nang xuat\ntra cuu thong tin\nhello, dao pham anh tuan\nso giay phat hanh\n484\nkhu vuc phia nam\n324\nkhu vuc phia bac\n160\nso giay huy\n2\ntim theo so hop ong\ntim theo so ho'
INFO:portal_qr_worker:[_detect_page_state] body_text_sample='tra cuu thong tin\nhuong dan su dung\nang xuat\ntra cuu thong tin\nhello, dao pham anh tuan\nso giay phat hanh\n484\nkhu vuc phia nam\n324\nkhu vuc phia bac\n160\nso giay huy\n2\ntim theo so hop ong\ntim theo so ho'
INFO:portal_qr_worker:[_detect_page_state] body_text_sample='tra cuu thong tin\nhuong dan su dung\nang xuat\ntra cuu thong tin\nhello, dao pham anh tuan\nso giay phat hanh\n484\nkhu vuc phia nam\n324\nkhu vuc phia bac\n160\nso giay huy\n2\ntim theo so hop ong\ntim theo so ho'
INFO:portal_qr_worker:[_detect_page_state] body_text_sample='tra cuu thong tin\nhuong dan su dung\nang xuat\ntra cuu thong tin\nhello, dao pham anh tuan\nso giay phat hanh\n484\nkhu vuc phia nam\n324\nkhu vuc phia bac\n160\nso giay huy\n2\ntim theo so hop ong\ntim theo so ho'
INFO:portal_qr_worker:[_detect_page_state] body_text_sample='tra cuu thong tin\nhuong dan su dung\nang xuat\ntra cuu thong tin\nhello, dao pham anh tuan\nso giay phat hanh\n484\nkhu vuc phia nam\n324\nkhu vuc phia bac\n160\nso giay huy\n2\ntim theo so hop ong\ntim theo so ho'
INFO:portal_qr_worker:[_detect_page_state] body_text_sample='tra cuu thong tin\nhuong dan su dung\nang xuat\ntra cuu thong tin\nhello, dao pham anh tuan\nso giay phat hanh\n484\nkhu vuc phia nam\n324\nkhu vuc phia bac\n160\nso giay huy\n2\ntim theo so hop ong\ntim theo so ho'
INFO:portal_qr_worker:[_detect_page_state] body_text_sample='tra cuu thong tin\nhuong dan su dung\nang xuat\ntra cuu thong tin\nhello, dao pham anh tuan\nso giay phat hanh\n484\nkhu vuc phia nam\n324\nkhu vuc phia bac\n160\nso giay huy\n2\ntim theo so hop ong\ntim theo so ho'
INFO:portal_qr_worker:[_detect_page_state] body_text_sample='tra cuu thong tin\nhuong dan su dung\nang xuat\ntra cuu thong tin\nhello, dao pham anh tuan\nso giay phat hanh\n484\nkhu vuc phia nam\n324\nkhu vuc phia bac\n160\nso giay huy\n2\ntim theo so hop ong\ntim theo so ho'
INFO:portal_qr_worker:[_detect_page_state] body_text_sample='tra cuu thong tin\nhuong dan su dung\nang xuat\ntra cuu thong tin\nhello, dao pham anh tuan\nso giay phat hanh\n484\nkhu vuc phia nam\n324\nkhu vuc phia bac\n160\nso giay huy\n2\ntim theo so hop ong\ntim theo so ho'
INFO:portal_qr_worker:[_detect_page_state] body_text_sample='tra cuu thong tin\nhuong dan su dung\nang xuat\ntra cuu thong tin\nhello, dao pham anh tuan\nso giay phat hanh\n484\nkhu vuc phia nam\n324\nkhu vuc phia bac\n160\nso giay huy\n2\ntim theo so hop ong\ntim theo so ho'
INFO:portal_qr_worker:[_detect_page_state] body_text_sample='tra cuu thong tin\nhuong dan su dung\nang xuat\ntra cuu thong tin\nhello, dao pham anh tuan\nso giay phat hanh\n484\nkhu vuc phia nam\n324\nkhu vuc phia bac\n160\nso giay huy\n2\ntim theo so hop ong\ntim theo so ho'
INFO:portal_qr_worker:[_detect_page_state] body_text_sample='tra cuu thong tin\nhuong dan su dung\nang xuat\ntra cuu thong tin\nhello, dao pham anh tuan\nso giay phat hanh\n484\nkhu vuc phia nam\n324\nkhu vuc phia bac\n160\nso giay huy\n2\ntim theo so hop ong\ntim theo so ho'
INFO:portal_qr_worker:[_detect_page_state] body_text_sample='tra cuu thong tin\nhuong dan su dung\nang xuat\ntra cuu thong tin\nhello, dao pham anh tuan\nso giay phat hanh\n484\nkhu vuc phia nam\n324\nkhu vuc phia bac\n160\nso giay huy\n2\ntim theo so hop ong\ntim theo so ho'
INFO:portal_qr_worker:[_ensure_browser] Reusing existing browser, WS URL: ws://127.0.0.1:9222/devtools/browser/306a79bb-ac10-46d7-9c44-3de50cbae848
INFO:portal_qr_worker:[_detect_page_state] body_text_sample='tra cuu thong tin\nhuong dan su dung\nang xuat\ntra cuu thong tin\nhello, dao pham anh tuan\nso giay phat hanh\n484\nkhu vuc phia nam\n324\nkhu vuc phia bac\n160\nso giay huy\n2\ntim theo so hop ong\ntim theo so ho'
INFO:portal_qr_worker:[_ensure_browser] Reusing existing browser, WS URL: ws://127.0.0.1:9222/devtools/browser/306a79bb-ac10-46d7-9c44-3de50cbae848
INFO:portal_qr_worker:[_detect_page_state] body_text_sample='tra cuu thong tin\nhuong dan su dung\nang xuat\ntra cuu thong tin\nhello, dao pham anh tuan\nso giay phat hanh\n484\nkhu vuc phia nam\n324\nkhu vuc phia bac\n160\nso giay huy\n2\ntim theo so hop ong\ntim theo so ho'
INFO:portal_qr_worker:[_detect_page_state] body_text_sample='tra cuu thong tin\nhuong dan su dung\nang xuat\ntra cuu thong tin\nhello, dao pham anh tuan\nso giay phat hanh\n484\nkhu vuc phia nam\n324\nkhu vuc phia bac\n160\nso giay huy\n2\ntim theo so hop ong\ntim theo so ho'
INFO:portal_qr_worker:[_run_fill_loop_with_timeout] Activating manual input mode...
INFO:portal_qr_worker:[_ensure_manual_input_mode] Already in manual mode
INFO:portal_qr_worker:[QR_FILL] START field=tình trạng value='Phát hành'
INFO:portal_qr_worker:[_fill_by_label] START label=tình trạng value=Phát hành field_name=tinh_trang
INFO:portal_qr_worker:[_fill_by_label] OK (name): name=tinh_trang -> 'Phát hành'
INFO:portal_qr_worker:[QR_FILL] OK field=tình trạng label='tình trạng'
INFO:portal_qr_worker:[QR_FILL] START field=lĩnh vực value='Karaoke'
INFO:portal_qr_worker:[_fill_by_label] START label=lĩnh vực value=Karaoke field_name=linh_vuc
INFO:portal_qr_worker:[_fill_by_label] Strategy B: checking MUI Select for linh_vuc
INFO:portal_qr_worker:[_fill_by_label] OK (MUI Select): name=linh_vuc -> 'ka'
INFO:portal_qr_worker:[QR_FILL] OK field=lĩnh vực label='lĩnh vực'
INFO:portal_qr_worker:[QR_FILL] START field=số hợp đồng value='0704/2026/HĐQTGAN-PN/PR'
INFO:portal_qr_worker:[_fill_by_label] START label=số hợp đồng value=0704/2026/HĐQTGAN-PN/PR field_name=so_hop_dong
INFO:portal_qr_worker:[_fill_by_label] OK (name): name=so_hop_dong -> '0704/2026/HĐQTGAN-PN/PR'
INFO:portal_qr_worker:[QR_FILL] OK field=số hợp đồng label='số hợp đồng'
INFO:portal_qr_worker:[QR_FILL] START field=số giấy chứng nhận value='0284/2026.GCN_KA'
INFO:portal_qr_worker:[_fill_by_label] START label=số giấy chứng nhận value=0284/2026.GCN_KA field_name=so_giay_chung_nhan
INFO:portal_qr_worker:[_fill_by_label] OK (name): name=so_giay_chung_nhan -> '0284/2026.GCN_KA'
INFO:portal_qr_worker:[QR_FILL] OK field=số giấy chứng nhận label='số giấy chứng nhận'
INFO:portal_qr_worker:[QR_FILL] START field=ngày in GCN value='2026-05-10'
INFO:portal_qr_worker:[_fill_by_label] START label=ngày in giấy chứng nhận value=2026-05-10 field_name=ngay_in_giay_chung_nhan
INFO:portal_qr_worker:[_fill_by_label] OK (name): name=ngay_in_giay_chung_nhan -> '2026-05-10'
INFO:portal_qr_worker:[QR_FILL] OK field=ngày in GCN label='ngày in giấy chứng nhận'
INFO:portal_qr_worker:[QR_FILL] START field=ngày bắt đầu value='2026-01-01'
INFO:portal_qr_worker:[_fill_by_label] START label=ngày bắt đầu value=2026-01-01 field_name=ngay_bat_dau
INFO:portal_qr_worker:[_fill_by_label] OK (name): name=ngay_bat_dau -> '2026-01-01'
INFO:portal_qr_worker:[QR_FILL] OK field=ngày bắt đầu label='ngày bắt đầu'
INFO:portal_qr_worker:[QR_FILL] START field=ngày kết thúc value='2026-12-31'
INFO:portal_qr_worker:[_fill_by_label] START label=ngày kết thúc value=2026-12-31 field_name=ngay_ket_thuc
INFO:portal_qr_worker:[_fill_by_label] OK (name): name=ngay_ket_thuc -> '2026-12-31'
INFO:portal_qr_worker:[QR_FILL] OK field=ngày kết thúc label='ngày kết thúc'
INFO:portal_qr_worker:[QR_FILL] START field=tên đơn vị value='Công ty TNHH MTV Karaoke Test'
INFO:portal_qr_worker:[_fill_by_label] START label=tên đơn vị value=Công ty TNHH MTV Karaoke Test field_name=ten_don_vi
INFO:portal_qr_worker:[_fill_by_label] OK (name): name=ten_don_vi -> 'Công ty TNHH MTV Karaoke Test'
INFO:portal_qr_worker:[QR_FILL] OK field=tên đơn vị label='tên đơn vị'
INFO:portal_qr_worker:[QR_FILL] START field=địa chỉ value='123 Duong ABC, Quan 1, TP.HCM'
INFO:portal_qr_worker:[_fill_by_label] START label=địa chỉ value=123 Duong ABC, Quan 1, TP.HCM field_name=dia_chi
INFO:portal_qr_worker:[_fill_by_label] OK (name): name=dia_chi -> '123 Duong ABC, Quan 1, TP.HCM'
INFO:portal_qr_worker:[QR_FILL] OK field=địa chỉ label='địa chỉ'
INFO:portal_qr_worker:[QR_FILL] START field=mã số thuế value='0123456789'
INFO:portal_qr_worker:[_fill_by_label] START label=mã số thuế value=0123456789 field_name=ma_so_thue
INFO:portal_qr_worker:[_fill_by_label] OK (name): name=ma_so_thue -> '0123456789'
INFO:portal_qr_worker:[QR_FILL] OK field=mã số thuế label='mã số thuế'
INFO:portal_qr_worker:[QR_FILL] START field=tên bảng hiệu value='Karaoke Test'
INFO:portal_qr_worker:[_fill_by_label] START label=tên bảng hiệu value=Karaoke Test field_name=ten_bang_hieu
INFO:portal_qr_worker:[_fill_by_label] OK (name): name=ten_bang_hieu -> 'Karaoke Test'
INFO:portal_qr_worker:[QR_FILL] OK field=tên bảng hiệu label='tên bảng hiệu'
INFO:portal_qr_worker:[QR_FILL] START field=địa chỉ kinh doanh value='123 Duong ABC, Quan 1, TP.HCM'
INFO:portal_qr_worker:[_fill_by_label] START label=địa chỉ kinh doanh value=123 Duong ABC, Quan 1, TP.HCM field_name=dia_chi_kinh_doanh
INFO:portal_qr_worker:[_fill_by_label] OK (name): name=dia_chi_kinh_doanh -> '123 Duong ABC, Quan 1, TP.HCM'
INFO:portal_qr_worker:[QR_FILL] OK field=địa chỉ kinh doanh label='địa chỉ kinh doanh'
INFO:portal_qr_worker:[worker] Dispatching action='open_portal'
INFO:portal_qr_worker:[open_portal] Starting
INFO:portal_qr_worker:[_ensure_browser] Starting Chrome: C:\Program Files\Google\Chrome\Application\chrome.exe
INFO:portal_qr_worker:[_ensure_browser] Chrome started, WS URL: ws://127.0.0.1:9222/devtools/browser/867f7287-2f0f-43a2-b5b5-ad2889507629
INFO:portal_qr_worker:[QR_PAGES] idx=0 type=about:blank url=about:blank title=
INFO:portal_qr_worker:[QR_SELECTED_PAGE] idx=0 url=about:blank reason=only_blank_available_will_navigate
INFO:portal_qr_worker:[open_portal] Selected page URL: about:blank
INFO:portal_qr_worker:[open_portal] Navigating to http://14.241.251.220:7879
INFO:portal_qr_worker:[_detect_page_state] body_text_sample='ang nhap\ntai khoan\ntai khoan\nmat khau\nmat khau\nhien thi mat khau\nang nhap'
INFO:portal_qr_worker:[open_portal] page_state=login, URL=http://14.241.251.220:7879/
INFO:portal_qr_worker:[open_portal] On login page — auto-login
INFO:portal_qr_worker:[_do_login] username filled with selector: input[type="text"]
INFO:portal_qr_worker:[_do_login] password filled with selector: input[type="password"]
INFO:portal_qr_worker:[_do_login] clicked login button: button:has-text("đăng nhập")
INFO:portal_qr_worker:[_detect_page_state] body_text_sample='tra cuu thong tin\nhuong dan su dung\nang xuat\ntra cuu thong tin\nhello, dao pham anh tuan\nso giay phat hanh\n484\nkhu vuc phia nam\n324\nkhu vuc phia bac\n160\nso giay huy\n2\ntim theo so hop ong\ntim theo so ho'
INFO:portal_qr_worker:[_do_login] Dashboard appeared after login
INFO:portal_qr_worker:[open_portal] Login successful
INFO:portal_qr_worker:[_detect_page_state] body_text_sample='tra cuu thong tin\nhuong dan su dung\nang xuat\ntra cuu thong tin\nhello, dao pham anh tuan\nso giay phat hanh\n484\nkhu vuc phia nam\n324\nkhu vuc phia bac\n160\nso giay huy\n2\ntim theo so hop ong\ntim theo so ho'
INFO:portal_qr_worker:[open_portal] Worker done — Chrome still running
INFO:portal_qr_worker:[worker] Action 'open_portal' result: ok=True, status=PORTAL_LOGIN_SUCCESS
INFO:portal_qr_worker:[worker] Dispatching action='fill_form'
INFO:portal_qr_worker:[fill_form] Starting
INFO:portal_qr_worker:[_ensure_browser] Reusing existing browser, WS URL: ws://127.0.0.1:9222/devtools/browser/867f7287-2f0f-43a2-b5b5-ad2889507629
INFO:portal_qr_worker:[fill_form] Connected via CDP
INFO:portal_qr_worker:[QR_PAGES] idx=0 type=portal url=http://14.241.251.220:7879/dashboard/content title=Background App
INFO:portal_qr_worker:[QR_SELECTED_PAGE] idx=0 url=http://14.241.251.220:7879/dashboard/content reason=portal_url_found
INFO:portal_qr_worker:[fill_form] Selected page URL: http://14.241.251.220:7879/dashboard/content
INFO:portal_qr_worker:[_detect_page_state] body_text_sample='tra cuu thong tin\nhuong dan su dung\nang xuat\ntra cuu thong tin\nhello, dao pham anh tuan\nso giay phat hanh\n484\nkhu vuc phia nam\n324\nkhu vuc phia bac\n160\nso giay huy\n2\ntim theo so hop ong\ntim theo so ho'
INFO:portal_qr_worker:[fill_form] page_state=create_form, URL=http://14.241.251.220:7879/dashboard/content
INFO:portal_qr_worker:[fill_form] Proceeding to fill fields (skipped DETECT_CREATE_FORM)
INFO:portal_qr_worker:[_run_fill_loop_with_timeout] Activating manual input mode...
INFO:portal_qr_worker:[_ensure_manual_input_mode] Already in manual mode
INFO:portal_qr_worker:[QR_FILL] START field=tình trạng value='Phát hành'
INFO:portal_qr_worker:[_fill_by_label] START label=tình trạng value=Phát hành field_name=tinh_trang
INFO:portal_qr_worker:[_fill_by_label] OK (name): name=tinh_trang -> 'Phát hành'
INFO:portal_qr_worker:[QR_FILL] OK field=tình trạng label='tình trạng'
INFO:portal_qr_worker:[QR_FILL] START field=lĩnh vực value='background'
INFO:portal_qr_worker:[_fill_by_label] START label=lĩnh vực value=background field_name=linh_vuc
INFO:portal_qr_worker:[_fill_by_label] Strategy B: checking MUI Select for linh_vuc
WARNING:portal_qr_worker:[_fill_by_label] FAILED: label='lĩnh vực', value='background'
INFO:portal_qr_worker:[_fill_by_label] START label=linh vuc value=background field_name=linh_vuc
WARNING:portal_qr_worker:[_fill_by_label] Strategy A input[name="linh_vuc"][type="date"] failed: Locator.count: Target page, context or browser has been closed
WARNING:portal_qr_worker:[_fill_by_label] Strategy A input[name="linh_vuc"][type="text"] failed: Locator.count: Target page, context or browser has been closed
WARNING:portal_qr_worker:[_fill_by_label] Strategy A input[name="linh_vuc"] failed: Locator.count: Target page, context or browser has been closed
WARNING:portal_qr_worker:[_fill_by_label] Strategy A textarea[name="linh_vuc"] failed: Locator.count: Target page, context or browser has been closed
INFO:portal_qr_worker:[_fill_by_label] Strategy B: checking MUI Select for linh_vuc
WARNING:portal_qr_worker:[_fill_by_label] FAILED: label='linh vuc', value='background'
WARNING:portal_qr_worker:[_fill_by_label] No name mapping for label='lĩnh vực hoạt động'
WARNING:portal_qr_worker:[QR_FILL] FAIL field=lĩnh vực reason=NOT_FOUND_ANY_LABEL
WARNING:portal_qr_worker:[_run_fill_loop_with_timeout] TIMEOUT after 60s current_field=lĩnh vực filled=['tình trạng']
INFO:portal_qr_worker:[fill_form] FILL_LOOP_COMPLETE filled=['tình trạng'] failed=['lĩnh vực']
INFO:portal_qr_worker:[fill_form] SUCCESS: filled=1 fields, failed=['lĩnh vực'], domain_failed=True
INFO:portal_qr_worker:[worker] Action 'fill_form' result: ok=True, status=FORM_FILLED_WAITING_USER_SAVE
INFO:portal_qr_worker:[worker] Dispatching action='open_portal'
INFO:portal_qr_worker:[open_portal] Starting
INFO:portal_qr_worker:[_ensure_browser] Starting Chrome: C:\Program Files\Google\Chrome\Application\chrome.exe
INFO:portal_qr_worker:[_ensure_browser] Chrome started, WS URL: ws://127.0.0.1:9222/devtools/browser/137dcf8e-39ff-49d3-93d2-3faee37cc5ed
INFO:portal_qr_worker:[QR_PAGES] idx=0 type=about:blank url=about:blank title=
INFO:portal_qr_worker:[QR_SELECTED_PAGE] idx=0 url=about:blank reason=only_blank_available_will_navigate
INFO:portal_qr_worker:[open_portal] Selected page URL: about:blank
INFO:portal_qr_worker:[open_portal] Navigating to http://14.241.251.220:7879
INFO:portal_qr_worker:[_detect_page_state] body_text_sample='ang nhap\ntai khoan\ntai khoan\nmat khau\nmat khau\nhien thi mat khau\nang nhap'
INFO:portal_qr_worker:[open_portal] page_state=login, URL=http://14.241.251.220:7879/
INFO:portal_qr_worker:[open_portal] On login page — auto-login
INFO:portal_qr_worker:[_do_login] username filled with selector: input[type="text"]
INFO:portal_qr_worker:[_do_login] password filled with selector: input[type="password"]
INFO:portal_qr_worker:[_do_login] clicked login button: button:has-text("đăng nhập")
INFO:portal_qr_worker:[_detect_page_state] body_text_sample='tra cuu thong tin\nhuong dan su dung\nang xuat\ntra cuu thong tin\nhello, dao pham anh tuan\nso giay phat hanh\n484\nkhu vuc phia nam\n324\nkhu vuc phia bac\n160\nso giay huy\n2\ntim theo so hop ong\ntim theo so ho'
INFO:portal_qr_worker:[_do_login] Dashboard appeared after login
INFO:portal_qr_worker:[open_portal] Login successful
INFO:portal_qr_worker:[_detect_page_state] body_text_sample='tra cuu thong tin\nhuong dan su dung\nang xuat\ntra cuu thong tin\nhello, dao pham anh tuan\nso giay phat hanh\n484\nkhu vuc phia nam\n324\nkhu vuc phia bac\n160\nso giay huy\n2\ntim theo so hop ong\ntim theo so ho'
INFO:portal_qr_worker:[open_portal] Worker done — Chrome still running
INFO:portal_qr_worker:[worker] Action 'open_portal' result: ok=True, status=PORTAL_LOGIN_SUCCESS
INFO:portal_qr_worker:[worker] Dispatching action='fill_form'
INFO:portal_qr_worker:[fill_form] Starting
INFO:portal_qr_worker:[_ensure_browser] Reusing existing browser, WS URL: ws://127.0.0.1:9222/devtools/browser/137dcf8e-39ff-49d3-93d2-3faee37cc5ed
INFO:portal_qr_worker:[fill_form] Connected via CDP
INFO:portal_qr_worker:[QR_PAGES] idx=0 type=portal url=http://14.241.251.220:7879/dashboard/content title=Background App
INFO:portal_qr_worker:[QR_SELECTED_PAGE] idx=0 url=http://14.241.251.220:7879/dashboard/content reason=portal_url_found
INFO:portal_qr_worker:[fill_form] Selected page URL: http://14.241.251.220:7879/dashboard/content
INFO:portal_qr_worker:[_detect_page_state] body_text_sample='tra cuu thong tin\nhuong dan su dung\nang xuat\ntra cuu thong tin\nhello, dao pham anh tuan\nso giay phat hanh\n484\nkhu vuc phia nam\n324\nkhu vuc phia bac\n160\nso giay huy\n2\ntim theo so hop ong\ntim theo so ho'
INFO:portal_qr_worker:[fill_form] page_state=create_form, URL=http://14.241.251.220:7879/dashboard/content
INFO:portal_qr_worker:[fill_form] Proceeding to fill fields (skipped DETECT_CREATE_FORM)
INFO:portal_qr_worker:[_run_fill_loop_with_timeout] Activating manual input mode...
INFO:portal_qr_worker:[_ensure_manual_input_mode] Already in manual mode
INFO:portal_qr_worker:[QR_FILL] START field=tình trạng value='Phát hành'
INFO:portal_qr_worker:[_fill_by_label] START label=tình trạng value=Phát hành field_name=tinh_trang
INFO:portal_qr_worker:[_fill_by_label] OK (name): name=tinh_trang -> 'Phát hành'
INFO:portal_qr_worker:[QR_FILL] OK field=tình trạng label='tình trạng'
INFO:portal_qr_worker:[QR_FILL] START field=lĩnh vực value='background'
INFO:portal_qr_worker:[_fill_by_label] START label=lĩnh vực value=background field_name=linh_vuc
INFO:portal_qr_worker:[_fill_by_label] Strategy B: checking MUI Select for linh_vuc
WARNING:portal_qr_worker:[_fill_by_label] FAILED: label='lĩnh vực', value='background'
INFO:portal_qr_worker:[_fill_by_label] START label=linh vuc value=background field_name=linh_vuc
INFO:portal_qr_worker:[_fill_by_label] Strategy B: checking MUI Select for linh_vuc
WARNING:portal_qr_worker:[_fill_by_label] FAILED: label='linh vuc', value='background'
WARNING:portal_qr_worker:[_fill_by_label] No name mapping for label='lĩnh vực hoạt động'
WARNING:portal_qr_worker:[QR_FILL] FAIL field=lĩnh vực reason=NOT_FOUND_ANY_LABEL
INFO:portal_qr_worker:[QR_FILL] START field=số hợp đồng value='0715/2026/HDQTGAN-PN/PR'
INFO:portal_qr_worker:[_fill_by_label] START label=số hợp đồng value=0715/2026/HDQTGAN-PN/PR field_name=so_hop_dong
INFO:portal_qr_worker:[_fill_by_label] OK (name): name=so_hop_dong -> '0715/2026/HDQTGAN-PN/PR'
INFO:portal_qr_worker:[QR_FILL] OK field=số hợp đồng label='số hợp đồng'
INFO:portal_qr_worker:[QR_FILL] START field=số giấy chứng nhận value='9999'
INFO:portal_qr_worker:[_fill_by_label] START label=số giấy chứng nhận value=9999 field_name=so_giay_chung_nhan
INFO:portal_qr_worker:[_fill_by_label] OK (name): name=so_giay_chung_nhan -> '9999'
INFO:portal_qr_worker:[QR_FILL] OK field=số giấy chứng nhận label='số giấy chứng nhận'
INFO:portal_qr_worker:[QR_FILL] START field=ngày in GCN value='22/05/2026'
INFO:portal_qr_worker:[_fill_by_label] START label=ngày in giấy chứng nhận value=22/05/2026 field_name=ngay_in_giay_chung_nhan
INFO:portal_qr_worker:[_fill_by_label] Date format converted: 22/05/2026 -> 2026-05-22
INFO:portal_qr_worker:[_fill_by_label] OK (name): name=ngay_in_giay_chung_nhan -> '2026-05-22'
INFO:portal_qr_worker:[QR_FILL] OK field=ngày in GCN label='ngày in giấy chứng nhận'
INFO:portal_qr_worker:[QR_FILL] START field=ngày bắt đầu value='21/05/2026'
INFO:portal_qr_worker:[_fill_by_label] START label=ngày bắt đầu value=21/05/2026 field_name=ngay_bat_dau
INFO:portal_qr_worker:[_fill_by_label] Date format converted: 21/05/2026 -> 2026-05-21
INFO:portal_qr_worker:[_fill_by_label] OK (name): name=ngay_bat_dau -> '2026-05-21'
INFO:portal_qr_worker:[QR_FILL] OK field=ngày bắt đầu label='ngày bắt đầu'
INFO:portal_qr_worker:[QR_FILL] START field=ngày kết thúc value='20/05/2027'
INFO:portal_qr_worker:[_fill_by_label] START label=ngày kết thúc value=20/05/2027 field_name=ngay_ket_thuc
INFO:portal_qr_worker:[_fill_by_label] Date format converted: 20/05/2027 -> 2027-05-20
INFO:portal_qr_worker:[_fill_by_label] OK (name): name=ngay_ket_thuc -> '2027-05-20'
INFO:portal_qr_worker:[QR_FILL] OK field=ngày kết thúc label='ngày kết thúc'
INFO:portal_qr_worker:[QR_FILL] START field=tên đơn vị value='DOANH NGHIỆP TƯ NHÂN DỊCH VỤ L'
INFO:portal_qr_worker:[_fill_by_label] START label=tên đơn vị value=DOANH NGHIỆP TƯ NHÂN DỊCH VỤ LÂM PHÁT field_name=ten_don_vi
INFO:portal_qr_worker:[_fill_by_label] OK (name): name=ten_don_vi -> 'DOANH NGHIỆP TƯ NHÂN DỊCH VỤ LÂM PHÁT'
INFO:portal_qr_worker:[QR_FILL] OK field=tên đơn vị label='tên đơn vị'
INFO:portal_qr_worker:[QR_FILL] START field=địa chỉ value='Quốc lộ 55, ấp An Phước, xã Lo'
INFO:portal_qr_worker:[_fill_by_label] START label=địa chỉ value=Quốc lộ 55, ấp An Phước, xã Long Điền, Thành phố Hồ Chí Minh field_name=dia_chi
INFO:portal_qr_worker:[_fill_by_label] OK (name): name=dia_chi -> 'Quốc lộ 55, ấp An Phước, xã Long Điền, Thành phố Hồ Chí Minh'
INFO:portal_qr_worker:[QR_FILL] OK field=địa chỉ label='địa chỉ'
INFO:portal_qr_worker:[QR_FILL] START field=tên bảng hiệu value='KARAOKE FAMILY'
INFO:portal_qr_worker:[_fill_by_label] START label=tên bảng hiệu value=KARAOKE FAMILY field_name=ten_bang_hieu
INFO:portal_qr_worker:[_fill_by_label] OK (name): name=ten_bang_hieu -> 'KARAOKE FAMILY'
INFO:portal_qr_worker:[QR_FILL] OK field=tên bảng hiệu label='tên bảng hiệu'
INFO:portal_qr_worker:[QR_FILL] START field=địa chỉ kinh doanh value='Quốc lộ 55, ấp An Phước, xã Lo'
INFO:portal_qr_worker:[_fill_by_label] START label=địa chỉ kinh doanh value=Quốc lộ 55, ấp An Phước, xã Long Điền, Thành phố Hồ Chí Minh field_name=dia_chi_kinh_doanh
INFO:portal_qr_worker:[_fill_by_label] OK (name): name=dia_chi_kinh_doanh -> 'Quốc lộ 55, ấp An Phước, xã Long Điền, Thành phố Hồ Chí Minh'
INFO:portal_qr_worker:[QR_FILL] OK field=địa chỉ kinh doanh label='địa chỉ kinh doanh'
INFO:portal_qr_worker:[fill_form] FILL_LOOP_COMPLETE filled=['tình trạng', 'số hợp đồng', 'số giấy chứng nhận', 'ngày in GCN', 'ngày bắt đầu', 'ngày kết thúc', 'tên đơn vị', 'địa chỉ', 'tên bảng hiệu', 'địa chỉ kinh doanh'] failed=['lĩnh vực']
INFO:portal_qr_worker:[fill_form] SUCCESS: filled=10 fields, failed=['lĩnh vực'], domain_failed=True
INFO:portal_qr_worker:[worker] Action 'fill_form' result: ok=True, status=FORM_FILLED_WAITING_USER_SAVE
INFO:portal_qr_worker:[worker] Dispatching action='open_portal'
INFO:portal_qr_worker:[open_portal] Starting
INFO:portal_qr_worker:[_ensure_browser] Starting Chrome: C:\Program Files\Google\Chrome\Application\chrome.exe
INFO:portal_qr_worker:[_ensure_browser] Chrome started, WS URL: ws://127.0.0.1:9222/devtools/browser/08e672ad-18ce-4725-ba28-69a488415d28
INFO:portal_qr_worker:[QR_PAGES] idx=0 type=about:blank url=about:blank title=
INFO:portal_qr_worker:[QR_SELECTED_PAGE] idx=0 url=about:blank reason=only_blank_available_will_navigate
INFO:portal_qr_worker:[open_portal] Selected page URL: about:blank
INFO:portal_qr_worker:[open_portal] Navigating to http://14.241.251.220:7879
INFO:portal_qr_worker:[_detect_page_state] body_text_sample='ang nhap\ntai khoan\ntai khoan\nmat khau\nmat khau\nhien thi mat khau\nang nhap'
INFO:portal_qr_worker:[open_portal] page_state=login, URL=http://14.241.251.220:7879/
INFO:portal_qr_worker:[open_portal] On login page — auto-login
INFO:portal_qr_worker:[_do_login] username filled with selector: input[type="text"]
INFO:portal_qr_worker:[_do_login] password filled with selector: input[type="password"]
INFO:portal_qr_worker:[_do_login] clicked login button: button:has-text("đăng nhập")
INFO:portal_qr_worker:[_detect_page_state] body_text_sample='tra cuu thong tin\nhuong dan su dung\nang xuat\ntra cuu thong tin\nhello, dao pham anh tuan\nso giay phat hanh\n488\nkhu vuc phia nam\n328\nkhu vuc phia bac\n160\nso giay huy\n2\ntim theo so hop ong\ntim theo so ho'
INFO:portal_qr_worker:[_do_login] Dashboard appeared after login
INFO:portal_qr_worker:[open_portal] Login successful
INFO:portal_qr_worker:[_detect_page_state] body_text_sample='tra cuu thong tin\nhuong dan su dung\nang xuat\ntra cuu thong tin\nhello, dao pham anh tuan\nso giay phat hanh\n488\nkhu vuc phia nam\n328\nkhu vuc phia bac\n160\nso giay huy\n2\ntim theo so hop ong\ntim theo so ho'
INFO:portal_qr_worker:[open_portal] Worker done — Chrome still running
INFO:portal_qr_worker:[worker] Action 'open_portal' result: ok=True, status=PORTAL_LOGIN_SUCCESS
INFO:portal_qr_worker:[worker] Dispatching action='fill_form'
INFO:portal_qr_worker:[fill_form] Starting
INFO:portal_qr_worker:[_ensure_browser] Reusing existing browser, WS URL: ws://127.0.0.1:9222/devtools/browser/08e672ad-18ce-4725-ba28-69a488415d28
INFO:portal_qr_worker:[fill_form] Connected via CDP
INFO:portal_qr_worker:[QR_PAGES] idx=0 type=portal url=http://14.241.251.220:7879/dashboard/content title=Background App
INFO:portal_qr_worker:[QR_SELECTED_PAGE] idx=0 url=http://14.241.251.220:7879/dashboard/content reason=portal_url_found
INFO:portal_qr_worker:[fill_form] Selected page URL: http://14.241.251.220:7879/dashboard/content
INFO:portal_qr_worker:[_detect_page_state] body_text_sample='tra cuu thong tin\nhuong dan su dung\nang xuat\ntra cuu thong tin\nhello, dao pham anh tuan\nso giay phat hanh\n488\nkhu vuc phia nam\n328\nkhu vuc phia bac\n160\nso giay huy\n2\ntim theo so hop ong\ntim theo so ho'
INFO:portal_qr_worker:[fill_form] page_state=create_form, URL=http://14.241.251.220:7879/dashboard/content
INFO:portal_qr_worker:[fill_form] Proceeding to fill fields (skipped DETECT_CREATE_FORM)
INFO:portal_qr_worker:[_run_fill_loop_with_timeout] Activating manual input mode...
INFO:portal_qr_worker:[_ensure_manual_input_mode] Already in manual mode
INFO:portal_qr_worker:[QR_FILL] START field=tình trạng value='Phát hành'
INFO:portal_qr_worker:[_fill_by_label] START label=tình trạng value=Phát hành field_name=tinh_trang
INFO:portal_qr_worker:[_fill_by_label] OK (name): name=tinh_trang -> 'Phát hành'
INFO:portal_qr_worker:[QR_FILL] OK field=tình trạng label='tình trạng'
INFO:portal_qr_worker:[QR_FILL] START field=số hợp đồng value='0674/2026/HĐQTGAN-PN/PR'
INFO:portal_qr_worker:[_fill_by_label] START label=số hợp đồng value=0674/2026/HĐQTGAN-PN/PR field_name=so_hop_dong
INFO:portal_qr_worker:[_fill_by_label] OK (name): name=so_hop_dong -> '0674/2026/HĐQTGAN-PN/PR'
INFO:portal_qr_worker:[QR_FILL] OK field=số hợp đồng label='số hợp đồng'
INFO:portal_qr_worker:[QR_FILL] START field=số giấy chứng nhận value='0331/2026.GCN_KVC'
INFO:portal_qr_worker:[_fill_by_label] START label=số giấy chứng nhận value=0331/2026.GCN_KVC field_name=so_giay_chung_nhan
INFO:portal_qr_worker:[_fill_by_label] OK (name): name=so_giay_chung_nhan -> '0331/2026.GCN_KVC'
INFO:portal_qr_worker:[QR_FILL] OK field=số giấy chứng nhận label='số giấy chứng nhận'
INFO:portal_qr_worker:[QR_FILL] START field=ngày in GCN value='15/05/2026'
INFO:portal_qr_worker:[_fill_by_label] START label=ngày in giấy chứng nhận value=15/05/2026 field_name=ngay_in_giay_chung_nhan
INFO:portal_qr_worker:[_fill_by_label] Date format converted: 15/05/2026 -> 2026-05-15
INFO:portal_qr_worker:[_fill_by_label] OK (name): name=ngay_in_giay_chung_nhan -> '2026-05-15'
INFO:portal_qr_worker:[QR_FILL] OK field=ngày in GCN label='ngày in giấy chứng nhận'
INFO:portal_qr_worker:[QR_FILL] START field=ngày bắt đầu value='07/05/2026'
INFO:portal_qr_worker:[_fill_by_label] START label=ngày bắt đầu value=07/05/2026 field_name=ngay_bat_dau
INFO:portal_qr_worker:[_fill_by_label] Date format converted: 07/05/2026 -> 2026-05-07
INFO:portal_qr_worker:[_fill_by_label] OK (name): name=ngay_bat_dau -> '2026-05-07'
INFO:portal_qr_worker:[QR_FILL] OK field=ngày bắt đầu label='ngày bắt đầu'
INFO:portal_qr_worker:[QR_FILL] START field=ngày kết thúc value='06/05/2027'
INFO:portal_qr_worker:[_fill_by_label] START label=ngày kết thúc value=06/05/2027 field_name=ngay_ket_thuc
INFO:portal_qr_worker:[_fill_by_label] Date format converted: 06/05/2027 -> 2027-05-06
INFO:portal_qr_worker:[_fill_by_label] OK (name): name=ngay_ket_thuc -> '2027-05-06'
INFO:portal_qr_worker:[QR_FILL] OK field=ngày kết thúc label='ngày kết thúc'
INFO:portal_qr_worker:[QR_FILL] START field=tên đơn vị value='CN CÔNG TY TNHH DREAM GAMES VI'
INFO:portal_qr_worker:[_fill_by_label] START label=tên đơn vị value=CN CÔNG TY TNHH DREAM GAMES VIỆT NAM TẠI HUẾ field_name=ten_don_vi
INFO:portal_qr_worker:[_fill_by_label] OK (name): name=ten_don_vi -> 'CN CÔNG TY TNHH DREAM GAMES VIỆT NAM TẠI HUẾ'
INFO:portal_qr_worker:[QR_FILL] OK field=tên đơn vị label='tên đơn vị'
INFO:portal_qr_worker:[QR_FILL] START field=địa chỉ value='Lô số T301, Tầng 3, TTTM Aeon '
INFO:portal_qr_worker:[_fill_by_label] START label=địa chỉ value=Lô số T301, Tầng 3, TTTM Aeon Mall Huế, 8 Võ Nguyên Giáp, P. An Cựu, Tp. Huế field_name=dia_chi
INFO:portal_qr_worker:[_fill_by_label] OK (name): name=dia_chi -> 'Lô số T301, Tầng 3, TTTM Aeon Mall Huế, 8 Võ Nguyên Giáp, P. An Cựu, Tp. Huế'
INFO:portal_qr_worker:[QR_FILL] OK field=địa chỉ label='địa chỉ'
INFO:portal_qr_worker:[QR_FILL] START field=mã số thuế value='0312238456-007'
INFO:portal_qr_worker:[_fill_by_label] START label=mã số thuế value=0312238456-007 field_name=ma_so_thue
INFO:portal_qr_worker:[_fill_by_label] OK (name): name=ma_so_thue -> '0312238456-007'
INFO:portal_qr_worker:[QR_FILL] OK field=mã số thuế label='mã số thuế'
INFO:portal_qr_worker:[QR_FILL] START field=tên bảng hiệu value='KHU DREAM KIDS - TTTM AEON HUẾ'
INFO:portal_qr_worker:[_fill_by_label] START label=tên bảng hiệu value=KHU DREAM KIDS - TTTM AEON HUẾ field_name=ten_bang_hieu
INFO:portal_qr_worker:[_fill_by_label] OK (name): name=ten_bang_hieu -> 'KHU DREAM KIDS - TTTM AEON HUẾ'
INFO:portal_qr_worker:[QR_FILL] OK field=tên bảng hiệu label='tên bảng hiệu'
INFO:portal_qr_worker:[QR_FILL] START field=địa chỉ kinh doanh value='Lô số T301, Tầng 3, TTTM Aeon '
INFO:portal_qr_worker:[_fill_by_label] START label=địa chỉ kinh doanh value=Lô số T301, Tầng 3, TTTM Aeon Mall Huế, Số 8 Võ Nguyên Giáp, P. An Cựu, Thành phố Huế. field_name=dia_chi_kinh_doanh
INFO:portal_qr_worker:[_fill_by_label] OK (name): name=dia_chi_kinh_doanh -> 'Lô số T301, Tầng 3, TTTM Aeon Mall Huế, Số 8 Võ Nguyên Giáp, P. An Cựu, Thành phố Huế.'
INFO:portal_qr_worker:[QR_FILL] OK field=địa chỉ kinh doanh label='địa chỉ kinh doanh'
INFO:portal_qr_worker:[QR_FILL] START field=khu vực value='Nam'
INFO:portal_qr_worker:[_fill_by_label] START label=khu vực value=Nam field_name=khu_vuc
INFO:portal_qr_worker:[_fill_by_label] OK (name): name=khu_vuc -> 'Nam'
INFO:portal_qr_worker:[QR_FILL] OK field=khu vực label='khu vực'
INFO:portal_qr_worker:[fill_form] FILL_LOOP_COMPLETE filled=['tình trạng', 'số hợp đồng', 'số giấy chứng nhận', 'ngày in GCN', 'ngày bắt đầu', 'ngày kết thúc', 'tên đơn vị', 'địa chỉ', 'mã số thuế', 'tên bảng hiệu', 'địa chỉ kinh doanh', 'khu vực'] failed=[]
INFO:portal_qr_worker:[fill_form] SUCCESS: filled=12 fields, failed=[], domain_failed=False
INFO:portal_qr_worker:[worker] Action 'fill_form' result: ok=True, status=FORM_FILLED_WAITING_USER_SAVE
INFO:portal_qr_worker:[worker] Dispatching action='fill_form'
INFO:portal_qr_worker:[fill_form] Starting
INFO:portal_qr_worker:[_ensure_browser] Reusing existing browser, WS URL: ws://127.0.0.1:9222/devtools/browser/08e672ad-18ce-4725-ba28-69a488415d28
INFO:portal_qr_worker:[fill_form] Connected via CDP
INFO:portal_qr_worker:[QR_PAGES] idx=0 type=portal url=http://14.241.251.220:7879/dashboard/content title=Background App
INFO:portal_qr_worker:[QR_SELECTED_PAGE] idx=0 url=http://14.241.251.220:7879/dashboard/content reason=portal_url_found
INFO:portal_qr_worker:[fill_form] Selected page URL: http://14.241.251.220:7879/dashboard/content
INFO:portal_qr_worker:[_detect_page_state] body_text_sample='tra cuu thong tin\nhuong dan su dung\nang xuat\ntra cuu thong tin\nhello, dao pham anh tuan\nso giay phat hanh\n488\nkhu vuc phia nam\n328\nkhu vuc phia bac\n160\nso giay huy\n2\ntim theo so hop ong\ntim theo so ho'
INFO:portal_qr_worker:[fill_form] page_state=create_form, URL=http://14.241.251.220:7879/dashboard/content
INFO:portal_qr_worker:[fill_form] Proceeding to fill fields (skipped DETECT_CREATE_FORM)
INFO:portal_qr_worker:[_run_fill_loop_with_timeout] Activating manual input mode...
INFO:portal_qr_worker:[_ensure_manual_input_mode] Clicked manual input mode
INFO:portal_qr_worker:[QR_FILL] START field=tình trạng value='Phát hành'
INFO:portal_qr_worker:[_fill_by_label] START label=tình trạng value=Phát hành field_name=tinh_trang
INFO:portal_qr_worker:[_fill_by_label] OK (name): name=tinh_trang -> 'Phát hành'
INFO:portal_qr_worker:[QR_FILL] OK field=tình trạng label='tình trạng'
INFO:portal_qr_worker:[QR_FILL] START field=số hợp đồng value='0674/2026/HĐQTGAN-PN/PR'
INFO:portal_qr_worker:[_fill_by_label] START label=số hợp đồng value=0674/2026/HĐQTGAN-PN/PR field_name=so_hop_dong
INFO:portal_qr_worker:[_fill_by_label] OK (name): name=so_hop_dong -> '0674/2026/HĐQTGAN-PN/PR'
INFO:portal_qr_worker:[QR_FILL] OK field=số hợp đồng label='số hợp đồng'
INFO:portal_qr_worker:[QR_FILL] START field=số giấy chứng nhận value='0331/2026.GCN_KVC'
INFO:portal_qr_worker:[_fill_by_label] START label=số giấy chứng nhận value=0331/2026.GCN_KVC field_name=so_giay_chung_nhan
INFO:portal_qr_worker:[_fill_by_label] OK (name): name=so_giay_chung_nhan -> '0331/2026.GCN_KVC'
INFO:portal_qr_worker:[QR_FILL] OK field=số giấy chứng nhận label='số giấy chứng nhận'
INFO:portal_qr_worker:[QR_FILL] START field=ngày in GCN value='15/05/2026'
INFO:portal_qr_worker:[_fill_by_label] START label=ngày in giấy chứng nhận value=15/05/2026 field_name=ngay_in_giay_chung_nhan
INFO:portal_qr_worker:[_fill_by_label] Date format converted: 15/05/2026 -> 2026-05-15
INFO:portal_qr_worker:[_fill_by_label] OK (name): name=ngay_in_giay_chung_nhan -> '2026-05-15'
INFO:portal_qr_worker:[QR_FILL] OK field=ngày in GCN label='ngày in giấy chứng nhận'
INFO:portal_qr_worker:[QR_FILL] START field=ngày bắt đầu value='07/05/2026'
INFO:portal_qr_worker:[_fill_by_label] START label=ngày bắt đầu value=07/05/2026 field_name=ngay_bat_dau
INFO:portal_qr_worker:[_fill_by_label] Date format converted: 07/05/2026 -> 2026-05-07
INFO:portal_qr_worker:[_fill_by_label] OK (name): name=ngay_bat_dau -> '2026-05-07'
INFO:portal_qr_worker:[QR_FILL] OK field=ngày bắt đầu label='ngày bắt đầu'
INFO:portal_qr_worker:[QR_FILL] START field=ngày kết thúc value='06/05/2027'
INFO:portal_qr_worker:[_fill_by_label] START label=ngày kết thúc value=06/05/2027 field_name=ngay_ket_thuc
INFO:portal_qr_worker:[_fill_by_label] Date format converted: 06/05/2027 -> 2027-05-06
INFO:portal_qr_worker:[_fill_by_label] OK (name): name=ngay_ket_thuc -> '2027-05-06'
INFO:portal_qr_worker:[QR_FILL] OK field=ngày kết thúc label='ngày kết thúc'
INFO:portal_qr_worker:[QR_FILL] START field=tên đơn vị value='CN CÔNG TY TNHH DREAM GAMES VI'
INFO:portal_qr_worker:[_fill_by_label] START label=tên đơn vị value=CN CÔNG TY TNHH DREAM GAMES VIỆT NAM TẠI HUẾ field_name=ten_don_vi
INFO:portal_qr_worker:[_fill_by_label] OK (name): name=ten_don_vi -> 'CN CÔNG TY TNHH DREAM GAMES VIỆT NAM TẠI HUẾ'
INFO:portal_qr_worker:[QR_FILL] OK field=tên đơn vị label='tên đơn vị'
INFO:portal_qr_worker:[QR_FILL] START field=địa chỉ value='Lô số T301, Tầng 3, TTTM Aeon '
INFO:portal_qr_worker:[_fill_by_label] START label=địa chỉ value=Lô số T301, Tầng 3, TTTM Aeon Mall Huế, 8 Võ Nguyên Giáp, P. An Cựu, Tp. Huế field_name=dia_chi
INFO:portal_qr_worker:[_fill_by_label] OK (name): name=dia_chi -> 'Lô số T301, Tầng 3, TTTM Aeon Mall Huế, 8 Võ Nguyên Giáp, P. An Cựu, Tp. Huế'
INFO:portal_qr_worker:[QR_FILL] OK field=địa chỉ label='địa chỉ'
INFO:portal_qr_worker:[QR_FILL] START field=mã số thuế value='0312238456-007'
INFO:portal_qr_worker:[_fill_by_label] START label=mã số thuế value=0312238456-007 field_name=ma_so_thue
INFO:portal_qr_worker:[_fill_by_label] OK (name): name=ma_so_thue -> '0312238456-007'
INFO:portal_qr_worker:[QR_FILL] OK field=mã số thuế label='mã số thuế'
INFO:portal_qr_worker:[QR_FILL] START field=tên bảng hiệu value='KHU DREAM KIDS - TTTM AEON HUẾ'
INFO:portal_qr_worker:[_fill_by_label] START label=tên bảng hiệu value=KHU DREAM KIDS - TTTM AEON HUẾ field_name=ten_bang_hieu
INFO:portal_qr_worker:[_fill_by_label] OK (name): name=ten_bang_hieu -> 'KHU DREAM KIDS - TTTM AEON HUẾ'
INFO:portal_qr_worker:[QR_FILL] OK field=tên bảng hiệu label='tên bảng hiệu'
INFO:portal_qr_worker:[QR_FILL] START field=địa chỉ kinh doanh value='Lô số T301, Tầng 3, TTTM Aeon '
INFO:portal_qr_worker:[_fill_by_label] START label=địa chỉ kinh doanh value=Lô số T301, Tầng 3, TTTM Aeon Mall Huế, Số 8 Võ Nguyên Giáp, P. An Cựu, Thành phố Huế. field_name=dia_chi_kinh_doanh
INFO:portal_qr_worker:[_fill_by_label] OK (name): name=dia_chi_kinh_doanh -> 'Lô số T301, Tầng 3, TTTM Aeon Mall Huế, Số 8 Võ Nguyên Giáp, P. An Cựu, Thành phố Huế.'
INFO:portal_qr_worker:[QR_FILL] OK field=địa chỉ kinh doanh label='địa chỉ kinh doanh'
INFO:portal_qr_worker:[QR_FILL] START field=khu vực value='Nam'
INFO:portal_qr_worker:[_fill_by_label] START label=khu vực value=Nam field_name=khu_vuc
INFO:portal_qr_worker:[_fill_by_label] OK (name): name=khu_vuc -> 'Nam'
INFO:portal_qr_worker:[QR_FILL] OK field=khu vực label='khu vực'
INFO:portal_qr_worker:[fill_form] FILL_LOOP_COMPLETE filled=['tình trạng', 'số hợp đồng', 'số giấy chứng nhận', 'ngày in GCN', 'ngày bắt đầu', 'ngày kết thúc', 'tên đơn vị', 'địa chỉ', 'mã số thuế', 'tên bảng hiệu', 'địa chỉ kinh doanh', 'khu vực'] failed=[]
INFO:portal_qr_worker:[fill_form] SUCCESS: filled=12 fields, failed=[], domain_failed=False
INFO:portal_qr_worker:[worker] Action 'fill_form' result: ok=True, status=FORM_FILLED_WAITING_USER_SAVE
INFO:portal_qr_worker:[worker] Dispatching action='fill_form'
INFO:portal_qr_worker:[fill_form] Starting
INFO:portal_qr_worker:[_ensure_browser] Reusing existing browser, WS URL: ws://127.0.0.1:9222/devtools/browser/08e672ad-18ce-4725-ba28-69a488415d28
INFO:portal_qr_worker:[fill_form] Connected via CDP
INFO:portal_qr_worker:[QR_PAGES] idx=0 type=portal url=http://14.241.251.220:7879/dashboard/content title=Background App
INFO:portal_qr_worker:[QR_SELECTED_PAGE] idx=0 url=http://14.241.251.220:7879/dashboard/content reason=portal_url_found
INFO:portal_qr_worker:[fill_form] Selected page URL: http://14.241.251.220:7879/dashboard/content
INFO:portal_qr_worker:[_detect_page_state] body_text_sample='tra cuu thong tin\nhuong dan su dung\nang xuat\ntra cuu thong tin\nhello, dao pham anh tuan\nso giay phat hanh\n488\nkhu vuc phia nam\n328\nkhu vuc phia bac\n160\nso giay huy\n2\ntim theo so hop ong\ntim theo so ho'
INFO:portal_qr_worker:[fill_form] page_state=create_form, URL=http://14.241.251.220:7879/dashboard/content
INFO:portal_qr_worker:[fill_form] Proceeding to fill fields (skipped DETECT_CREATE_FORM)
INFO:portal_qr_worker:[_run_fill_loop_with_timeout] Activating manual input mode...
INFO:portal_qr_worker:[_ensure_manual_input_mode] Already in manual mode
INFO:portal_qr_worker:[QR_FILL] START field=tình trạng value='Phát hành'
INFO:portal_qr_worker:[_fill_by_label] START label=tình trạng value=Phát hành field_name=tinh_trang
INFO:portal_qr_worker:[_fill_by_label] OK (name): name=tinh_trang -> 'Phát hành'
INFO:portal_qr_worker:[QR_FILL] OK field=tình trạng label='tình trạng'
INFO:portal_qr_worker:[QR_FILL] START field=số hợp đồng value='0674/2026/HĐQTGAN-PN/PR'
INFO:portal_qr_worker:[_fill_by_label] START label=số hợp đồng value=0674/2026/HĐQTGAN-PN/PR field_name=so_hop_dong
INFO:portal_qr_worker:[_fill_by_label] OK (name): name=so_hop_dong -> '0674/2026/HĐQTGAN-PN/PR'
INFO:portal_qr_worker:[QR_FILL] OK field=số hợp đồng label='số hợp đồng'
INFO:portal_qr_worker:[QR_FILL] START field=số giấy chứng nhận value='0331/2026.GCN_KVC'
INFO:portal_qr_worker:[_fill_by_label] START label=số giấy chứng nhận value=0331/2026.GCN_KVC field_name=so_giay_chung_nhan
INFO:portal_qr_worker:[_fill_by_label] OK (name): name=so_giay_chung_nhan -> '0331/2026.GCN_KVC'
INFO:portal_qr_worker:[QR_FILL] OK field=số giấy chứng nhận label='số giấy chứng nhận'
INFO:portal_qr_worker:[QR_FILL] START field=ngày in GCN value='15/05/2026'
INFO:portal_qr_worker:[_fill_by_label] START label=ngày in giấy chứng nhận value=15/05/2026 field_name=ngay_in_giay_chung_nhan
INFO:portal_qr_worker:[_fill_by_label] Date format converted: 15/05/2026 -> 2026-05-15
INFO:portal_qr_worker:[_fill_by_label] OK (name): name=ngay_in_giay_chung_nhan -> '2026-05-15'
INFO:portal_qr_worker:[QR_FILL] OK field=ngày in GCN label='ngày in giấy chứng nhận'
INFO:portal_qr_worker:[QR_FILL] START field=ngày bắt đầu value='07/05/2026'
INFO:portal_qr_worker:[_fill_by_label] START label=ngày bắt đầu value=07/05/2026 field_name=ngay_bat_dau
INFO:portal_qr_worker:[_fill_by_label] Date format converted: 07/05/2026 -> 2026-05-07
INFO:portal_qr_worker:[_fill_by_label] OK (name): name=ngay_bat_dau -> '2026-05-07'
INFO:portal_qr_worker:[QR_FILL] OK field=ngày bắt đầu label='ngày bắt đầu'
INFO:portal_qr_worker:[QR_FILL] START field=ngày kết thúc value='06/05/2027'
INFO:portal_qr_worker:[_fill_by_label] START label=ngày kết thúc value=06/05/2027 field_name=ngay_ket_thuc
INFO:portal_qr_worker:[_fill_by_label] Date format converted: 06/05/2027 -> 2027-05-06
INFO:portal_qr_worker:[_fill_by_label] OK (name): name=ngay_ket_thuc -> '2027-05-06'
INFO:portal_qr_worker:[QR_FILL] OK field=ngày kết thúc label='ngày kết thúc'
INFO:portal_qr_worker:[QR_FILL] START field=tên đơn vị value='CN CÔNG TY TNHH DREAM GAMES VI'
INFO:portal_qr_worker:[_fill_by_label] START label=tên đơn vị value=CN CÔNG TY TNHH DREAM GAMES VIỆT NAM TẠI HUẾ field_name=ten_don_vi
INFO:portal_qr_worker:[_fill_by_label] OK (name): name=ten_don_vi -> 'CN CÔNG TY TNHH DREAM GAMES VIỆT NAM TẠI HUẾ'
INFO:portal_qr_worker:[QR_FILL] OK field=tên đơn vị label='tên đơn vị'
INFO:portal_qr_worker:[QR_FILL] START field=địa chỉ value='Lô số T301, Tầng 3, TTTM Aeon '
INFO:portal_qr_worker:[_fill_by_label] START label=địa chỉ value=Lô số T301, Tầng 3, TTTM Aeon Mall Huế, 8 Võ Nguyên Giáp, P. An Cựu, Tp. Huế field_name=dia_chi
INFO:portal_qr_worker:[_fill_by_label] OK (name): name=dia_chi -> 'Lô số T301, Tầng 3, TTTM Aeon Mall Huế, 8 Võ Nguyên Giáp, P. An Cựu, Tp. Huế'
INFO:portal_qr_worker:[QR_FILL] OK field=địa chỉ label='địa chỉ'
INFO:portal_qr_worker:[QR_FILL] START field=mã số thuế value='0312238456-007'
INFO:portal_qr_worker:[_fill_by_label] START label=mã số thuế value=0312238456-007 field_name=ma_so_thue
INFO:portal_qr_worker:[_fill_by_label] OK (name): name=ma_so_thue -> '0312238456-007'
INFO:portal_qr_worker:[QR_FILL] OK field=mã số thuế label='mã số thuế'
INFO:portal_qr_worker:[QR_FILL] START field=tên bảng hiệu value='KHU DREAM KIDS - TTTM AEON HUẾ'
INFO:portal_qr_worker:[_fill_by_label] START label=tên bảng hiệu value=KHU DREAM KIDS - TTTM AEON HUẾ field_name=ten_bang_hieu
INFO:portal_qr_worker:[_fill_by_label] OK (name): name=ten_bang_hieu -> 'KHU DREAM KIDS - TTTM AEON HUẾ'
INFO:portal_qr_worker:[QR_FILL] OK field=tên bảng hiệu label='tên bảng hiệu'
INFO:portal_qr_worker:[QR_FILL] START field=địa chỉ kinh doanh value='Lô số T301, Tầng 3, TTTM Aeon '
INFO:portal_qr_worker:[_fill_by_label] START label=địa chỉ kinh doanh value=Lô số T301, Tầng 3, TTTM Aeon Mall Huế, Số 8 Võ Nguyên Giáp, P. An Cựu, Thành phố Huế. field_name=dia_chi_kinh_doanh
INFO:portal_qr_worker:[_fill_by_label] OK (name): name=dia_chi_kinh_doanh -> 'Lô số T301, Tầng 3, TTTM Aeon Mall Huế, Số 8 Võ Nguyên Giáp, P. An Cựu, Thành phố Huế.'
INFO:portal_qr_worker:[QR_FILL] OK field=địa chỉ kinh doanh label='địa chỉ kinh doanh'
INFO:portal_qr_worker:[QR_FILL] START field=khu vực value='Nam'
INFO:portal_qr_worker:[_fill_by_label] START label=khu vực value=Nam field_name=khu_vuc
INFO:portal_qr_worker:[_fill_by_label] OK (name): name=khu_vuc -> 'Nam'
INFO:portal_qr_worker:[QR_FILL] OK field=khu vực label='khu vực'
INFO:portal_qr_worker:[fill_form] FILL_LOOP_COMPLETE filled=['tình trạng', 'số hợp đồng', 'số giấy chứng nhận', 'ngày in GCN', 'ngày bắt đầu', 'ngày kết thúc', 'tên đơn vị', 'địa chỉ', 'mã số thuế', 'tên bảng hiệu', 'địa chỉ kinh doanh', 'khu vực'] failed=[]
INFO:portal_qr_worker:[fill_form] SUCCESS: filled=12 fields, failed=[], domain_failed=False
INFO:portal_qr_worker:[worker] Action 'fill_form' result: ok=True, status=FORM_FILLED_WAITING_USER_SAVE
INFO:portal_qr_worker:[worker] Dispatching action='open_portal'
INFO:portal_qr_worker:[open_portal] Starting
INFO:portal_qr_worker:[_ensure_browser] Starting Chrome: C:\Program Files\Google\Chrome\Application\chrome.exe
INFO:portal_qr_worker:[_ensure_browser] Chrome started, WS URL: ws://127.0.0.1:9222/devtools/browser/32e98fea-4508-4a99-ab98-ba0cd55df0de
INFO:portal_qr_worker:[QR_PAGES] idx=0 type=about:blank url=about:blank title=
INFO:portal_qr_worker:[QR_SELECTED_PAGE] idx=0 url=about:blank reason=only_blank_available_will_navigate
INFO:portal_qr_worker:[open_portal] Selected page URL: about:blank
INFO:portal_qr_worker:[open_portal] Navigating to http://14.241.251.220:7879
INFO:portal_qr_worker:[_detect_page_state] body_text_sample='ang nhap\ntai khoan\ntai khoan\nmat khau\nmat khau\nhien thi mat khau\nang nhap'
INFO:portal_qr_worker:[open_portal] page_state=login, URL=http://14.241.251.220:7879/
INFO:portal_qr_worker:[open_portal] On login page — auto-login
INFO:portal_qr_worker:[_do_login] username filled with selector: input[type="text"]
INFO:portal_qr_worker:[_do_login] password filled with selector: input[type="password"]
INFO:portal_qr_worker:[_do_login] clicked login button: button:has-text("đăng nhập")
INFO:portal_qr_worker:[_detect_page_state] body_text_sample='tra cuu thong tin\nhuong dan su dung\nang xuat\ntra cuu thong tin\nhello, dao pham anh tuan\nso giay phat hanh\n488\nkhu vuc phia nam\n328\nkhu vuc phia bac\n160\nso giay huy\n2\ntim theo so hop ong\ntim theo so ho'
INFO:portal_qr_worker:[_do_login] Dashboard appeared after login
INFO:portal_qr_worker:[open_portal] Login successful
INFO:portal_qr_worker:[_detect_page_state] body_text_sample='tra cuu thong tin\nhuong dan su dung\nang xuat\ntra cuu thong tin\nhello, dao pham anh tuan\nso giay phat hanh\n488\nkhu vuc phia nam\n328\nkhu vuc phia bac\n160\nso giay huy\n2\ntim theo so hop ong\ntim theo so ho'
INFO:portal_qr_worker:[open_portal] Worker done — Chrome still running
INFO:portal_qr_worker:[worker] Action 'open_portal' result: ok=True, status=PORTAL_LOGIN_SUCCESS
INFO:portal_qr_worker:[worker] Dispatching action='fill_form'
INFO:portal_qr_worker:[fill_form] Starting
INFO:portal_qr_worker:[_ensure_browser] Reusing existing browser, WS URL: ws://127.0.0.1:9222/devtools/browser/32e98fea-4508-4a99-ab98-ba0cd55df0de
INFO:portal_qr_worker:[fill_form] Connected via CDP
INFO:portal_qr_worker:[QR_PAGES] idx=0 type=portal url=http://14.241.251.220:7879/dashboard/content title=Background App
INFO:portal_qr_worker:[QR_SELECTED_PAGE] idx=0 url=http://14.241.251.220:7879/dashboard/content reason=portal_url_found
INFO:portal_qr_worker:[fill_form] Selected page URL: http://14.241.251.220:7879/dashboard/content
INFO:portal_qr_worker:[_detect_page_state] body_text_sample='tra cuu thong tin\nhuong dan su dung\nang xuat\ntra cuu thong tin\nhello, dao pham anh tuan\nso giay phat hanh\n488\nkhu vuc phia nam\n328\nkhu vuc phia bac\n160\nso giay huy\n2\ntim theo so hop ong\ntim theo so ho'
INFO:portal_qr_worker:[fill_form] page_state=create_form, URL=http://14.241.251.220:7879/dashboard/content
INFO:portal_qr_worker:[fill_form] Proceeding to fill fields (skipped DETECT_CREATE_FORM)
INFO:portal_qr_worker:[_run_fill_loop_with_timeout] Activating manual input mode...
INFO:portal_qr_worker:[_ensure_manual_input_mode] Already in manual mode
INFO:portal_qr_worker:[QR_FILL] START field=tình trạng value='Phát hành'
INFO:portal_qr_worker:[_fill_by_label] START label=tình trạng value=Phát hành field_name=tinh_trang
INFO:portal_qr_worker:[_fill_by_label] OK (name): name=tinh_trang -> 'Phát hành'
INFO:portal_qr_worker:[QR_FILL] OK field=tình trạng label='tình trạng'
INFO:portal_qr_worker:[QR_FILL] START field=lĩnh vực value='background'
INFO:portal_qr_worker:[_fill_by_label] START label=lĩnh vực value=background field_name=linh_vuc
INFO:portal_qr_worker:[_fill_by_label] Strategy B: checking MUI Select for linh_vuc
WARNING:portal_qr_worker:[_fill_by_label] FAILED: label='lĩnh vực', value='background'
INFO:portal_qr_worker:[_fill_by_label] START label=linh vuc value=background field_name=linh_vuc
INFO:portal_qr_worker:[_fill_by_label] Strategy B: checking MUI Select for linh_vuc
WARNING:portal_qr_worker:[_fill_by_label] FAILED: label='linh vuc', value='background'
WARNING:portal_qr_worker:[_fill_by_label] No name mapping for label='lĩnh vực hoạt động'
WARNING:portal_qr_worker:[QR_FILL] FAIL field=lĩnh vực reason=NOT_FOUND_ANY_LABEL
INFO:portal_qr_worker:[QR_FILL] START field=số hợp đồng value='0715/2026/HDQTGAN-PN/PR'
INFO:portal_qr_worker:[_fill_by_label] START label=số hợp đồng value=0715/2026/HDQTGAN-PN/PR field_name=so_hop_dong
INFO:portal_qr_worker:[_fill_by_label] OK (name): name=so_hop_dong -> '0715/2026/HDQTGAN-PN/PR'
INFO:portal_qr_worker:[QR_FILL] OK field=số hợp đồng label='số hợp đồng'
INFO:portal_qr_worker:[QR_FILL] START field=số giấy chứng nhận value='0331'
INFO:portal_qr_worker:[_fill_by_label] START label=số giấy chứng nhận value=0331 field_name=so_giay_chung_nhan
INFO:portal_qr_worker:[_fill_by_label] OK (name): name=so_giay_chung_nhan -> '0331'
INFO:portal_qr_worker:[QR_FILL] OK field=số giấy chứng nhận label='số giấy chứng nhận'
INFO:portal_qr_worker:[QR_FILL] START field=ngày in GCN value='22/05/2026'
INFO:portal_qr_worker:[_fill_by_label] START label=ngày in giấy chứng nhận value=22/05/2026 field_name=ngay_in_giay_chung_nhan
INFO:portal_qr_worker:[_fill_by_label] Date format converted: 22/05/2026 -> 2026-05-22
INFO:portal_qr_worker:[_fill_by_label] OK (name): name=ngay_in_giay_chung_nhan -> '2026-05-22'
INFO:portal_qr_worker:[QR_FILL] OK field=ngày in GCN label='ngày in giấy chứng nhận'
INFO:portal_qr_worker:[QR_FILL] START field=ngày bắt đầu value='21/05/2026'
INFO:portal_qr_worker:[_fill_by_label] START label=ngày bắt đầu value=21/05/2026 field_name=ngay_bat_dau
INFO:portal_qr_worker:[_fill_by_label] Date format converted: 21/05/2026 -> 2026-05-21
INFO:portal_qr_worker:[_fill_by_label] OK (name): name=ngay_bat_dau -> '2026-05-21'
INFO:portal_qr_worker:[QR_FILL] OK field=ngày bắt đầu label='ngày bắt đầu'
INFO:portal_qr_worker:[QR_FILL] START field=ngày kết thúc value='20/05/2027'
INFO:portal_qr_worker:[_fill_by_label] START label=ngày kết thúc value=20/05/2027 field_name=ngay_ket_thuc
INFO:portal_qr_worker:[_fill_by_label] Date format converted: 20/05/2027 -> 2027-05-20
INFO:portal_qr_worker:[_fill_by_label] OK (name): name=ngay_ket_thuc -> '2027-05-20'
INFO:portal_qr_worker:[QR_FILL] OK field=ngày kết thúc label='ngày kết thúc'
INFO:portal_qr_worker:[QR_FILL] START field=tên đơn vị value='DOANH NGHIỆP TƯ NHÂN DỊCH VỤ L'
INFO:portal_qr_worker:[_fill_by_label] START label=tên đơn vị value=DOANH NGHIỆP TƯ NHÂN DỊCH VỤ LÂM PHÁT field_name=ten_don_vi
INFO:portal_qr_worker:[_fill_by_label] OK (name): name=ten_don_vi -> 'DOANH NGHIỆP TƯ NHÂN DỊCH VỤ LÂM PHÁT'
INFO:portal_qr_worker:[QR_FILL] OK field=tên đơn vị label='tên đơn vị'
INFO:portal_qr_worker:[QR_FILL] START field=địa chỉ value='Quốc lộ 55, ấp An Phước, xã Lo'
INFO:portal_qr_worker:[_fill_by_label] START label=địa chỉ value=Quốc lộ 55, ấp An Phước, xã Long Điền, Thành phố Hồ Chí Minh field_name=dia_chi
INFO:portal_qr_worker:[_fill_by_label] OK (name): name=dia_chi -> 'Quốc lộ 55, ấp An Phước, xã Long Điền, Thành phố Hồ Chí Minh'
INFO:portal_qr_worker:[QR_FILL] OK field=địa chỉ label='địa chỉ'
INFO:portal_qr_worker:[QR_FILL] START field=mã số thuế value='3502237689'
INFO:portal_qr_worker:[_fill_by_label] START label=mã số thuế value=3502237689 field_name=ma_so_thue
INFO:portal_qr_worker:[_fill_by_label] OK (name): name=ma_so_thue -> '3502237689'
INFO:portal_qr_worker:[QR_FILL] OK field=mã số thuế label='mã số thuế'
INFO:portal_qr_worker:[QR_FILL] START field=tên bảng hiệu value='KARAOKE FAMILY'
INFO:portal_qr_worker:[_fill_by_label] START label=tên bảng hiệu value=KARAOKE FAMILY field_name=ten_bang_hieu
INFO:portal_qr_worker:[_fill_by_label] OK (name): name=ten_bang_hieu -> 'KARAOKE FAMILY'
INFO:portal_qr_worker:[QR_FILL] OK field=tên bảng hiệu label='tên bảng hiệu'
INFO:portal_qr_worker:[QR_FILL] START field=địa chỉ kinh doanh value='Quốc lộ 55, ấp An Phước, xã Lo'
INFO:portal_qr_worker:[_fill_by_label] START label=địa chỉ kinh doanh value=Quốc lộ 55, ấp An Phước, xã Long Điền, Thành phố Hồ Chí Minh field_name=dia_chi_kinh_doanh
INFO:portal_qr_worker:[_fill_by_label] OK (name): name=dia_chi_kinh_doanh -> 'Quốc lộ 55, ấp An Phước, xã Long Điền, Thành phố Hồ Chí Minh'
INFO:portal_qr_worker:[QR_FILL] OK field=địa chỉ kinh doanh label='địa chỉ kinh doanh'
INFO:portal_qr_worker:[QR_FILL] START field=khu vực value='Nam'
INFO:portal_qr_worker:[_fill_by_label] START label=khu vực value=Nam field_name=khu_vuc
INFO:portal_qr_worker:[_fill_by_label] OK (name): name=khu_vuc -> 'Nam'
INFO:portal_qr_worker:[QR_FILL] OK field=khu vực label='khu vực'
INFO:portal_qr_worker:[fill_form] FILL_LOOP_COMPLETE filled=['tình trạng', 'số hợp đồng', 'số giấy chứng nhận', 'ngày in GCN', 'ngày bắt đầu', 'ngày kết thúc', 'tên đơn vị', 'địa chỉ', 'mã số thuế', 'tên bảng hiệu', 'địa chỉ kinh doanh', 'khu vực'] failed=['lĩnh vực']
INFO:portal_qr_worker:[fill_form] SUCCESS: filled=12 fields, failed=['lĩnh vực'], domain_failed=True
INFO:portal_qr_worker:[worker] Action 'fill_form' result: ok=True, status=FORM_FILLED_WAITING_USER_SAVE
INFO:portal_qr_worker:[worker] Dispatching action='open_portal'
INFO:portal_qr_worker:[open_portal] Starting
INFO:portal_qr_worker:[_ensure_browser] Starting Chrome: C:\Program Files\Google\Chrome\Application\chrome.exe
INFO:portal_qr_worker:[_ensure_browser] Chrome started, WS URL: ws://127.0.0.1:9222/devtools/browser/9e6899e5-67b0-419d-bc2d-6c70050ce593
INFO:portal_qr_worker:[QR_PAGES] idx=0 type=about:blank url=about:blank title=
INFO:portal_qr_worker:[QR_SELECTED_PAGE] idx=0 url=about:blank reason=only_blank_available_will_navigate
INFO:portal_qr_worker:[open_portal] Selected page URL: about:blank
INFO:portal_qr_worker:[open_portal] Navigating to http://14.241.251.220:7879
INFO:portal_qr_worker:[_detect_page_state] body_text_sample='ang nhap\ntai khoan\ntai khoan\nmat khau\nmat khau\nhien thi mat khau\nang nhap'
INFO:portal_qr_worker:[open_portal] page_state=login, URL=http://14.241.251.220:7879/
INFO:portal_qr_worker:[open_portal] On login page — auto-login
INFO:portal_qr_worker:[_do_login] username filled with selector: input[type="text"]
INFO:portal_qr_worker:[_do_login] password filled with selector: input[type="password"]
INFO:portal_qr_worker:[_do_login] clicked login button: button:has-text("đăng nhập")
INFO:portal_qr_worker:[_detect_page_state] body_text_sample='tra cuu thong tin\nhuong dan su dung\nang xuat\ntra cuu thong tin\nhello, dao pham anh tuan\nso giay phat hanh\n489\nkhu vuc phia nam\n328\nkhu vuc phia bac\n161\nso giay huy\n2\ntim theo so hop ong\ntim theo so ho'
INFO:portal_qr_worker:[_do_login] Dashboard appeared after login
INFO:portal_qr_worker:[open_portal] Login successful
INFO:portal_qr_worker:[_detect_page_state] body_text_sample='tra cuu thong tin\nhuong dan su dung\nang xuat\ntra cuu thong tin\nhello, dao pham anh tuan\nso giay phat hanh\n489\nkhu vuc phia nam\n328\nkhu vuc phia bac\n161\nso giay huy\n2\ntim theo so hop ong\ntim theo so ho'
INFO:portal_qr_worker:[open_portal] Worker done — Chrome still running
INFO:portal_qr_worker:[worker] Action 'open_portal' result: ok=True, status=PORTAL_LOGIN_SUCCESS
INFO:portal_qr_worker:[worker] Dispatching action='fill_form'
INFO:portal_qr_worker:[fill_form] Starting
INFO:portal_qr_worker:[_ensure_browser] Reusing existing browser, WS URL: ws://127.0.0.1:9222/devtools/browser/9e6899e5-67b0-419d-bc2d-6c70050ce593
INFO:portal_qr_worker:[fill_form] Connected via CDP
INFO:portal_qr_worker:[QR_PAGES] idx=0 type=portal url=http://14.241.251.220:7879/dashboard/content title=Background App
INFO:portal_qr_worker:[QR_SELECTED_PAGE] idx=0 url=http://14.241.251.220:7879/dashboard/content reason=portal_url_found
INFO:portal_qr_worker:[fill_form] Selected page URL: http://14.241.251.220:7879/dashboard/content
INFO:portal_qr_worker:[_detect_page_state] body_text_sample='tra cuu thong tin\nhuong dan su dung\nang xuat\ntra cuu thong tin\nhello, dao pham anh tuan\nso giay phat hanh\n489\nkhu vuc phia nam\n328\nkhu vuc phia bac\n161\nso giay huy\n2\ntim theo so hop ong\ntim theo so ho'
INFO:portal_qr_worker:[fill_form] page_state=create_form, URL=http://14.241.251.220:7879/dashboard/content
INFO:portal_qr_worker:[fill_form] Proceeding to fill fields (skipped DETECT_CREATE_FORM)
INFO:portal_qr_worker:[_run_fill_loop_with_timeout] Activating manual input mode...
INFO:portal_qr_worker:[_ensure_manual_input_mode] Already in manual mode
INFO:portal_qr_worker:[QR_FILL] START field=tình trạng value='Phát hành'
INFO:portal_qr_worker:[_fill_by_label] START label=tình trạng value=Phát hành field_name=tinh_trang
INFO:portal_qr_worker:[_fill_by_label] OK (name): name=tinh_trang -> 'Phát hành'
INFO:portal_qr_worker:[QR_FILL] OK field=tình trạng label='tình trạng'
INFO:portal_qr_worker:[QR_FILL] START field=lĩnh vực value='background'
INFO:portal_qr_worker:[_fill_by_label] START label=lĩnh vực value=background field_name=linh_vuc
INFO:portal_qr_worker:[_fill_by_label] Strategy B: checking MUI Select for linh_vuc
WARNING:portal_qr_worker:[_fill_by_label] FAILED: label='lĩnh vực', value='background'
INFO:portal_qr_worker:[_fill_by_label] START label=linh vuc value=background field_name=linh_vuc
INFO:portal_qr_worker:[_fill_by_label] Strategy B: checking MUI Select for linh_vuc
WARNING:portal_qr_worker:[_fill_by_label] FAILED: label='linh vuc', value='background'
WARNING:portal_qr_worker:[_fill_by_label] No name mapping for label='lĩnh vực hoạt động'
WARNING:portal_qr_worker:[QR_FILL] FAIL field=lĩnh vực reason=NOT_FOUND_ANY_LABEL
INFO:portal_qr_worker:[QR_FILL] START field=số hợp đồng value='0715/2026/HDQTGAN-PN/PR'
INFO:portal_qr_worker:[_fill_by_label] START label=số hợp đồng value=0715/2026/HDQTGAN-PN/PR field_name=so_hop_dong
INFO:portal_qr_worker:[_fill_by_label] OK (name): name=so_hop_dong -> '0715/2026/HDQTGAN-PN/PR'
INFO:portal_qr_worker:[QR_FILL] OK field=số hợp đồng label='số hợp đồng'
INFO:portal_qr_worker:[QR_FILL] START field=số giấy chứng nhận value='330'
INFO:portal_qr_worker:[_fill_by_label] START label=số giấy chứng nhận value=330 field_name=so_giay_chung_nhan
INFO:portal_qr_worker:[_fill_by_label] OK (name): name=so_giay_chung_nhan -> '330'
INFO:portal_qr_worker:[QR_FILL] OK field=số giấy chứng nhận label='số giấy chứng nhận'
INFO:portal_qr_worker:[QR_FILL] START field=ngày in GCN value='22/05/2026'
INFO:portal_qr_worker:[_fill_by_label] START label=ngày in giấy chứng nhận value=22/05/2026 field_name=ngay_in_giay_chung_nhan
INFO:portal_qr_worker:[_fill_by_label] Date format converted: 22/05/2026 -> 2026-05-22
INFO:portal_qr_worker:[_fill_by_label] OK (name): name=ngay_in_giay_chung_nhan -> '2026-05-22'
INFO:portal_qr_worker:[QR_FILL] OK field=ngày in GCN label='ngày in giấy chứng nhận'
INFO:portal_qr_worker:[QR_FILL] START field=ngày bắt đầu value='21/05/2026'
INFO:portal_qr_worker:[_fill_by_label] START label=ngày bắt đầu value=21/05/2026 field_name=ngay_bat_dau
INFO:portal_qr_worker:[_fill_by_label] Date format converted: 21/05/2026 -> 2026-05-21
INFO:portal_qr_worker:[_fill_by_label] OK (name): name=ngay_bat_dau -> '2026-05-21'
INFO:portal_qr_worker:[QR_FILL] OK field=ngày bắt đầu label='ngày bắt đầu'
INFO:portal_qr_worker:[QR_FILL] START field=ngày kết thúc value='20/05/2027'
INFO:portal_qr_worker:[_fill_by_label] START label=ngày kết thúc value=20/05/2027 field_name=ngay_ket_thuc
INFO:portal_qr_worker:[_fill_by_label] Date format converted: 20/05/2027 -> 2027-05-20
INFO:portal_qr_worker:[_fill_by_label] OK (name): name=ngay_ket_thuc -> '2027-05-20'
INFO:portal_qr_worker:[QR_FILL] OK field=ngày kết thúc label='ngày kết thúc'
INFO:portal_qr_worker:[QR_FILL] START field=tên đơn vị value='DOANH NGHIỆP TƯ NHÂN DỊCH VỤ L'
INFO:portal_qr_worker:[_fill_by_label] START label=tên đơn vị value=DOANH NGHIỆP TƯ NHÂN DỊCH VỤ LÂM PHÁT field_name=ten_don_vi
INFO:portal_qr_worker:[_fill_by_label] OK (name): name=ten_don_vi -> 'DOANH NGHIỆP TƯ NHÂN DỊCH VỤ LÂM PHÁT'
INFO:portal_qr_worker:[QR_FILL] OK field=tên đơn vị label='tên đơn vị'
INFO:portal_qr_worker:[QR_FILL] START field=địa chỉ value='Quốc lộ 55, ấp An Phước, xã Lo'
INFO:portal_qr_worker:[_fill_by_label] START label=địa chỉ value=Quốc lộ 55, ấp An Phước, xã Long Điền, Thành phố Hồ Chí Minh field_name=dia_chi
INFO:portal_qr_worker:[_fill_by_label] OK (name): name=dia_chi -> 'Quốc lộ 55, ấp An Phước, xã Long Điền, Thành phố Hồ Chí Minh'
INFO:portal_qr_worker:[QR_FILL] OK field=địa chỉ label='địa chỉ'
INFO:portal_qr_worker:[QR_FILL] START field=mã số thuế value='3502237689'
INFO:portal_qr_worker:[_fill_by_label] START label=mã số thuế value=3502237689 field_name=ma_so_thue
INFO:portal_qr_worker:[_fill_by_label] OK (name): name=ma_so_thue -> '3502237689'
INFO:portal_qr_worker:[QR_FILL] OK field=mã số thuế label='mã số thuế'
INFO:portal_qr_worker:[QR_FILL] START field=tên bảng hiệu value='KARAOKE FAMILY'
INFO:portal_qr_worker:[_fill_by_label] START label=tên bảng hiệu value=KARAOKE FAMILY field_name=ten_bang_hieu
INFO:portal_qr_worker:[_fill_by_label] OK (name): name=ten_bang_hieu -> 'KARAOKE FAMILY'
INFO:portal_qr_worker:[QR_FILL] OK field=tên bảng hiệu label='tên bảng hiệu'
INFO:portal_qr_worker:[QR_FILL] START field=địa chỉ kinh doanh value='Quốc lộ 55, ấp An Phước, xã Lo'
INFO:portal_qr_worker:[_fill_by_label] START label=địa chỉ kinh doanh value=Quốc lộ 55, ấp An Phước, xã Long Điền, Thành phố Hồ Chí Minh field_name=dia_chi_kinh_doanh
INFO:portal_qr_worker:[_fill_by_label] OK (name): name=dia_chi_kinh_doanh -> 'Quốc lộ 55, ấp An Phước, xã Long Điền, Thành phố Hồ Chí Minh'
INFO:portal_qr_worker:[QR_FILL] OK field=địa chỉ kinh doanh label='địa chỉ kinh doanh'
INFO:portal_qr_worker:[QR_FILL] START field=khu vực value='Nam'
INFO:portal_qr_worker:[_fill_by_label] START label=khu vực value=Nam field_name=khu_vuc
INFO:portal_qr_worker:[_fill_by_label] OK (name): name=khu_vuc -> 'Nam'
INFO:portal_qr_worker:[QR_FILL] OK field=khu vực label='khu vực'
INFO:portal_qr_worker:[fill_form] FILL_LOOP_COMPLETE filled=['tình trạng', 'số hợp đồng', 'số giấy chứng nhận', 'ngày in GCN', 'ngày bắt đầu', 'ngày kết thúc', 'tên đơn vị', 'địa chỉ', 'mã số thuế', 'tên bảng hiệu', 'địa chỉ kinh doanh', 'khu vực'] failed=['lĩnh vực']
INFO:portal_qr_worker:[fill_form] SUCCESS: filled=12 fields, failed=['lĩnh vực'], domain_failed=True
INFO:portal_qr_worker:[worker] Action 'fill_form' result: ok=True, status=FORM_FILLED_WAITING_USER_SAVE
INFO:portal_qr_worker:[worker] Dispatching action='search_record'
INFO:portal_qr_worker:[search_record] Starting
INFO:portal_qr_worker:[_ensure_browser] Starting Chrome: C:\Program Files\Google\Chrome\Application\chrome.exe
INFO:portal_qr_worker:[_ensure_browser] Chrome started, WS URL: ws://127.0.0.1:9222/devtools/browser/27e57fc2-23e6-4c81-84f6-dfe679ed809e
INFO:portal_qr_worker:[search_record] Connected via CDP
INFO:portal_qr_worker:[QR_PAGES] idx=0 type=about:blank url=about:blank title=
INFO:portal_qr_worker:[QR_SELECTED_PAGE] idx=0 url=about:blank reason=only_blank_available_will_navigate
INFO:portal_qr_worker:[worker] Action 'search_record' result: ok=False, status=SEARCH_BOX_NOT_FOUND
INFO:portal_qr_worker:[worker] Dispatching action='open_portal'
INFO:portal_qr_worker:[open_portal] Starting
INFO:portal_qr_worker:[_ensure_browser] Reusing existing browser, WS URL: ws://127.0.0.1:9222/devtools/browser/27e57fc2-23e6-4c81-84f6-dfe679ed809e
INFO:portal_qr_worker:[QR_PAGES] idx=0 type=portal url=http://14.241.251.220:7879/dashboard/content title=Background App
INFO:portal_qr_worker:[QR_SELECTED_PAGE] idx=0 url=http://14.241.251.220:7879/dashboard/content reason=portal_url_found
INFO:portal_qr_worker:[open_portal] Selected page URL: http://14.241.251.220:7879/dashboard/content
INFO:portal_qr_worker:[open_portal] Already on portal URL: http://14.241.251.220:7879/dashboard/content
INFO:portal_qr_worker:[_detect_page_state] body_text_sample='tra cuu thong tin\nhuong dan su dung\nang xuat\ntra cuu thong tin\nhello, dao pham anh tuan\nso giay phat hanh\n489\nkhu vuc phia nam\n328\nkhu vuc phia bac\n161\nso giay huy\n2\ntim theo so hop ong\ntim theo so ho'
INFO:portal_qr_worker:[open_portal] page_state=dashboard, URL=http://14.241.251.220:7879/dashboard/content
INFO:portal_qr_worker:[open_portal] Worker done — Chrome still running
INFO:portal_qr_worker:[worker] Action 'open_portal' result: ok=True, status=PORTAL_LOGIN_SUCCESS
INFO:portal_qr_worker:[worker] Dispatching action='open_portal'
INFO:portal_qr_worker:[open_portal] Starting
INFO:portal_qr_worker:[_ensure_browser] Starting Chrome: C:\Program Files\Google\Chrome\Application\chrome.exe
INFO:portal_qr_worker:[_ensure_browser] Chrome started, WS URL: ws://127.0.0.1:9222/devtools/browser/800a3cb1-e84b-4665-949c-6b7d8c6e7323
INFO:portal_qr_worker:[QR_PAGES] idx=0 type=about:blank url=about:blank title=
INFO:portal_qr_worker:[QR_SELECTED_PAGE] idx=0 url=about:blank reason=only_blank_available_will_navigate
INFO:portal_qr_worker:[open_portal] Selected page URL: about:blank
INFO:portal_qr_worker:[open_portal] Navigating to http://14.241.251.220:7879
INFO:portal_qr_worker:[_detect_page_state] body_text_sample='ang nhap\ntai khoan\ntai khoan\nmat khau\nmat khau\nhien thi mat khau\nang nhap'
INFO:portal_qr_worker:[open_portal] page_state=login, URL=http://14.241.251.220:7879/
INFO:portal_qr_worker:[open_portal] On login page — auto-login
INFO:portal_qr_worker:[_do_login] username filled with selector: input[type="text"]
INFO:portal_qr_worker:[_do_login] password filled with selector: input[type="password"]
INFO:portal_qr_worker:[_do_login] clicked login button: button:has-text("đăng nhập")
INFO:portal_qr_worker:[_detect_page_state] body_text_sample='tra cuu thong tin\nhuong dan su dung\nang xuat\ntra cuu thong tin\nhello, dao pham anh tuan\nso giay phat hanh\n489\nkhu vuc phia nam\n328\nkhu vuc phia bac\n161\nso giay huy\n2\ntim theo so hop ong\ntim theo so ho'
INFO:portal_qr_worker:[_do_login] Dashboard appeared after login
INFO:portal_qr_worker:[open_portal] Login successful
INFO:portal_qr_worker:[_detect_page_state] body_text_sample='tra cuu thong tin\nhuong dan su dung\nang xuat\ntra cuu thong tin\nhello, dao pham anh tuan\nso giay phat hanh\n489\nkhu vuc phia nam\n328\nkhu vuc phia bac\n161\nso giay huy\n2\ntim theo so hop ong\ntim theo so ho'
INFO:portal_qr_worker:[open_portal] Worker done — Chrome still running
INFO:portal_qr_worker:[worker] Action 'open_portal' result: ok=True, status=PORTAL_LOGIN_SUCCESS
INFO:portal_qr_worker:[worker] Dispatching action='fill_form'
INFO:portal_qr_worker:[fill_form] Starting
INFO:portal_qr_worker:[_ensure_browser] Reusing existing browser, WS URL: ws://127.0.0.1:9222/devtools/browser/800a3cb1-e84b-4665-949c-6b7d8c6e7323
INFO:portal_qr_worker:[fill_form] Connected via CDP
INFO:portal_qr_worker:[QR_PAGES] idx=0 type=portal url=http://14.241.251.220:7879/dashboard/content title=Background App
INFO:portal_qr_worker:[QR_SELECTED_PAGE] idx=0 url=http://14.241.251.220:7879/dashboard/content reason=portal_url_found
INFO:portal_qr_worker:[fill_form] Selected page URL: http://14.241.251.220:7879/dashboard/content
INFO:portal_qr_worker:[_detect_page_state] body_text_sample='tra cuu thong tin\nhuong dan su dung\nang xuat\ntra cuu thong tin\nhello, dao pham anh tuan\nso giay phat hanh\n489\nkhu vuc phia nam\n328\nkhu vuc phia bac\n161\nso giay huy\n2\ntim theo so hop ong\ntim theo so ho'
INFO:portal_qr_worker:[fill_form] page_state=create_form, URL=http://14.241.251.220:7879/dashboard/content
INFO:portal_qr_worker:[fill_form] Proceeding to fill fields (skipped DETECT_CREATE_FORM)
INFO:portal_qr_worker:[_run_fill_loop_with_timeout] Activating manual input mode...
INFO:portal_qr_worker:[_ensure_manual_input_mode] Already in manual mode
INFO:portal_qr_worker:[QR_FILL] START field=tình trạng value='Phát hành'
INFO:portal_qr_worker:[_fill_by_label] START label=tình trạng value=Phát hành field_name=tinh_trang
INFO:portal_qr_worker:[_fill_by_label] OK (name): name=tinh_trang -> 'Phát hành'
INFO:portal_qr_worker:[QR_FILL] OK field=tình trạng label='tình trạng'
INFO:portal_qr_worker:[QR_FILL] START field=lĩnh vực value='background'
INFO:portal_qr_worker:[_fill_by_label] START label=lĩnh vực value=background field_name=linh_vuc
INFO:portal_qr_worker:[_fill_by_label] Strategy B: checking MUI Select for linh_vuc
WARNING:portal_qr_worker:[_fill_by_label] FAILED: label='lĩnh vực', value='background'
INFO:portal_qr_worker:[_fill_by_label] START label=linh vuc value=background field_name=linh_vuc
INFO:portal_qr_worker:[_fill_by_label] Strategy B: checking MUI Select for linh_vuc
WARNING:portal_qr_worker:[_fill_by_label] FAILED: label='linh vuc', value='background'
WARNING:portal_qr_worker:[_fill_by_label] No name mapping for label='lĩnh vực hoạt động'
WARNING:portal_qr_worker:[QR_FILL] FAIL field=lĩnh vực reason=NOT_FOUND_ANY_LABEL
INFO:portal_qr_worker:[QR_FILL] START field=số hợp đồng value='0715/2026/HDQTGAN-PN/PR'
INFO:portal_qr_worker:[_fill_by_label] START label=số hợp đồng value=0715/2026/HDQTGAN-PN/PR field_name=so_hop_dong
INFO:portal_qr_worker:[_fill_by_label] OK (name): name=so_hop_dong -> '0715/2026/HDQTGAN-PN/PR'
INFO:portal_qr_worker:[QR_FILL] OK field=số hợp đồng label='số hợp đồng'
INFO:portal_qr_worker:[QR_FILL] START field=số giấy chứng nhận value='330'
INFO:portal_qr_worker:[_fill_by_label] START label=số giấy chứng nhận value=330 field_name=so_giay_chung_nhan
INFO:portal_qr_worker:[_fill_by_label] OK (name): name=so_giay_chung_nhan -> '330'
INFO:portal_qr_worker:[QR_FILL] OK field=số giấy chứng nhận label='số giấy chứng nhận'
INFO:portal_qr_worker:[QR_FILL] START field=ngày in GCN value='22/05/2026'
INFO:portal_qr_worker:[_fill_by_label] START label=ngày in giấy chứng nhận value=22/05/2026 field_name=ngay_in_giay_chung_nhan
INFO:portal_qr_worker:[_fill_by_label] Date format converted: 22/05/2026 -> 2026-05-22
INFO:portal_qr_worker:[_fill_by_label] OK (name): name=ngay_in_giay_chung_nhan -> '2026-05-22'
INFO:portal_qr_worker:[QR_FILL] OK field=ngày in GCN label='ngày in giấy chứng nhận'
INFO:portal_qr_worker:[QR_FILL] START field=ngày bắt đầu value='21/05/2026'
INFO:portal_qr_worker:[_fill_by_label] START label=ngày bắt đầu value=21/05/2026 field_name=ngay_bat_dau
INFO:portal_qr_worker:[_fill_by_label] Date format converted: 21/05/2026 -> 2026-05-21
INFO:portal_qr_worker:[_fill_by_label] OK (name): name=ngay_bat_dau -> '2026-05-21'
INFO:portal_qr_worker:[QR_FILL] OK field=ngày bắt đầu label='ngày bắt đầu'
INFO:portal_qr_worker:[QR_FILL] START field=ngày kết thúc value='20/05/2027'
INFO:portal_qr_worker:[_fill_by_label] START label=ngày kết thúc value=20/05/2027 field_name=ngay_ket_thuc
INFO:portal_qr_worker:[_fill_by_label] Date format converted: 20/05/2027 -> 2027-05-20
INFO:portal_qr_worker:[_fill_by_label] OK (name): name=ngay_ket_thuc -> '2027-05-20'
INFO:portal_qr_worker:[QR_FILL] OK field=ngày kết thúc label='ngày kết thúc'
INFO:portal_qr_worker:[QR_FILL] START field=tên đơn vị value='DOANH NGHIỆP TƯ NHÂN DỊCH VỤ L'
INFO:portal_qr_worker:[_fill_by_label] START label=tên đơn vị value=DOANH NGHIỆP TƯ NHÂN DỊCH VỤ LÂM PHÁT field_name=ten_don_vi
INFO:portal_qr_worker:[_fill_by_label] OK (name): name=ten_don_vi -> 'DOANH NGHIỆP TƯ NHÂN DỊCH VỤ LÂM PHÁT'
INFO:portal_qr_worker:[QR_FILL] OK field=tên đơn vị label='tên đơn vị'
INFO:portal_qr_worker:[QR_FILL] START field=địa chỉ value='Quốc lộ 55, ấp An Phước, xã Lo'
INFO:portal_qr_worker:[_fill_by_label] START label=địa chỉ value=Quốc lộ 55, ấp An Phước, xã Long Điền, Thành phố Hồ Chí Minh field_name=dia_chi
INFO:portal_qr_worker:[_fill_by_label] OK (name): name=dia_chi -> 'Quốc lộ 55, ấp An Phước, xã Long Điền, Thành phố Hồ Chí Minh'
INFO:portal_qr_worker:[QR_FILL] OK field=địa chỉ label='địa chỉ'
INFO:portal_qr_worker:[QR_FILL] START field=mã số thuế value='3502237689'
INFO:portal_qr_worker:[_fill_by_label] START label=mã số thuế value=3502237689 field_name=ma_so_thue
INFO:portal_qr_worker:[_fill_by_label] OK (name): name=ma_so_thue -> '3502237689'
INFO:portal_qr_worker:[QR_FILL] OK field=mã số thuế label='mã số thuế'
INFO:portal_qr_worker:[QR_FILL] START field=tên bảng hiệu value='KARAOKE FAMILY'
INFO:portal_qr_worker:[_fill_by_label] START label=tên bảng hiệu value=KARAOKE FAMILY field_name=ten_bang_hieu
INFO:portal_qr_worker:[_fill_by_label] OK (name): name=ten_bang_hieu -> 'KARAOKE FAMILY'
INFO:portal_qr_worker:[QR_FILL] OK field=tên bảng hiệu label='tên bảng hiệu'
INFO:portal_qr_worker:[QR_FILL] START field=địa chỉ kinh doanh value='Quốc lộ 55, ấp An Phước, xã Lo'
INFO:portal_qr_worker:[_fill_by_label] START label=địa chỉ kinh doanh value=Quốc lộ 55, ấp An Phước, xã Long Điền, Thành phố Hồ Chí Minh field_name=dia_chi_kinh_doanh
INFO:portal_qr_worker:[_fill_by_label] OK (name): name=dia_chi_kinh_doanh -> 'Quốc lộ 55, ấp An Phước, xã Long Điền, Thành phố Hồ Chí Minh'
INFO:portal_qr_worker:[QR_FILL] OK field=địa chỉ kinh doanh label='địa chỉ kinh doanh'
INFO:portal_qr_worker:[QR_FILL] START field=khu vực value='Nam'
INFO:portal_qr_worker:[_fill_by_label] START label=khu vực value=Nam field_name=khu_vuc
INFO:portal_qr_worker:[_fill_by_label] OK (name): name=khu_vuc -> 'Nam'
INFO:portal_qr_worker:[QR_FILL] OK field=khu vực label='khu vực'
INFO:portal_qr_worker:[fill_form] FILL_LOOP_COMPLETE filled=['tình trạng', 'số hợp đồng', 'số giấy chứng nhận', 'ngày in GCN', 'ngày bắt đầu', 'ngày kết thúc', 'tên đơn vị', 'địa chỉ', 'mã số thuế', 'tên bảng hiệu', 'địa chỉ kinh doanh', 'khu vực'] failed=['lĩnh vực']
INFO:portal_qr_worker:[fill_form] SUCCESS: filled=12 fields, failed=['lĩnh vực'], domain_failed=True
INFO:portal_qr_worker:[worker] Action 'fill_form' result: ok=True, status=FORM_FILLED_WAITING_USER_SAVE
INFO:portal_qr_worker:[worker] Dispatching action='search_record'
INFO:portal_qr_worker:[search_record] Starting
INFO:portal_qr_worker:[_ensure_browser] Reusing existing browser, WS URL: ws://127.0.0.1:9222/devtools/browser/800a3cb1-e84b-4665-949c-6b7d8c6e7323
INFO:portal_qr_worker:[search_record] Connected via CDP
INFO:portal_qr_worker:[QR_PAGES] idx=0 type=portal url=http://14.241.251.220:7879/dashboard/content title=Background App
INFO:portal_qr_worker:[QR_SELECTED_PAGE] idx=0 url=http://14.241.251.220:7879/dashboard/content reason=portal_url_found
INFO:portal_qr_worker:[worker] Action 'search_record' result: ok=False, status=SEARCH_BOX_NOT_FOUND
INFO:portal_qr_worker:[worker] Dispatching action='open_portal'
INFO:portal_qr_worker:[open_portal] Starting
INFO:portal_qr_worker:[_ensure_browser] Starting Chrome: C:\Program Files\Google\Chrome\Application\chrome.exe
INFO:portal_qr_worker:[_ensure_browser] Chrome started, WS URL: ws://127.0.0.1:9229/devtools/browser/0f1b1c60-1b72-42a5-bfe2-979527b723e8
INFO:portal_qr_worker:[QR_PAGES] idx=0 type=portal url=http://14.241.251.220:7879/ title=Background App
INFO:portal_qr_worker:[QR_SELECTED_PAGE] idx=0 url=http://14.241.251.220:7879/ reason=portal_url_found
INFO:portal_qr_worker:[open_portal] Selected page URL: http://14.241.251.220:7879/
INFO:portal_qr_worker:[open_portal] Already on portal URL: http://14.241.251.220:7879/
INFO:portal_qr_worker:[_detect_page_state] body_text_sample='ang nhap\ntai khoan\ntai khoan\nmat khau\nmat khau\nhien thi mat khau\nang nhap'
INFO:portal_qr_worker:[open_portal] page_state=login, URL=http://14.241.251.220:7879/
INFO:portal_qr_worker:[open_portal] On login page — auto-login
INFO:portal_qr_worker:[_do_login] username filled with selector: input[type="text"]
INFO:portal_qr_worker:[_do_login] password filled with selector: input[type="password"]
INFO:portal_qr_worker:[_do_login] clicked login button: button:has-text("đăng nhập")
INFO:portal_qr_worker:[_detect_page_state] body_text_sample='tra cuu thong tin\nhuong dan su dung\nang xuat\ntra cuu thong tin\nhello, dao pham anh tuan\nso giay phat hanh\n489\nkhu vuc phia nam\n328\nkhu vuc phia bac\n161\nso giay huy\n2\ntim theo so hop ong\ntim theo so ho'
INFO:portal_qr_worker:[_do_login] Dashboard appeared after login
INFO:portal_qr_worker:[open_portal] Login successful
INFO:portal_qr_worker:[_detect_page_state] body_text_sample='tra cuu thong tin\nhuong dan su dung\nang xuat\ntra cuu thong tin\nhello, dao pham anh tuan\nso giay phat hanh\n489\nkhu vuc phia nam\n328\nkhu vuc phia bac\n161\nso giay huy\n2\ntim theo so hop ong\ntim theo so ho'
INFO:portal_qr_worker:[open_portal] Dashboard detected after login — starting watcher
INFO:portal_qr_worker:[_start_watcher] Starting watcher at stage=AFTER_LOGIN_DASHBOARD
INFO:portal_qr_worker:[_watch_for_create_form] Starting watcher: poll_interval=400ms, timeout=120s
INFO:portal_qr_worker:[_watch_for_create_form] CREATE_FORM_DETECTED at poll #49 (19600ms since start)
INFO:portal_qr_worker:[_ensure_manual_input_mode] Already in manual mode
INFO:portal_qr_worker:[_fill_by_label] START label=tình trạng value=Phát hành field_name=tinh_trang
INFO:portal_qr_worker:[_fill_by_label] OK (name): name=tinh_trang -> 'Phát hành'
INFO:portal_qr_worker:[_fill_by_label] START label=lĩnh vực value=background field_name=linh_vuc
INFO:portal_qr_worker:[_fill_by_label] Strategy B: checking MUI Select for linh_vuc
WARNING:portal_qr_worker:[_fill_by_label] FAILED: label='lĩnh vực', value='background'
INFO:portal_qr_worker:[_fill_by_label] START label=số hợp đồng value=0715/2026/HDQTGAN-PN/PR field_name=so_hop_dong
INFO:portal_qr_worker:[_fill_by_label] OK (name): name=so_hop_dong -> '0715/2026/HDQTGAN-PN/PR'
INFO:portal_qr_worker:[_fill_by_label] START label=số giấy chứng nhận value=325 field_name=so_giay_chung_nhan
INFO:portal_qr_worker:[_fill_by_label] OK (name): name=so_giay_chung_nhan -> '325'
INFO:portal_qr_worker:[_fill_by_label] START label=ngày in giấy chứng nhận value=22/05/2026 field_name=ngay_in_giay_chung_nhan
INFO:portal_qr_worker:[_fill_by_label] Date format converted: 22/05/2026 -> 2026-05-22
INFO:portal_qr_worker:[_fill_by_label] OK (name): name=ngay_in_giay_chung_nhan -> '2026-05-22'
INFO:portal_qr_worker:[_fill_by_label] START label=ngày bắt đầu value=21/05/2026 field_name=ngay_bat_dau
INFO:portal_qr_worker:[_fill_by_label] Date format converted: 21/05/2026 -> 2026-05-21
INFO:portal_qr_worker:[_fill_by_label] OK (name): name=ngay_bat_dau -> '2026-05-21'
INFO:portal_qr_worker:[_fill_by_label] START label=ngày kết thúc value=20/05/2027 field_name=ngay_ket_thuc
INFO:portal_qr_worker:[_fill_by_label] Date format converted: 20/05/2027 -> 2027-05-20
INFO:portal_qr_worker:[_fill_by_label] OK (name): name=ngay_ket_thuc -> '2027-05-20'
INFO:portal_qr_worker:[_fill_by_label] START label=tên đơn vị value=DOANH NGHIỆP TƯ NHÂN DỊCH VỤ LÂM PHÁT field_name=ten_don_vi
INFO:portal_qr_worker:[_fill_by_label] OK (name): name=ten_don_vi -> 'DOANH NGHIỆP TƯ NHÂN DỊCH VỤ LÂM PHÁT'
INFO:portal_qr_worker:[_fill_by_label] START label=địa chỉ value=Quốc lộ 55, ấp An Phước, xã Long Điền, Thành phố Hồ Chí Minh field_name=dia_chi
INFO:portal_qr_worker:[_fill_by_label] OK (name): name=dia_chi -> 'Quốc lộ 55, ấp An Phước, xã Long Điền, Thành phố Hồ Chí Minh'
INFO:portal_qr_worker:[_fill_by_label] START label=mã số thuế value=3502237689 field_name=ma_so_thue
INFO:portal_qr_worker:[_fill_by_label] OK (name): name=ma_so_thue -> '3502237689'
INFO:portal_qr_worker:[_fill_by_label] START label=tên bảng hiệu value=KARAOKE FAMILY field_name=ten_bang_hieu
INFO:portal_qr_worker:[_fill_by_label] OK (name): name=ten_bang_hieu -> 'KARAOKE FAMILY'
INFO:portal_qr_worker:[_fill_by_label] START label=địa chỉ kinh doanh value=Quốc lộ 55, ấp An Phước, xã Long Điền, Thành phố Hồ Chí Minh field_name=dia_chi_kinh_doanh
INFO:portal_qr_worker:[_fill_by_label] OK (name): name=dia_chi_kinh_doanh -> 'Quốc lộ 55, ấp An Phước, xã Long Điền, Thành phố Hồ Chí Minh'
INFO:portal_qr_worker:[_fill_by_label] START label=khu vực value=Nam field_name=khu_vuc
INFO:portal_qr_worker:[_fill_by_label] OK (name): name=khu_vuc -> 'Nam'
INFO:portal_qr_worker:[_watch_for_create_form] FILLED: ['tình trạng', 'số hợp đồng', 'số giấy chứng nhận', 'ngày in GCN', 'ngày bắt đầu', 'ngày kết thúc', 'tên đơn vị', 'địa chỉ', 'mã số thuế', 'tên bảng hiệu', 'địa chỉ kinh doanh', 'khu vực'], FAILED: ['lĩnh vực']
INFO:portal_qr_worker:[_start_watcher] FORM_FILLED: filled=12 fields in 19600ms, failed=['lĩnh vực']
INFO:portal_qr_worker:[_start_watcher] Disconnected — Chrome still running
INFO:portal_qr_worker:[worker] Dispatching action='open_portal'
INFO:portal_qr_worker:[open_portal] Starting
INFO:portal_qr_worker:[_ensure_browser] Starting Chrome: C:\Program Files\Google\Chrome\Application\chrome.exe
INFO:portal_qr_worker:[_ensure_browser] Chrome started, WS URL: ws://127.0.0.1:9229/devtools/browser/0f3c9666-bd8f-4114-8706-9069cc6c0826
INFO:portal_qr_worker:[QR_PAGES] idx=0 type=portal url=http://14.241.251.220:7879/ title=Background App
INFO:portal_qr_worker:[QR_SELECTED_PAGE] idx=0 url=http://14.241.251.220:7879/ reason=portal_url_found
INFO:portal_qr_worker:[open_portal] Selected page URL: http://14.241.251.220:7879/
INFO:portal_qr_worker:[open_portal] Already on portal URL: http://14.241.251.220:7879/
INFO:portal_qr_worker:[_detect_page_state] body_text_sample='ang nhap\ntai khoan\ntai khoan\nmat khau\nmat khau\nhien thi mat khau\nang nhap'
INFO:portal_qr_worker:[open_portal] page_state=login, URL=http://14.241.251.220:7879/
INFO:portal_qr_worker:[open_portal] On login page — auto-login
INFO:portal_qr_worker:[_do_login] username filled with selector: input[type="text"]
INFO:portal_qr_worker:[_do_login] password filled with selector: input[type="password"]
INFO:portal_qr_worker:[_do_login] clicked login button: button:has-text("đăng nhập")
INFO:portal_qr_worker:[_detect_page_state] body_text_sample='tra cuu thong tin\nhuong dan su dung\nang xuat\ntra cuu thong tin\nhello, dao pham anh tuan\nso giay phat hanh\n489\nkhu vuc phia nam\n328\nkhu vuc phia bac\n161\nso giay huy\n2\ntim theo so hop ong\ntim theo so ho'
INFO:portal_qr_worker:[_do_login] Dashboard appeared after login
INFO:portal_qr_worker:[open_portal] Login successful
INFO:portal_qr_worker:[_detect_page_state] body_text_sample='tra cuu thong tin\nhuong dan su dung\nang xuat\ntra cuu thong tin\nhello, dao pham anh tuan\nso giay phat hanh\n489\nkhu vuc phia nam\n328\nkhu vuc phia bac\n161\nso giay huy\n2\ntim theo so hop ong\ntim theo so ho'
INFO:portal_qr_worker:[open_portal] Dashboard detected after login — starting watcher
INFO:portal_qr_worker:[_start_watcher] Starting watcher at stage=AFTER_LOGIN_DASHBOARD
INFO:portal_qr_worker:[_watch_for_create_form] Starting watcher: poll_interval=400ms, timeout=120s
INFO:portal_qr_worker:[_watch_for_create_form] CREATE_FORM_DETECTED at poll #21 (8400ms since start)
INFO:portal_qr_worker:[_ensure_manual_input_mode] Already in manual mode
INFO:portal_qr_worker:[_fill_by_label] START label=tình trạng value=Phát hành field_name=tinh_trang
INFO:portal_qr_worker:[_fill_by_label] OK (name): name=tinh_trang -> 'Phát hành'
INFO:portal_qr_worker:[_fill_by_label] START label=lĩnh vực value=background field_name=linh_vuc
INFO:portal_qr_worker:[_fill_by_label] Strategy B: checking MUI Select for linh_vuc
WARNING:portal_qr_worker:[_fill_by_label] FAILED: label='lĩnh vực', value='background'
INFO:portal_qr_worker:[_fill_by_label] START label=số hợp đồng value=0715/2026/HDQTGAN-PN/PR field_name=so_hop_dong
INFO:portal_qr_worker:[_fill_by_label] OK (name): name=so_hop_dong -> '0715/2026/HDQTGAN-PN/PR'
INFO:portal_qr_worker:[_fill_by_label] START label=số giấy chứng nhận value=325 field_name=so_giay_chung_nhan
INFO:portal_qr_worker:[_fill_by_label] OK (name): name=so_giay_chung_nhan -> '325'
INFO:portal_qr_worker:[_fill_by_label] START label=ngày in giấy chứng nhận value=22/05/2026 field_name=ngay_in_giay_chung_nhan
INFO:portal_qr_worker:[_fill_by_label] Date format converted: 22/05/2026 -> 2026-05-22
INFO:portal_qr_worker:[_fill_by_label] OK (name): name=ngay_in_giay_chung_nhan -> '2026-05-22'
INFO:portal_qr_worker:[_fill_by_label] START label=ngày bắt đầu value=21/05/2026 field_name=ngay_bat_dau
INFO:portal_qr_worker:[_fill_by_label] Date format converted: 21/05/2026 -> 2026-05-21
INFO:portal_qr_worker:[_fill_by_label] OK (name): name=ngay_bat_dau -> '2026-05-21'
INFO:portal_qr_worker:[_fill_by_label] START label=ngày kết thúc value=20/05/2027 field_name=ngay_ket_thuc
INFO:portal_qr_worker:[_fill_by_label] Date format converted: 20/05/2027 -> 2027-05-20
INFO:portal_qr_worker:[_fill_by_label] OK (name): name=ngay_ket_thuc -> '2027-05-20'
INFO:portal_qr_worker:[_fill_by_label] START label=tên đơn vị value=DOANH NGHIỆP TƯ NHÂN DỊCH VỤ LÂM PHÁT field_name=ten_don_vi
INFO:portal_qr_worker:[_fill_by_label] OK (name): name=ten_don_vi -> 'DOANH NGHIỆP TƯ NHÂN DỊCH VỤ LÂM PHÁT'
INFO:portal_qr_worker:[_fill_by_label] START label=địa chỉ value=Quốc lộ 55, ấp An Phước, xã Long Điền, Thành phố Hồ Chí Minh field_name=dia_chi
INFO:portal_qr_worker:[_fill_by_label] OK (name): name=dia_chi -> 'Quốc lộ 55, ấp An Phước, xã Long Điền, Thành phố Hồ Chí Minh'
INFO:portal_qr_worker:[_fill_by_label] START label=mã số thuế value=3502237689 field_name=ma_so_thue
INFO:portal_qr_worker:[_fill_by_label] OK (name): name=ma_so_thue -> '3502237689'
INFO:portal_qr_worker:[_fill_by_label] START label=tên bảng hiệu value=KARAOKE FAMILY field_name=ten_bang_hieu
INFO:portal_qr_worker:[_fill_by_label] OK (name): name=ten_bang_hieu -> 'KARAOKE FAMILY'
INFO:portal_qr_worker:[_fill_by_label] START label=địa chỉ kinh doanh value=Quốc lộ 55, ấp An Phước, xã Long Điền, Thành phố Hồ Chí Minh field_name=dia_chi_kinh_doanh
INFO:portal_qr_worker:[_fill_by_label] OK (name): name=dia_chi_kinh_doanh -> 'Quốc lộ 55, ấp An Phước, xã Long Điền, Thành phố Hồ Chí Minh'
INFO:portal_qr_worker:[_fill_by_label] START label=khu vực value=Nam field_name=khu_vuc
INFO:portal_qr_worker:[_fill_by_label] OK (name): name=khu_vuc -> 'Nam'
INFO:portal_qr_worker:[_watch_for_create_form] FILLED: ['tình trạng', 'số hợp đồng', 'số giấy chứng nhận', 'ngày in GCN', 'ngày bắt đầu', 'ngày kết thúc', 'tên đơn vị', 'địa chỉ', 'mã số thuế', 'tên bảng hiệu', 'địa chỉ kinh doanh', 'khu vực'], FAILED: ['lĩnh vực']
INFO:portal_qr_worker:[_start_watcher] FORM_FILLED: filled=12 fields in 8400ms, failed=['lĩnh vực']
INFO:portal_qr_worker:[_start_watcher] Disconnected — Chrome still running
INFO:portal_qr_worker:[worker] Action 'open_portal' result: ok=True, status=FORM_FILLED_WAITING_USER_SAVE
INFO:portal_qr_worker:[worker] Dispatching action='search_record'
INFO:portal_qr_worker:[search_record] Starting
INFO:portal_qr_worker:[_kill_qr_browser] Killed 7 process(es) by profile: ['25876', '38900', '28852', '37760', '12508', '37836', '22044']
INFO:portal_qr_worker:[_ensure_browser] Starting Chrome: C:\Program Files\Google\Chrome\Application\chrome.exe
INFO:portal_qr_worker:[_ensure_browser] Chrome started, WS URL: ws://127.0.0.1:9229/devtools/browser/bf4d7a6a-4a26-450c-b25a-c77446417eab
INFO:portal_qr_worker:[search_record] Connected via CDP
INFO:portal_qr_worker:[QR_PAGES] idx=0 type=portal url=http://14.241.251.220:7879/ title=Background App
INFO:portal_qr_worker:[QR_SELECTED_PAGE] idx=0 url=http://14.241.251.220:7879/ reason=portal_url_found
INFO:portal_qr_worker:[worker] Action 'search_record' result: ok=False, status=SEARCH_BOX_NOT_FOUND
INFO:portal_qr_worker:[worker] Dispatching action='open_portal'
INFO:portal_qr_worker:[open_portal] Starting
INFO:portal_qr_worker:[_ensure_browser] Starting Chrome: C:\Program Files\Google\Chrome\Application\chrome.exe
INFO:portal_qr_worker:[_ensure_browser] Chrome started, WS URL: ws://127.0.0.1:9229/devtools/browser/6e945939-b5a9-4905-8d58-f9f6b92da811
INFO:portal_qr_worker:[QR_PAGES] idx=0 type=portal url=http://14.241.251.220:7879/ title=Background App
INFO:portal_qr_worker:[QR_SELECTED_PAGE] idx=0 url=http://14.241.251.220:7879/ reason=portal_url_found
INFO:portal_qr_worker:[open_portal] Selected page URL: http://14.241.251.220:7879/
INFO:portal_qr_worker:[open_portal] Already on portal URL: http://14.241.251.220:7879/
INFO:portal_qr_worker:[_detect_page_state] body_text_sample='ang nhap\ntai khoan\ntai khoan\nmat khau\nmat khau\nhien thi mat khau\nang nhap'
INFO:portal_qr_worker:[open_portal] page_state=login, URL=http://14.241.251.220:7879/
INFO:portal_qr_worker:[open_portal] On login page — auto-login
INFO:portal_qr_worker:[_do_login] username filled with selector: input[type="text"]
INFO:portal_qr_worker:[_do_login] password filled with selector: input[type="password"]
INFO:portal_qr_worker:[_do_login] clicked login button: button:has-text("đăng nhập")
INFO:portal_qr_worker:[_detect_page_state] body_text_sample='tra cuu thong tin\nhuong dan su dung\nang xuat\ntra cuu thong tin\nhello, tran thuy bi\nso giay phat hanh\n490\nkhu vuc phia nam\n329\nkhu vuc phia bac\n161\nso giay huy\n2\ntim theo so hop ong\ntim theo so hop ong'
INFO:portal_qr_worker:[_do_login] Dashboard appeared after login
INFO:portal_qr_worker:[open_portal] Login successful
INFO:portal_qr_worker:[_detect_page_state] body_text_sample='tra cuu thong tin\nhuong dan su dung\nang xuat\ntra cuu thong tin\nhello, tran thuy bi\nso giay phat hanh\n490\nkhu vuc phia nam\n329\nkhu vuc phia bac\n161\nso giay huy\n2\ntim theo so hop ong\ntim theo so hop ong'
INFO:portal_qr_worker:[open_portal] Dashboard detected after login — starting watcher
INFO:portal_qr_worker:[_start_watcher] Starting watcher at stage=AFTER_LOGIN_DASHBOARD
INFO:portal_qr_worker:[_watch_for_create_form] Starting watcher: poll_interval=400ms, timeout=120s
INFO:portal_qr_worker:[_watch_for_create_form] CREATE_FORM_DETECTED at poll #87 (34800ms since start)
INFO:portal_qr_worker:[_ensure_manual_input_mode] Already in manual mode
INFO:portal_qr_worker:[_fill_by_label] START label=tình trạng value=Phát hành field_name=tinh_trang
INFO:portal_qr_worker:[_fill_by_label] OK (name): name=tinh_trang -> 'Phát hành'
INFO:portal_qr_worker:[_fill_by_label] START label=lĩnh vực value=background field_name=linh_vuc
INFO:portal_qr_worker:[_fill_by_label] Strategy B: checking MUI Select for linh_vuc
WARNING:portal_qr_worker:[_fill_by_label] FAILED: label='lĩnh vực', value='background'
INFO:portal_qr_worker:[_fill_by_label] START label=số hợp đồng value=0715/2026/HDQTGAN-PN/PR field_name=so_hop_dong
INFO:portal_qr_worker:[_fill_by_label] OK (name): name=so_hop_dong -> '0715/2026/HDQTGAN-PN/PR'
INFO:portal_qr_worker:[_fill_by_label] START label=số giấy chứng nhận value=325 field_name=so_giay_chung_nhan
INFO:portal_qr_worker:[_fill_by_label] OK (name): name=so_giay_chung_nhan -> '325'
INFO:portal_qr_worker:[_fill_by_label] START label=ngày in giấy chứng nhận value=22/05/2026 field_name=ngay_in_giay_chung_nhan
INFO:portal_qr_worker:[_fill_by_label] Date format converted: 22/05/2026 -> 2026-05-22
INFO:portal_qr_worker:[_fill_by_label] OK (name): name=ngay_in_giay_chung_nhan -> '2026-05-22'
INFO:portal_qr_worker:[_fill_by_label] START label=ngày bắt đầu value=21/05/2026 field_name=ngay_bat_dau
INFO:portal_qr_worker:[_fill_by_label] Date format converted: 21/05/2026 -> 2026-05-21
INFO:portal_qr_worker:[_fill_by_label] OK (name): name=ngay_bat_dau -> '2026-05-21'
INFO:portal_qr_worker:[_fill_by_label] START label=ngày kết thúc value=20/05/2027 field_name=ngay_ket_thuc
INFO:portal_qr_worker:[_fill_by_label] Date format converted: 20/05/2027 -> 2027-05-20
INFO:portal_qr_worker:[_fill_by_label] OK (name): name=ngay_ket_thuc -> '2027-05-20'
INFO:portal_qr_worker:[_fill_by_label] START label=tên đơn vị value=DOANH NGHIỆP TƯ NHÂN DỊCH VỤ LÂM PHÁT field_name=ten_don_vi
INFO:portal_qr_worker:[_fill_by_label] OK (name): name=ten_don_vi -> 'DOANH NGHIỆP TƯ NHÂN DỊCH VỤ LÂM PHÁT'
INFO:portal_qr_worker:[_fill_by_label] START label=địa chỉ value=Quốc lộ 55, ấp An Phước, xã Long Điền, Thành phố Hồ Chí Minh field_name=dia_chi
INFO:portal_qr_worker:[_fill_by_label] OK (name): name=dia_chi -> 'Quốc lộ 55, ấp An Phước, xã Long Điền, Thành phố Hồ Chí Minh'
INFO:portal_qr_worker:[_fill_by_label] START label=mã số thuế value=3502237689 field_name=ma_so_thue
INFO:portal_qr_worker:[_fill_by_label] OK (name): name=ma_so_thue -> '3502237689'
INFO:portal_qr_worker:[_fill_by_label] START label=tên bảng hiệu value=KARAOKE FAMILY field_name=ten_bang_hieu
INFO:portal_qr_worker:[_fill_by_label] OK (name): name=ten_bang_hieu -> 'KARAOKE FAMILY'
INFO:portal_qr_worker:[_fill_by_label] START label=địa chỉ kinh doanh value=Quốc lộ 55, ấp An Phước, xã Long Điền, Thành phố Hồ Chí Minh field_name=dia_chi_kinh_doanh
INFO:portal_qr_worker:[_fill_by_label] OK (name): name=dia_chi_kinh_doanh -> 'Quốc lộ 55, ấp An Phước, xã Long Điền, Thành phố Hồ Chí Minh'
INFO:portal_qr_worker:[_fill_by_label] START label=khu vực value=Nam field_name=khu_vuc
INFO:portal_qr_worker:[_fill_by_label] OK (name): name=khu_vuc -> 'Nam'
INFO:portal_qr_worker:[_watch_for_create_form] FILLED: ['tình trạng', 'số hợp đồng', 'số giấy chứng nhận', 'ngày in GCN', 'ngày bắt đầu', 'ngày kết thúc', 'tên đơn vị', 'địa chỉ', 'mã số thuế', 'tên bảng hiệu', 'địa chỉ kinh doanh', 'khu vực'], FAILED: ['lĩnh vực']
INFO:portal_qr_worker:[_start_watcher] FORM_FILLED: filled=12 fields in 34800ms, failed=['lĩnh vực']
INFO:portal_qr_worker:[_start_watcher] Disconnected — Chrome still running
INFO:portal_qr_worker:[worker] Action 'open_portal' result: ok=True, status=FORM_FILLED_WAITING_USER_SAVE
INFO:portal_qr_worker:[worker] Dispatching action='open_portal'
INFO:portal_qr_worker:[open_portal] Starting
INFO:portal_qr_worker:[_ensure_browser] Starting Chrome: C:\Program Files\Google\Chrome\Application\chrome.exe
INFO:portal_qr_worker:[_ensure_browser] Chrome started, WS URL: ws://127.0.0.1:9229/devtools/browser/a94b9beb-5b29-41e2-b544-387e2be7f757
INFO:portal_qr_worker:[QR_PAGES] idx=0 type=portal url=http://14.241.251.220:7879/ title=Background App
INFO:portal_qr_worker:[QR_SELECTED_PAGE] idx=0 url=http://14.241.251.220:7879/ reason=portal_url_found
INFO:portal_qr_worker:[open_portal] Selected page URL: http://14.241.251.220:7879/
INFO:portal_qr_worker:[open_portal] Already on portal URL: http://14.241.251.220:7879/
INFO:portal_qr_worker:[_detect_page_state] body_text_sample='ang nhap\ntai khoan\ntai khoan\nmat khau\nmat khau\nhien thi mat khau\nang nhap'
INFO:portal_qr_worker:[open_portal] page_state=login, URL=http://14.241.251.220:7879/
INFO:portal_qr_worker:[open_portal] On login page — auto-login
INFO:portal_qr_worker:[_do_login] username filled with selector: input[type="text"]
INFO:portal_qr_worker:[_do_login] password filled with selector: input[type="password"]
INFO:portal_qr_worker:[_do_login] clicked login button: button:has-text("đăng nhập")
INFO:portal_qr_worker:[_detect_page_state] body_text_sample='tra cuu thong tin\nhuong dan su dung\nang xuat\ntra cuu thong tin\nhello, tran thuy bi\nso giay phat hanh\n490\nkhu vuc phia nam\n329\nkhu vuc phia bac\n161\nso giay huy\n2\ntim theo so hop ong\ntim theo so hop ong'
INFO:portal_qr_worker:[_do_login] Dashboard appeared after login
INFO:portal_qr_worker:[open_portal] Login successful
INFO:portal_qr_worker:[_detect_page_state] body_text_sample='tra cuu thong tin\nhuong dan su dung\nang xuat\ntra cuu thong tin\nhello, tran thuy bi\nso giay phat hanh\n490\nkhu vuc phia nam\n329\nkhu vuc phia bac\n161\nso giay huy\n2\ntim theo so hop ong\ntim theo so hop ong'
INFO:portal_qr_worker:[open_portal] Dashboard detected after login — starting watcher
INFO:portal_qr_worker:[_start_watcher] Starting watcher at stage=AFTER_LOGIN_DASHBOARD
INFO:portal_qr_worker:[_watch_for_create_form] Starting watcher: poll_interval=400ms, timeout=120s
WARNING:portal_qr_worker:[_watch_for_create_form] Page is closed
INFO:portal_qr_worker:[_watch_for_create_form] TIMEOUT after 37 polls (14800ms)
INFO:portal_qr_worker:[_start_watcher] Watcher timeout — user did not click 'Thêm mới' within 120s
INFO:portal_qr_worker:[_start_watcher] Disconnected — Chrome still running
INFO:portal_qr_worker:[worker] Action 'open_portal' result: ok=True, status=LOGIN_SUCCESS_WAITING_FOR_FORM
INFO:portal_qr_worker:[worker] Dispatching action='open_portal'
INFO:portal_qr_worker:[open_portal] Starting
INFO:portal_qr_worker:[_kill_qr_browser] Killed process using port 9229: 0
INFO:portal_qr_worker:[_ensure_browser] Starting Chrome: C:\Program Files\Google\Chrome\Application\chrome.exe
INFO:portal_qr_worker:[_ensure_browser] Chrome started, WS URL: ws://127.0.0.1:9229/devtools/browser/aac0417e-5c49-4479-af4d-5fda26d1bc6a
INFO:portal_qr_worker:[QR_PAGES] idx=0 type=portal url=http://14.241.251.220:7879/ title=Background App
INFO:portal_qr_worker:[QR_SELECTED_PAGE] idx=0 url=http://14.241.251.220:7879/ reason=portal_url_found
INFO:portal_qr_worker:[open_portal] Selected page URL: http://14.241.251.220:7879/
INFO:portal_qr_worker:[open_portal] Already on portal URL: http://14.241.251.220:7879/
INFO:portal_qr_worker:[_detect_page_state] body_text_sample='ang nhap\ntai khoan\ntai khoan\nmat khau\nmat khau\nhien thi mat khau\nang nhap'
INFO:portal_qr_worker:[open_portal] page_state=login, URL=http://14.241.251.220:7879/
INFO:portal_qr_worker:[open_portal] On login page — auto-login
INFO:portal_qr_worker:[_do_login] username filled with selector: input[type="text"]
INFO:portal_qr_worker:[_do_login] password filled with selector: input[type="password"]
INFO:portal_qr_worker:[_do_login] clicked login button: button:has-text("đăng nhập")
INFO:portal_qr_worker:[_detect_page_state] body_text_sample='tra cuu thong tin\nhuong dan su dung\nang xuat\ntra cuu thong tin\nhello, tran thuy bi\nso giay phat hanh\n490\nkhu vuc phia nam\n329\nkhu vuc phia bac\n161\nso giay huy\n2\ntim theo so hop ong\ntim theo so hop ong'
INFO:portal_qr_worker:[_do_login] Dashboard appeared after login
INFO:portal_qr_worker:[open_portal] Login successful
INFO:portal_qr_worker:[_detect_page_state] body_text_sample='tra cuu thong tin\nhuong dan su dung\nang xuat\ntra cuu thong tin\nhello, tran thuy bi\nso giay phat hanh\n490\nkhu vuc phia nam\n329\nkhu vuc phia bac\n161\nso giay huy\n2\ntim theo so hop ong\ntim theo so hop ong'
INFO:portal_qr_worker:[open_portal] Dashboard detected after login — starting watcher
INFO:portal_qr_worker:[_start_watcher] Starting watcher at stage=AFTER_LOGIN_DASHBOARD
INFO:portal_qr_worker:[_watch_for_create_form] Starting watcher: poll_interval=400ms, timeout=120s
WARNING:portal_qr_worker:[_watch_for_create_form] Page is closed
INFO:portal_qr_worker:[_watch_for_create_form] TIMEOUT after 19 polls (7600ms)
INFO:portal_qr_worker:[_start_watcher] Watcher timeout — user did not click 'Thêm mới' within 120s
INFO:portal_qr_worker:[_start_watcher] Disconnected — Chrome still running
INFO:portal_qr_worker:[worker] Action 'open_portal' result: ok=True, status=LOGIN_SUCCESS_WAITING_FOR_FORM
INFO:portal_qr_worker:[worker] Dispatching action='open_portal'
INFO:portal_qr_worker:[open_portal] Starting
INFO:portal_qr_worker:[_ensure_browser] Starting Chrome: C:\Program Files\Google\Chrome\Application\chrome.exe
INFO:portal_qr_worker:[_ensure_browser] Chrome started, WS URL: ws://127.0.0.1:9229/devtools/browser/b5a3ce70-31a1-4dbc-a1d6-aba96ba4f817
INFO:portal_qr_worker:[QR_PAGES] idx=0 type=portal url=http://14.241.251.220:7879/ title=Background App
INFO:portal_qr_worker:[QR_SELECTED_PAGE] idx=0 url=http://14.241.251.220:7879/ reason=portal_url_found
INFO:portal_qr_worker:[open_portal] Selected page URL: http://14.241.251.220:7879/
INFO:portal_qr_worker:[open_portal] Already on portal URL: http://14.241.251.220:7879/
INFO:portal_qr_worker:[_detect_page_state] body_text_sample='ang nhap\ntai khoan\ntai khoan\nmat khau\nmat khau\nhien thi mat khau\nang nhap'
INFO:portal_qr_worker:[open_portal] page_state=login, URL=http://14.241.251.220:7879/
INFO:portal_qr_worker:[open_portal] On login page — auto-login
INFO:portal_qr_worker:[_do_login] username filled with selector: input[type="text"]
INFO:portal_qr_worker:[_do_login] password filled with selector: input[type="password"]
INFO:portal_qr_worker:[_do_login] clicked login button: button:has-text("đăng nhập")
INFO:portal_qr_worker:[_detect_page_state] body_text_sample='tra cuu thong tin\nhuong dan su dung\nang xuat\ntra cuu thong tin\nhello, tran thuy bi\nso giay phat hanh\n491\nkhu vuc phia nam\n329\nkhu vuc phia bac\n162\nso giay huy\n2\ntim theo so hop ong\ntim theo so hop ong'
INFO:portal_qr_worker:[_do_login] Dashboard appeared after login
INFO:portal_qr_worker:[open_portal] Login successful
INFO:portal_qr_worker:[_detect_page_state] body_text_sample='tra cuu thong tin\nhuong dan su dung\nang xuat\ntra cuu thong tin\nhello, tran thuy bi\nso giay phat hanh\n491\nkhu vuc phia nam\n329\nkhu vuc phia bac\n162\nso giay huy\n2\ntim theo so hop ong\ntim theo so hop ong'
INFO:portal_qr_worker:[open_portal] Dashboard detected after login — starting watcher
INFO:portal_qr_worker:[_start_watcher] Starting watcher at stage=AFTER_LOGIN_DASHBOARD
INFO:portal_qr_worker:[_watch_for_create_form] Starting watcher: poll_interval=400ms, timeout=120s
WARNING:portal_qr_worker:[_watch_for_create_form] Page is closed
INFO:portal_qr_worker:[_watch_for_create_form] TIMEOUT after 28 polls (11200ms)
INFO:portal_qr_worker:[_start_watcher] Watcher timeout — user did not click 'Thêm mới' within 120s
INFO:portal_qr_worker:[_start_watcher] Disconnected — Chrome still running
INFO:portal_qr_worker:[worker] Action 'open_portal' result: ok=True, status=LOGIN_SUCCESS_WAITING_FOR_FORM
INFO:portal_qr_worker:[worker] Dispatching action='open_portal'
INFO:portal_qr_worker:[open_portal] Starting
INFO:portal_qr_worker:[_ensure_browser] Starting Chrome: C:\Program Files\Google\Chrome\Application\chrome.exe
INFO:portal_qr_worker:[_ensure_browser] Chrome started, WS URL: ws://127.0.0.1:9229/devtools/browser/e8f07278-0c54-498f-b05d-388bb7fcd8f3
INFO:portal_qr_worker:[QR_PAGES] idx=0 type=portal url=http://14.241.251.220:7879/ title=Background App
INFO:portal_qr_worker:[QR_SELECTED_PAGE] idx=0 url=http://14.241.251.220:7879/ reason=portal_url_found
INFO:portal_qr_worker:[open_portal] Selected page URL: http://14.241.251.220:7879/
INFO:portal_qr_worker:[open_portal] Already on portal URL: http://14.241.251.220:7879/
INFO:portal_qr_worker:[_detect_page_state] body_text_sample='ang nhap\ntai khoan\ntai khoan\nmat khau\nmat khau\nhien thi mat khau\nang nhap'
INFO:portal_qr_worker:[open_portal] page_state=login, URL=http://14.241.251.220:7879/
INFO:portal_qr_worker:[open_portal] On login page — auto-login
INFO:portal_qr_worker:[_do_login] username filled with selector: input[type="text"]
INFO:portal_qr_worker:[_do_login] password filled with selector: input[type="password"]
INFO:portal_qr_worker:[_do_login] clicked login button: button:has-text("đăng nhập")
INFO:portal_qr_worker:[_detect_page_state] body_text_sample='tra cuu thong tin\nhuong dan su dung\nang xuat\ntra cuu thong tin\nhello, dao pham anh tuan\nso giay phat hanh\n491\nkhu vuc phia nam\n329\nkhu vuc phia bac\n162\nso giay huy\n2\ntim theo so hop ong\ntim theo so ho'
INFO:portal_qr_worker:[_do_login] Dashboard appeared after login
INFO:portal_qr_worker:[open_portal] Login successful
INFO:portal_qr_worker:[_detect_page_state] body_text_sample='tra cuu thong tin\nhuong dan su dung\nang xuat\ntra cuu thong tin\nhello, dao pham anh tuan\nso giay phat hanh\n491\nkhu vuc phia nam\n329\nkhu vuc phia bac\n162\nso giay huy\n2\ntim theo so hop ong\ntim theo so ho'
INFO:portal_qr_worker:[open_portal] Dashboard detected after login — starting watcher
INFO:portal_qr_worker:[_start_watcher] Starting watcher at stage=AFTER_LOGIN_DASHBOARD
INFO:portal_qr_worker:[_watch_for_create_form] Starting watcher: poll_interval=400ms, timeout=120s
WARNING:portal_qr_worker:[_watch_for_create_form] Page is closed
INFO:portal_qr_worker:[_watch_for_create_form] TIMEOUT after 4 polls (1600ms)
INFO:portal_qr_worker:[_start_watcher] Watcher timeout — user did not click 'Thêm mới' within 120s
INFO:portal_qr_worker:[_start_watcher] Disconnected — Chrome still running
INFO:portal_qr_worker:[worker] Action 'open_portal' result: ok=True, status=LOGIN_SUCCESS_WAITING_FOR_FORM
INFO:portal_qr_worker:[worker] Dispatching action='open_portal'
INFO:portal_qr_worker:[open_portal] Starting
INFO:portal_qr_worker:[_kill_qr_browser] Killed process using port 9229: 0
INFO:portal_qr_worker:[_ensure_browser] Starting Chrome: C:\Program Files\Google\Chrome\Application\chrome.exe
INFO:portal_qr_worker:[_ensure_browser] Chrome started, WS URL: ws://127.0.0.1:9229/devtools/browser/3037008f-71dd-49af-b8ec-62b2a8795781
INFO:portal_qr_worker:[QR_PAGES] idx=0 type=portal url=http://14.241.251.220:7879/ title=Background App
INFO:portal_qr_worker:[QR_SELECTED_PAGE] idx=0 url=http://14.241.251.220:7879/ reason=portal_url_found
INFO:portal_qr_worker:[open_portal] Selected page URL: http://14.241.251.220:7879/
INFO:portal_qr_worker:[open_portal] Already on portal URL: http://14.241.251.220:7879/
INFO:portal_qr_worker:[_detect_page_state] body_text_sample='ang nhap\ntai khoan\ntai khoan\nmat khau\nmat khau\nhien thi mat khau\nang nhap'
INFO:portal_qr_worker:[open_portal] page_state=login, URL=http://14.241.251.220:7879/
INFO:portal_qr_worker:[open_portal] On login page — auto-login
INFO:portal_qr_worker:[_do_login] username filled with selector: input[type="text"]
INFO:portal_qr_worker:[_do_login] password filled with selector: input[type="password"]
INFO:portal_qr_worker:[_do_login] clicked login button: button:has-text("đăng nhập")
INFO:portal_qr_worker:[_detect_page_state] body_text_sample='tra cuu thong tin\nhuong dan su dung\nang xuat\ntra cuu thong tin\nhello, dao pham anh tuan\nso giay phat hanh\n491\nkhu vuc phia nam\n329\nkhu vuc phia bac\n162\nso giay huy\n2\ntim theo so hop ong\ntim theo so ho'
INFO:portal_qr_worker:[_do_login] Dashboard appeared after login
INFO:portal_qr_worker:[open_portal] Login successful
INFO:portal_qr_worker:[_detect_page_state] body_text_sample='tra cuu thong tin\nhuong dan su dung\nang xuat\ntra cuu thong tin\nhello, dao pham anh tuan\nso giay phat hanh\n491\nkhu vuc phia nam\n329\nkhu vuc phia bac\n162\nso giay huy\n2\ntim theo so hop ong\ntim theo so ho'
INFO:portal_qr_worker:[open_portal] Dashboard detected after login — starting watcher
INFO:portal_qr_worker:[_start_watcher] Starting watcher at stage=AFTER_LOGIN_DASHBOARD
INFO:portal_qr_worker:[_watch_for_create_form] Starting watcher: poll_interval=400ms, timeout=120s
WARNING:portal_qr_worker:[_watch_for_create_form] Page is closed
INFO:portal_qr_worker:[_watch_for_create_form] TIMEOUT after 7 polls (2800ms)
INFO:portal_qr_worker:[_start_watcher] Watcher timeout — user did not click 'Thêm mới' within 120s
INFO:portal_qr_worker:[_start_watcher] Disconnected — Chrome still running
INFO:portal_qr_worker:[worker] Action 'open_portal' result: ok=True, status=LOGIN_SUCCESS_WAITING_FOR_FORM
INFO:portal_qr_worker:[worker] Dispatching action='open_portal'
INFO:portal_qr_worker:[open_portal] Starting
INFO:portal_qr_worker:[_ensure_browser] Starting Chrome: C:\Program Files\Google\Chrome\Application\chrome.exe
INFO:portal_qr_worker:[_ensure_browser] Chrome started, WS URL: ws://127.0.0.1:9229/devtools/browser/a7ebd0a1-83c3-4935-8fb4-ffaff94ae06f
INFO:portal_qr_worker:[QR_PAGES] idx=0 type=portal url=http://14.241.251.220:7879/ title=Background App
INFO:portal_qr_worker:[QR_SELECTED_PAGE] idx=0 url=http://14.241.251.220:7879/ reason=portal_url_found
INFO:portal_qr_worker:[open_portal] Selected page URL: http://14.241.251.220:7879/
INFO:portal_qr_worker:[open_portal] Already on portal URL: http://14.241.251.220:7879/
INFO:portal_qr_worker:[_detect_page_state] body_text_sample='ang nhap\ntai khoan\ntai khoan\nmat khau\nmat khau\nhien thi mat khau\nang nhap'
INFO:portal_qr_worker:[open_portal] page_state=login, URL=http://14.241.251.220:7879/
INFO:portal_qr_worker:[open_portal] On login page — auto-login
INFO:portal_qr_worker:[_do_login] username filled with selector: input[type="text"]
INFO:portal_qr_worker:[_do_login] password filled with selector: input[type="password"]
INFO:portal_qr_worker:[_do_login] clicked login button: button:has-text("đăng nhập")
INFO:portal_qr_worker:[_detect_page_state] body_text_sample='tra cuu thong tin\nhuong dan su dung\nang xuat\ntra cuu thong tin\nhello, tran thuy bi\nso giay phat hanh\n491\nkhu vuc phia nam\n329\nkhu vuc phia bac\n162\nso giay huy\n2\ntim theo so hop ong\ntim theo so hop ong'
INFO:portal_qr_worker:[_do_login] Dashboard appeared after login
INFO:portal_qr_worker:[open_portal] Login successful
INFO:portal_qr_worker:[_detect_page_state] body_text_sample='tra cuu thong tin\nhuong dan su dung\nang xuat\ntra cuu thong tin\nhello, tran thuy bi\nso giay phat hanh\n491\nkhu vuc phia nam\n329\nkhu vuc phia bac\n162\nso giay huy\n2\ntim theo so hop ong\ntim theo so hop ong'
INFO:portal_qr_worker:[open_portal] Dashboard detected after login — starting watcher
INFO:portal_qr_worker:[_start_watcher] Starting watcher at stage=AFTER_LOGIN_DASHBOARD
INFO:portal_qr_worker:[_watch_for_create_form] Starting watcher: poll_interval=400ms, timeout=120s
WARNING:portal_qr_worker:[_watch_for_create_form] Page is closed
INFO:portal_qr_worker:[_watch_for_create_form] TIMEOUT after 186 polls (74400ms)
INFO:portal_qr_worker:[_start_watcher] Watcher timeout — user did not click 'Thêm mới' within 120s
INFO:portal_qr_worker:[_start_watcher] Disconnected — Chrome still running
INFO:portal_qr_worker:[worker] Action 'open_portal' result: ok=True, status=LOGIN_SUCCESS_WAITING_FOR_FORM
