INFO:     Will watch for changes in these directories: ['F:\\APPs\\backend']
INFO:     Uvicorn running on http://0.0.0.0:8000 (Press CTRL+C to quit)
INFO:     Started reloader process [37312] using WatchFiles
INFO:     Started server process [14768]
INFO:     Waiting for application startup.
INFO:     Application startup complete.
22:21:16 app.api.contracts WARNING [LIST_API] id=4303 contract_no=0989/2026/HĐQTGAN-PN/PR royalty_before_vat=23961600 so_tien_value=25878528
22:21:16 app.api.contracts WARNING [LIST_API] id=4302 contract_no=0984/2026/HĐQTGAN-PN/PR royalty_before_vat=40809600 so_tien_value=44074368
22:21:16 app.api.contracts WARNING [LIST_API] id=4301 contract_no=0978/2026/HĐQTGAN-PN/PR royalty_before_vat=17971200 so_tien_value=19408896
22:21:16 app.api.contracts WARNING [LIST_API] id=4300 contract_no=0967/2026/HĐQTGAN-PN/PR royalty_before_vat=7488000 so_tien_value=8087040
22:21:16 app.api.contracts WARNING [LIST_API] id=4299 contract_no=0960/2026/HĐQTGAN-PN/PR royalty_before_vat=98467200 so_tien_value=106344576
22:21:16 app.api.contracts WARNING [LIST_API] id=4298 contract_no=0956/2026/HĐQTGAN-PN/PR royalty_before_vat=43430400 so_tien_value=46904832
22:21:16 app.api.contracts WARNING [LIST_API] id=4297 contract_no=0954/2026/HĐQTGAN-PN/PR royalty_before_vat=64396800 so_tien_value=69548544
22:21:16 app.api.contracts WARNING [LIST_API] id=4296 contract_no=0945/2026/HĐQTGAN-PN/PR royalty_before_vat=59155200 so_tien_value=63887616
22:21:16 app.api.contracts WARNING [LIST_API] id=4295 contract_no=0942/2026/HĐQTGAN-PN/PR royalty_before_vat=82742400 so_tien_value=89361792
22:21:16 app.api.contracts WARNING [LIST_API] id=4294 contract_no=0940/2026/HĐQTGAN-PN/PR royalty_before_vat=64396800 so_tien_value=69548544
22:21:16 app.api.contracts WARNING [LIST_API] id=4293 contract_no=0925/2026/HĐQTGAN-PN/PR royalty_before_vat=17784000 so_tien_value=19206720
22:21:16 app.api.contracts WARNING [LIST_API] id=4292 contract_no=0924/2026/HĐQTGAN-PN/PR royalty_before_vat=24336000 so_tien_value=26282880
22:21:16 app.api.contracts WARNING [LIST_API] id=4291 contract_no=0919/2026/HĐQTGAN-PN/PR royalty_before_vat=36129600 so_tien_value=39019968
22:21:16 app.api.contracts WARNING [LIST_API] id=4290 contract_no=0918/2026/HĐQTGAN-PN/PR royalty_before_vat=38750400 so_tien_value=41850432
22:21:16 app.api.contracts WARNING [LIST_API] id=4289 contract_no=0917/2026/HĐQTGAN-PN/PR royalty_before_vat=21715200 so_tien_value=23452416
22:21:16 app.api.contracts WARNING [LIST_API] id=4288 contract_no=0935/2026/HĐQTGAN-PN/PR royalty_before_vat=17784000 so_tien_value=19206720
22:21:16 app.api.contracts WARNING [LIST_API] id=4287 contract_no=0915/2026/HĐQTGAN-PN/PR royalty_before_vat=37440000 so_tien_value=40435200
22:21:16 app.api.contracts WARNING [LIST_API] id=4286 contract_no=0909/2026/HĐQTGAN-PN/PR royalty_before_vat=13478400 so_tien_value=14556672
22:21:16 app.api.contracts WARNING [LIST_API] id=4285 contract_no=0907/2026/HĐQTGAN-PN/PR royalty_before_vat=21715200 so_tien_value=23452416
22:21:16 app.api.contracts WARNING [LIST_API] id=4284 contract_no=0905/2026/HĐQTGAN-PN/PR royalty_before_vat=25646400 so_tien_value=27698112
22:21:16 app.api.contracts WARNING [LIST_API] id=4283 contract_no=0892/2026/HĐQTGAN-PN/PR royalty_before_vat=11980800 so_tien_value=12939264
22:21:16 app.api.contracts WARNING [LIST_API] id=4282 contract_no=0879/2026/HĐQTGAN-PN/PR royalty_before_vat=8424000 so_tien_value=9097920
22:21:16 app.api.contracts WARNING [LIST_API] id=4281 contract_no=0867/2026/HĐQTGAN-PN/PR royalty_before_vat=37440000 so_tien_value=40435200
22:21:16 app.api.contracts WARNING [LIST_API] id=4280 contract_no=0861/2026/HĐQTGAN-PN/PR royalty_before_vat=45302400 so_tien_value=48926592
22:21:16 app.api.contracts WARNING [LIST_API] id=4279 contract_no=0857/2026/HĐQTGAN-PN/PR royalty_before_vat=19094400 so_tien_value=20621952
22:21:16 app.api.contracts WARNING [LIST_API] id=4278 contract_no=0870/2026/HĐQTGAN-PN/PR royalty_before_vat=7488000 so_tien_value=8087040
22:21:16 app.api.contracts WARNING [LIST_API] id=4277 contract_no=0887/2026/HĐQTGAN-PN/PR royalty_before_vat=29952000 so_tien_value=32348160
22:21:16 app.api.contracts WARNING [LIST_API] id=4276 contract_no=0889/2026/HĐQTGAN-PN/PR royalty_before_vat=17971200 so_tien_value=19408896
22:21:16 app.api.contracts WARNING [LIST_API] id=4275 contract_no=0895/2026/HĐQTGAN-PN/PR royalty_before_vat=38188800 so_tien_value=41243904
22:21:16 app.api.contracts WARNING [LIST_API] id=4274 contract_no=0893/2026/HĐQTGAN-PN/PR royalty_before_vat=40809600 so_tien_value=44074368
22:53:41 app.api.contracts WARNING [LIST_API] id=4303 contract_no=0989/2026/HĐQTGAN-PN/PR royalty_before_vat=23961600 so_tien_value=25878528
22:53:41 app.api.contracts WARNING [LIST_API] id=4302 contract_no=0984/2026/HĐQTGAN-PN/PR royalty_before_vat=40809600 so_tien_value=44074368
22:53:41 app.api.contracts WARNING [LIST_API] id=4301 contract_no=0978/2026/HĐQTGAN-PN/PR royalty_before_vat=17971200 so_tien_value=19408896
22:53:41 app.api.contracts WARNING [LIST_API] id=4300 contract_no=0967/2026/HĐQTGAN-PN/PR royalty_before_vat=7488000 so_tien_value=8087040
22:53:41 app.api.contracts WARNING [LIST_API] id=4299 contract_no=0960/2026/HĐQTGAN-PN/PR royalty_before_vat=98467200 so_tien_value=106344576
22:53:41 app.api.contracts WARNING [LIST_API] id=4298 contract_no=0956/2026/HĐQTGAN-PN/PR royalty_before_vat=43430400 so_tien_value=46904832
22:53:41 app.api.contracts WARNING [LIST_API] id=4297 contract_no=0954/2026/HĐQTGAN-PN/PR royalty_before_vat=64396800 so_tien_value=69548544
22:53:41 app.api.contracts WARNING [LIST_API] id=4296 contract_no=0945/2026/HĐQTGAN-PN/PR royalty_before_vat=59155200 so_tien_value=63887616
22:53:41 app.api.contracts WARNING [LIST_API] id=4295 contract_no=0942/2026/HĐQTGAN-PN/PR royalty_before_vat=82742400 so_tien_value=89361792
22:53:41 app.api.contracts WARNING [LIST_API] id=4294 contract_no=0940/2026/HĐQTGAN-PN/PR royalty_before_vat=64396800 so_tien_value=69548544
22:53:41 app.api.contracts WARNING [LIST_API] id=4293 contract_no=0925/2026/HĐQTGAN-PN/PR royalty_before_vat=17784000 so_tien_value=19206720
22:53:41 app.api.contracts WARNING [LIST_API] id=4292 contract_no=0924/2026/HĐQTGAN-PN/PR royalty_before_vat=24336000 so_tien_value=26282880
22:53:41 app.api.contracts WARNING [LIST_API] id=4291 contract_no=0919/2026/HĐQTGAN-PN/PR royalty_before_vat=36129600 so_tien_value=39019968
22:53:41 app.api.contracts WARNING [LIST_API] id=4290 contract_no=0918/2026/HĐQTGAN-PN/PR royalty_before_vat=38750400 so_tien_value=41850432
22:53:41 app.api.contracts WARNING [LIST_API] id=4289 contract_no=0917/2026/HĐQTGAN-PN/PR royalty_before_vat=21715200 so_tien_value=23452416
22:53:41 app.api.contracts WARNING [LIST_API] id=4288 contract_no=0935/2026/HĐQTGAN-PN/PR royalty_before_vat=17784000 so_tien_value=19206720
22:53:41 app.api.contracts WARNING [LIST_API] id=4287 contract_no=0915/2026/HĐQTGAN-PN/PR royalty_before_vat=37440000 so_tien_value=40435200
22:53:41 app.api.contracts WARNING [LIST_API] id=4286 contract_no=0909/2026/HĐQTGAN-PN/PR royalty_before_vat=13478400 so_tien_value=14556672
22:53:41 app.api.contracts WARNING [LIST_API] id=4285 contract_no=0907/2026/HĐQTGAN-PN/PR royalty_before_vat=21715200 so_tien_value=23452416
22:53:41 app.api.contracts WARNING [LIST_API] id=4284 contract_no=0905/2026/HĐQTGAN-PN/PR royalty_before_vat=25646400 so_tien_value=27698112
22:53:41 app.api.contracts WARNING [LIST_API] id=4283 contract_no=0892/2026/HĐQTGAN-PN/PR royalty_before_vat=11980800 so_tien_value=12939264
22:53:41 app.api.contracts WARNING [LIST_API] id=4282 contract_no=0879/2026/HĐQTGAN-PN/PR royalty_before_vat=8424000 so_tien_value=9097920
22:53:41 app.api.contracts WARNING [LIST_API] id=4281 contract_no=0867/2026/HĐQTGAN-PN/PR royalty_before_vat=37440000 so_tien_value=40435200
22:53:41 app.api.contracts WARNING [LIST_API] id=4280 contract_no=0861/2026/HĐQTGAN-PN/PR royalty_before_vat=45302400 so_tien_value=48926592
22:53:41 app.api.contracts WARNING [LIST_API] id=4279 contract_no=0857/2026/HĐQTGAN-PN/PR royalty_before_vat=19094400 so_tien_value=20621952
22:53:41 app.api.contracts WARNING [LIST_API] id=4278 contract_no=0870/2026/HĐQTGAN-PN/PR royalty_before_vat=7488000 so_tien_value=8087040
22:53:41 app.api.contracts WARNING [LIST_API] id=4277 contract_no=0887/2026/HĐQTGAN-PN/PR royalty_before_vat=29952000 so_tien_value=32348160
22:53:41 app.api.contracts WARNING [LIST_API] id=4276 contract_no=0889/2026/HĐQTGAN-PN/PR royalty_before_vat=17971200 so_tien_value=19408896
22:53:41 app.api.contracts WARNING [LIST_API] id=4275 contract_no=0895/2026/HĐQTGAN-PN/PR royalty_before_vat=38188800 so_tien_value=41243904
22:53:41 app.api.contracts WARNING [LIST_API] id=4274 contract_no=0893/2026/HĐQTGAN-PN/PR royalty_before_vat=40809600 so_tien_value=44074368
08:20:06 app.api.contracts WARNING [LIST_API] id=4303 contract_no=0989/2026/HĐQTGAN-PN/PR royalty_before_vat=23961600 so_tien_value=25878528
08:20:06 app.api.contracts WARNING [LIST_API] id=4302 contract_no=0984/2026/HĐQTGAN-PN/PR royalty_before_vat=40809600 so_tien_value=44074368
08:20:06 app.api.contracts WARNING [LIST_API] id=4301 contract_no=0978/2026/HĐQTGAN-PN/PR royalty_before_vat=17971200 so_tien_value=19408896
08:20:06 app.api.contracts WARNING [LIST_API] id=4300 contract_no=0967/2026/HĐQTGAN-PN/PR royalty_before_vat=7488000 so_tien_value=8087040
08:20:06 app.api.contracts WARNING [LIST_API] id=4299 contract_no=0960/2026/HĐQTGAN-PN/PR royalty_before_vat=98467200 so_tien_value=106344576
08:20:06 app.api.contracts WARNING [LIST_API] id=4298 contract_no=0956/2026/HĐQTGAN-PN/PR royalty_before_vat=43430400 so_tien_value=46904832
08:20:06 app.api.contracts WARNING [LIST_API] id=4297 contract_no=0954/2026/HĐQTGAN-PN/PR royalty_before_vat=64396800 so_tien_value=69548544
08:20:06 app.api.contracts WARNING [LIST_API] id=4296 contract_no=0945/2026/HĐQTGAN-PN/PR royalty_before_vat=59155200 so_tien_value=63887616
08:20:06 app.api.contracts WARNING [LIST_API] id=4295 contract_no=0942/2026/HĐQTGAN-PN/PR royalty_before_vat=82742400 so_tien_value=89361792
08:20:06 app.api.contracts WARNING [LIST_API] id=4294 contract_no=0940/2026/HĐQTGAN-PN/PR royalty_before_vat=64396800 so_tien_value=69548544
08:20:06 app.api.contracts WARNING [LIST_API] id=4293 contract_no=0925/2026/HĐQTGAN-PN/PR royalty_before_vat=17784000 so_tien_value=19206720
08:20:06 app.api.contracts WARNING [LIST_API] id=4292 contract_no=0924/2026/HĐQTGAN-PN/PR royalty_before_vat=24336000 so_tien_value=26282880
08:20:06 app.api.contracts WARNING [LIST_API] id=4291 contract_no=0919/2026/HĐQTGAN-PN/PR royalty_before_vat=36129600 so_tien_value=39019968
08:20:06 app.api.contracts WARNING [LIST_API] id=4290 contract_no=0918/2026/HĐQTGAN-PN/PR royalty_before_vat=38750400 so_tien_value=41850432
08:20:06 app.api.contracts WARNING [LIST_API] id=4289 contract_no=0917/2026/HĐQTGAN-PN/PR royalty_before_vat=21715200 so_tien_value=23452416
08:20:06 app.api.contracts WARNING [LIST_API] id=4288 contract_no=0935/2026/HĐQTGAN-PN/PR royalty_before_vat=17784000 so_tien_value=19206720
08:20:07 app.api.contracts WARNING [LIST_API] id=4287 contract_no=0915/2026/HĐQTGAN-PN/PR royalty_before_vat=37440000 so_tien_value=40435200
08:20:07 app.api.contracts WARNING [LIST_API] id=4286 contract_no=0909/2026/HĐQTGAN-PN/PR royalty_before_vat=13478400 so_tien_value=14556672
08:20:07 app.api.contracts WARNING [LIST_API] id=4285 contract_no=0907/2026/HĐQTGAN-PN/PR royalty_before_vat=21715200 so_tien_value=23452416
08:20:07 app.api.contracts WARNING [LIST_API] id=4284 contract_no=0905/2026/HĐQTGAN-PN/PR royalty_before_vat=25646400 so_tien_value=27698112
08:20:07 app.api.contracts WARNING [LIST_API] id=4283 contract_no=0892/2026/HĐQTGAN-PN/PR royalty_before_vat=11980800 so_tien_value=12939264
08:20:07 app.api.contracts WARNING [LIST_API] id=4282 contract_no=0879/2026/HĐQTGAN-PN/PR royalty_before_vat=8424000 so_tien_value=9097920
08:20:07 app.api.contracts WARNING [LIST_API] id=4281 contract_no=0867/2026/HĐQTGAN-PN/PR royalty_before_vat=37440000 so_tien_value=40435200
08:20:07 app.api.contracts WARNING [LIST_API] id=4280 contract_no=0861/2026/HĐQTGAN-PN/PR royalty_before_vat=45302400 so_tien_value=48926592
08:20:07 app.api.contracts WARNING [LIST_API] id=4279 contract_no=0857/2026/HĐQTGAN-PN/PR royalty_before_vat=19094400 so_tien_value=20621952
08:20:07 app.api.contracts WARNING [LIST_API] id=4278 contract_no=0870/2026/HĐQTGAN-PN/PR royalty_before_vat=7488000 so_tien_value=8087040
08:20:07 app.api.contracts WARNING [LIST_API] id=4277 contract_no=0887/2026/HĐQTGAN-PN/PR royalty_before_vat=29952000 so_tien_value=32348160
08:20:07 app.api.contracts WARNING [LIST_API] id=4276 contract_no=0889/2026/HĐQTGAN-PN/PR royalty_before_vat=17971200 so_tien_value=19408896
08:20:07 app.api.contracts WARNING [LIST_API] id=4275 contract_no=0895/2026/HĐQTGAN-PN/PR royalty_before_vat=38188800 so_tien_value=41243904
08:20:07 app.api.contracts WARNING [LIST_API] id=4274 contract_no=0893/2026/HĐQTGAN-PN/PR royalty_before_vat=40809600 so_tien_value=44074368
08:26:31 app.api.contracts WARNING [LIST_API] id=4303 contract_no=0989/2026/HĐQTGAN-PN/PR royalty_before_vat=23961600 so_tien_value=25878528
08:26:31 app.api.contracts WARNING [LIST_API] id=4302 contract_no=0984/2026/HĐQTGAN-PN/PR royalty_before_vat=40809600 so_tien_value=44074368
08:26:31 app.api.contracts WARNING [LIST_API] id=4301 contract_no=0978/2026/HĐQTGAN-PN/PR royalty_before_vat=17971200 so_tien_value=19408896
08:26:31 app.api.contracts WARNING [LIST_API] id=4300 contract_no=0967/2026/HĐQTGAN-PN/PR royalty_before_vat=7488000 so_tien_value=8087040
08:26:31 app.api.contracts WARNING [LIST_API] id=4299 contract_no=0960/2026/HĐQTGAN-PN/PR royalty_before_vat=98467200 so_tien_value=106344576
08:26:31 app.api.contracts WARNING [LIST_API] id=4298 contract_no=0956/2026/HĐQTGAN-PN/PR royalty_before_vat=43430400 so_tien_value=46904832
08:26:31 app.api.contracts WARNING [LIST_API] id=4297 contract_no=0954/2026/HĐQTGAN-PN/PR royalty_before_vat=64396800 so_tien_value=69548544
08:26:31 app.api.contracts WARNING [LIST_API] id=4296 contract_no=0945/2026/HĐQTGAN-PN/PR royalty_before_vat=59155200 so_tien_value=63887616
08:26:31 app.api.contracts WARNING [LIST_API] id=4295 contract_no=0942/2026/HĐQTGAN-PN/PR royalty_before_vat=82742400 so_tien_value=89361792
08:26:31 app.api.contracts WARNING [LIST_API] id=4294 contract_no=0940/2026/HĐQTGAN-PN/PR royalty_before_vat=64396800 so_tien_value=69548544
08:26:31 app.api.contracts WARNING [LIST_API] id=4293 contract_no=0925/2026/HĐQTGAN-PN/PR royalty_before_vat=17784000 so_tien_value=19206720
08:26:31 app.api.contracts WARNING [LIST_API] id=4292 contract_no=0924/2026/HĐQTGAN-PN/PR royalty_before_vat=24336000 so_tien_value=26282880
08:26:31 app.api.contracts WARNING [LIST_API] id=4291 contract_no=0919/2026/HĐQTGAN-PN/PR royalty_before_vat=36129600 so_tien_value=39019968
08:26:31 app.api.contracts WARNING [LIST_API] id=4290 contract_no=0918/2026/HĐQTGAN-PN/PR royalty_before_vat=38750400 so_tien_value=41850432
08:26:31 app.api.contracts WARNING [LIST_API] id=4289 contract_no=0917/2026/HĐQTGAN-PN/PR royalty_before_vat=21715200 so_tien_value=23452416
08:26:31 app.api.contracts WARNING [LIST_API] id=4288 contract_no=0935/2026/HĐQTGAN-PN/PR royalty_before_vat=17784000 so_tien_value=19206720
08:26:31 app.api.contracts WARNING [LIST_API] id=4287 contract_no=0915/2026/HĐQTGAN-PN/PR royalty_before_vat=37440000 so_tien_value=40435200
08:26:31 app.api.contracts WARNING [LIST_API] id=4286 contract_no=0909/2026/HĐQTGAN-PN/PR royalty_before_vat=13478400 so_tien_value=14556672
08:26:31 app.api.contracts WARNING [LIST_API] id=4285 contract_no=0907/2026/HĐQTGAN-PN/PR royalty_before_vat=21715200 so_tien_value=23452416
08:26:31 app.api.contracts WARNING [LIST_API] id=4284 contract_no=0905/2026/HĐQTGAN-PN/PR royalty_before_vat=25646400 so_tien_value=27698112
08:26:31 app.api.contracts WARNING [LIST_API] id=4283 contract_no=0892/2026/HĐQTGAN-PN/PR royalty_before_vat=11980800 so_tien_value=12939264
08:26:31 app.api.contracts WARNING [LIST_API] id=4282 contract_no=0879/2026/HĐQTGAN-PN/PR royalty_before_vat=8424000 so_tien_value=9097920
08:26:31 app.api.contracts WARNING [LIST_API] id=4281 contract_no=0867/2026/HĐQTGAN-PN/PR royalty_before_vat=37440000 so_tien_value=40435200
08:26:31 app.api.contracts WARNING [LIST_API] id=4280 contract_no=0861/2026/HĐQTGAN-PN/PR royalty_before_vat=45302400 so_tien_value=48926592
08:26:31 app.api.contracts WARNING [LIST_API] id=4279 contract_no=0857/2026/HĐQTGAN-PN/PR royalty_before_vat=19094400 so_tien_value=20621952
08:26:31 app.api.contracts WARNING [LIST_API] id=4278 contract_no=0870/2026/HĐQTGAN-PN/PR royalty_before_vat=7488000 so_tien_value=8087040
08:26:31 app.api.contracts WARNING [LIST_API] id=4277 contract_no=0887/2026/HĐQTGAN-PN/PR royalty_before_vat=29952000 so_tien_value=32348160
08:26:31 app.api.contracts WARNING [LIST_API] id=4276 contract_no=0889/2026/HĐQTGAN-PN/PR royalty_before_vat=17971200 so_tien_value=19408896
08:26:31 app.api.contracts WARNING [LIST_API] id=4275 contract_no=0895/2026/HĐQTGAN-PN/PR royalty_before_vat=38188800 so_tien_value=41243904
08:26:31 app.api.contracts WARNING [LIST_API] id=4274 contract_no=0893/2026/HĐQTGAN-PN/PR royalty_before_vat=40809600 so_tien_value=44074368
08:26:37 app.api.contracts WARNING [LIST_API] id=4303 contract_no=0989/2026/HĐQTGAN-PN/PR royalty_before_vat=23961600 so_tien_value=25878528
08:26:37 app.api.contracts WARNING [LIST_API] id=4302 contract_no=0984/2026/HĐQTGAN-PN/PR royalty_before_vat=40809600 so_tien_value=44074368
08:26:37 app.api.contracts WARNING [LIST_API] id=4301 contract_no=0978/2026/HĐQTGAN-PN/PR royalty_before_vat=17971200 so_tien_value=19408896
08:26:37 app.api.contracts WARNING [LIST_API] id=4300 contract_no=0967/2026/HĐQTGAN-PN/PR royalty_before_vat=7488000 so_tien_value=8087040
08:26:37 app.api.contracts WARNING [LIST_API] id=4299 contract_no=0960/2026/HĐQTGAN-PN/PR royalty_before_vat=98467200 so_tien_value=106344576
08:26:37 app.api.contracts WARNING [LIST_API] id=4298 contract_no=0956/2026/HĐQTGAN-PN/PR royalty_before_vat=43430400 so_tien_value=46904832
08:26:37 app.api.contracts WARNING [LIST_API] id=4297 contract_no=0954/2026/HĐQTGAN-PN/PR royalty_before_vat=64396800 so_tien_value=69548544
08:26:37 app.api.contracts WARNING [LIST_API] id=4296 contract_no=0945/2026/HĐQTGAN-PN/PR royalty_before_vat=59155200 so_tien_value=63887616
08:26:37 app.api.contracts WARNING [LIST_API] id=4295 contract_no=0942/2026/HĐQTGAN-PN/PR royalty_before_vat=82742400 so_tien_value=89361792
08:26:37 app.api.contracts WARNING [LIST_API] id=4294 contract_no=0940/2026/HĐQTGAN-PN/PR royalty_before_vat=64396800 so_tien_value=69548544
08:26:37 app.api.contracts WARNING [LIST_API] id=4293 contract_no=0925/2026/HĐQTGAN-PN/PR royalty_before_vat=17784000 so_tien_value=19206720
08:26:37 app.api.contracts WARNING [LIST_API] id=4292 contract_no=0924/2026/HĐQTGAN-PN/PR royalty_before_vat=24336000 so_tien_value=26282880
08:26:37 app.api.contracts WARNING [LIST_API] id=4291 contract_no=0919/2026/HĐQTGAN-PN/PR royalty_before_vat=36129600 so_tien_value=39019968
08:26:37 app.api.contracts WARNING [LIST_API] id=4290 contract_no=0918/2026/HĐQTGAN-PN/PR royalty_before_vat=38750400 so_tien_value=41850432
08:26:37 app.api.contracts WARNING [LIST_API] id=4289 contract_no=0917/2026/HĐQTGAN-PN/PR royalty_before_vat=21715200 so_tien_value=23452416
08:26:37 app.api.contracts WARNING [LIST_API] id=4288 contract_no=0935/2026/HĐQTGAN-PN/PR royalty_before_vat=17784000 so_tien_value=19206720
08:26:37 app.api.contracts WARNING [LIST_API] id=4287 contract_no=0915/2026/HĐQTGAN-PN/PR royalty_before_vat=37440000 so_tien_value=40435200
08:26:37 app.api.contracts WARNING [LIST_API] id=4286 contract_no=0909/2026/HĐQTGAN-PN/PR royalty_before_vat=13478400 so_tien_value=14556672
08:26:37 app.api.contracts WARNING [LIST_API] id=4285 contract_no=0907/2026/HĐQTGAN-PN/PR royalty_before_vat=21715200 so_tien_value=23452416
08:26:37 app.api.contracts WARNING [LIST_API] id=4284 contract_no=0905/2026/HĐQTGAN-PN/PR royalty_before_vat=25646400 so_tien_value=27698112
08:26:37 app.api.contracts WARNING [LIST_API] id=4283 contract_no=0892/2026/HĐQTGAN-PN/PR royalty_before_vat=11980800 so_tien_value=12939264
08:26:37 app.api.contracts WARNING [LIST_API] id=4282 contract_no=0879/2026/HĐQTGAN-PN/PR royalty_before_vat=8424000 so_tien_value=9097920
08:26:37 app.api.contracts WARNING [LIST_API] id=4281 contract_no=0867/2026/HĐQTGAN-PN/PR royalty_before_vat=37440000 so_tien_value=40435200
08:26:37 app.api.contracts WARNING [LIST_API] id=4280 contract_no=0861/2026/HĐQTGAN-PN/PR royalty_before_vat=45302400 so_tien_value=48926592
08:26:37 app.api.contracts WARNING [LIST_API] id=4279 contract_no=0857/2026/HĐQTGAN-PN/PR royalty_before_vat=19094400 so_tien_value=20621952
08:26:37 app.api.contracts WARNING [LIST_API] id=4278 contract_no=0870/2026/HĐQTGAN-PN/PR royalty_before_vat=7488000 so_tien_value=8087040
08:26:37 app.api.contracts WARNING [LIST_API] id=4277 contract_no=0887/2026/HĐQTGAN-PN/PR royalty_before_vat=29952000 so_tien_value=32348160
08:26:37 app.api.contracts WARNING [LIST_API] id=4276 contract_no=0889/2026/HĐQTGAN-PN/PR royalty_before_vat=17971200 so_tien_value=19408896
08:26:37 app.api.contracts WARNING [LIST_API] id=4275 contract_no=0895/2026/HĐQTGAN-PN/PR royalty_before_vat=38188800 so_tien_value=41243904
08:26:37 app.api.contracts WARNING [LIST_API] id=4274 contract_no=0893/2026/HĐQTGAN-PN/PR royalty_before_vat=40809600 so_tien_value=44074368
08:34:45 app.api.contracts WARNING [LIST_API] id=4303 contract_no=0989/2026/HĐQTGAN-PN/PR royalty_before_vat=23961600 so_tien_value=25878528
08:34:45 app.api.contracts WARNING [LIST_API] id=4302 contract_no=0984/2026/HĐQTGAN-PN/PR royalty_before_vat=40809600 so_tien_value=44074368
08:34:45 app.api.contracts WARNING [LIST_API] id=4301 contract_no=0978/2026/HĐQTGAN-PN/PR royalty_before_vat=17971200 so_tien_value=19408896
08:34:45 app.api.contracts WARNING [LIST_API] id=4300 contract_no=0967/2026/HĐQTGAN-PN/PR royalty_before_vat=7488000 so_tien_value=8087040
08:34:45 app.api.contracts WARNING [LIST_API] id=4299 contract_no=0960/2026/HĐQTGAN-PN/PR royalty_before_vat=98467200 so_tien_value=106344576
08:34:45 app.api.contracts WARNING [LIST_API] id=4298 contract_no=0956/2026/HĐQTGAN-PN/PR royalty_before_vat=43430400 so_tien_value=46904832
08:34:45 app.api.contracts WARNING [LIST_API] id=4297 contract_no=0954/2026/HĐQTGAN-PN/PR royalty_before_vat=64396800 so_tien_value=69548544
08:34:45 app.api.contracts WARNING [LIST_API] id=4296 contract_no=0945/2026/HĐQTGAN-PN/PR royalty_before_vat=59155200 so_tien_value=63887616
08:34:45 app.api.contracts WARNING [LIST_API] id=4295 contract_no=0942/2026/HĐQTGAN-PN/PR royalty_before_vat=82742400 so_tien_value=89361792
08:34:45 app.api.contracts WARNING [LIST_API] id=4294 contract_no=0940/2026/HĐQTGAN-PN/PR royalty_before_vat=64396800 so_tien_value=69548544
08:34:45 app.api.contracts WARNING [LIST_API] id=4293 contract_no=0925/2026/HĐQTGAN-PN/PR royalty_before_vat=17784000 so_tien_value=19206720
08:34:45 app.api.contracts WARNING [LIST_API] id=4292 contract_no=0924/2026/HĐQTGAN-PN/PR royalty_before_vat=24336000 so_tien_value=26282880
08:34:45 app.api.contracts WARNING [LIST_API] id=4291 contract_no=0919/2026/HĐQTGAN-PN/PR royalty_before_vat=36129600 so_tien_value=39019968
08:34:45 app.api.contracts WARNING [LIST_API] id=4290 contract_no=0918/2026/HĐQTGAN-PN/PR royalty_before_vat=38750400 so_tien_value=41850432
08:34:45 app.api.contracts WARNING [LIST_API] id=4289 contract_no=0917/2026/HĐQTGAN-PN/PR royalty_before_vat=21715200 so_tien_value=23452416
08:34:45 app.api.contracts WARNING [LIST_API] id=4288 contract_no=0935/2026/HĐQTGAN-PN/PR royalty_before_vat=17784000 so_tien_value=19206720
08:34:45 app.api.contracts WARNING [LIST_API] id=4287 contract_no=0915/2026/HĐQTGAN-PN/PR royalty_before_vat=37440000 so_tien_value=40435200
08:34:45 app.api.contracts WARNING [LIST_API] id=4286 contract_no=0909/2026/HĐQTGAN-PN/PR royalty_before_vat=13478400 so_tien_value=14556672
08:34:45 app.api.contracts WARNING [LIST_API] id=4285 contract_no=0907/2026/HĐQTGAN-PN/PR royalty_before_vat=21715200 so_tien_value=23452416
08:34:45 app.api.contracts WARNING [LIST_API] id=4284 contract_no=0905/2026/HĐQTGAN-PN/PR royalty_before_vat=25646400 so_tien_value=27698112
08:34:45 app.api.contracts WARNING [LIST_AWARNING:  WatchFiles detected changes in 'backend\scripts\admin\delete_test_users.py'. Reloading...
Process SpawnProcess-8:
Traceback (most recent call last):
  File "C:\Users\TUAN-CP\AppData\Local\Programs\Python\Python311\Lib\multiprocessing\process.py", line 314, in _bootstrap
    self.run()
  File "C:\Users\TUAN-CP\AppData\Local\Programs\Python\Python311\Lib\multiprocessing\process.py", line 108, in run
    self._target(*self._args, **self._kwargs)
  File "C:\Users\TUAN-CP\AppData\Local\Programs\Python\Python311\Lib\site-packages\uvicorn\_subprocess.py", line 80, in subprocess_started
    target(sockets=sockets)
  File "C:\Users\TUAN-CP\AppData\Local\Programs\Python\Python311\Lib\site-packages\uvicorn\server.py", line 66, in run
    return asyncio.run(self.serve(sockets=sockets))
           ^^^^^^^^^^^^^^^^^^^^^^^^^^^^^^^^^^^^^^^^
  File "C:\Users\TUAN-CP\AppData\Local\Programs\Python\Python311\Lib\asyncio\runners.py", line 190, in run
    return runner.run(main)
           ^^^^^^^^^^^^^^^^
  File "C:\Users\TUAN-CP\AppData\Local\Programs\Python\Python311\Lib\asyncio\runners.py", line 118, in run
    return self._loop.run_until_complete(task)
           ^^^^^^^^^^^^^^^^^^^^^^^^^^^^^^^^^^^
  File "C:\Users\TUAN-CP\AppData\Local\Programs\Python\Python311\Lib\asyncio\base_events.py", line 650, in run_until_complete
    return future.result()
           ^^^^^^^^^^^^^^^
  File "C:\Users\TUAN-CP\AppData\Local\Programs\Python\Python311\Lib\site-packages\uvicorn\server.py", line 70, in serve
    await self._serve(sockets)
  File "C:\Users\TUAN-CP\AppData\Local\Programs\Python\Python311\Lib\site-packages\uvicorn\server.py", line 77, in _serve
    config.load()
  File "C:\Users\TUAN-CP\AppData\Local\Programs\Python\Python311\Lib\site-packages\uvicorn\config.py", line 435, in load
    self.loaded_app = import_from_string(self.app)
                      ^^^^^^^^^^^^^^^^^^^^^^^^^^^^
  File "C:\Users\TUAN-CP\AppData\Local\Programs\Python\Python311\Lib\site-packages\uvicorn\importer.py", line 22, in import_from_string
    raise exc from None
  File "C:\Users\TUAN-CP\AppData\Local\Programs\Python\Python311\Lib\site-packages\uvicorn\importer.py", line 19, in import_from_string
    module = importlib.import_module(module_str)
             ^^^^^^^^^^^^^^^^^^^^^^^^^^^^^^^^^^^
  File "C:\Users\TUAN-CP\AppData\Local\Programs\Python\Python311\Lib\importlib\__init__.py", line 126, in import_module
    return _bootstrap._gcd_import(name[level:], package, level)
           ^^^^^^^^^^^^^^^^^^^^^^^^^^^^^^^^^^^^^^^^^^^^^^^^^^^^
  File "<frozen importlib._bootstrap>", line 1206, in _gcd_import
  File "<frozen importlib._bootstrap>", line 1178, in _find_and_load
  File "<frozen importlib._bootstrap>", line 1128, in _find_and_load_unlocked
  File "<frozen importlib._bootstrap>", line 241, in _call_with_frames_removed
  File "<frozen importlib._bootstrap>", line 1206, in _gcd_import
  File "<frozen importlib._bootstrap>", line 1178, in _find_and_load
  File "<frozen importlib._bootstrap>", line 1142, in _find_and_load_unlocked
ModuleNotFoundError: No module named 'app'
WARNING:  WatchFiles detected changes in 'backend\scripts\admin\delete_test_users.py'. Reloading...
Process SpawnProcess-9:
Traceback (most recent call last):
  File "C:\Users\TUAN-CP\AppData\Local\Programs\Python\Python311\Lib\multiprocessing\process.py", line 314, in _bootstrap
    self.run()
  File "C:\Users\TUAN-CP\AppData\Local\Programs\Python\Python311\Lib\multiprocessing\process.py", line 108, in run
    self._target(*self._args, **self._kwargs)
  File "C:\Users\TUAN-CP\AppData\Local\Programs\Python\Python311\Lib\site-packages\uvicorn\_subprocess.py", line 80, in subprocess_started
    target(sockets=sockets)
  File "C:\Users\TUAN-CP\AppData\Local\Programs\Python\Python311\Lib\site-packages\uvicorn\server.py", line 66, in run
    return asyncio.run(self.serve(sockets=sockets))
           ^^^^^^^^^^^^^^^^^^^^^^^^^^^^^^^^^^^^^^^^
  File "C:\Users\TUAN-CP\AppData\Local\Programs\Python\Python311\Lib\asyncio\runners.py", line 190, in run
    return runner.run(main)
           ^^^^^^^^^^^^^^^^
  File "C:\Users\TUAN-CP\AppData\Local\Programs\Python\Python311\Lib\asyncio\runners.py", line 118, in run
    return self._loop.run_until_complete(task)
           ^^^^^^^^^^^^^^^^^^^^^^^^^^^^^^^^^^^
  File "C:\Users\TUAN-CP\AppData\Local\Programs\Python\Python311\Lib\asyncio\base_events.py", line 650, in run_until_complete
    return future.result()
           ^^^^^^^^^^^^^^^
  File "C:\Users\TUAN-CP\AppData\Local\Programs\Python\Python311\Lib\site-packages\uvicorn\server.py", line 70, in serve
    await self._serve(sockets)
  File "C:\Users\TUAN-CP\AppData\Local\Programs\Python\Python311\Lib\site-packages\uvicorn\server.py", line 77, in _serve
    config.load()
  File "C:\Users\TUAN-CP\AppData\Local\Programs\Python\Python311\Lib\site-packages\uvicorn\config.py", line 435, in load
    self.loaded_app = import_from_string(self.app)
                      ^^^^^^^^^^^^^^^^^^^^^^^^^^^^
  File "C:\Users\TUAN-CP\AppData\Local\Programs\Python\Python311\Lib\site-packages\uvicorn\importer.py", line 22, in import_from_string
    raise exc from None
  File "C:\Users\TUAN-CP\AppData\Local\Programs\Python\Python311\Lib\site-packages\uvicorn\importer.py", line 19, in import_from_string
    module = importlib.import_module(module_str)
             ^^^^^^^^^^^^^^^^^^^^^^^^^^^^^^^^^^^
  File "C:\Users\TUAN-CP\AppData\Local\Programs\Python\Python311\Lib\importlib\__init__.py", line 126, in import_module
    return _bootstrap._gcd_import(name[level:], package, level)
           ^^^^^^^^^^^^^^^^^^^^^^^^^^^^^^^^^^^^^^^^^^^^^^^^^^^^
  File "<frozen importlib._bootstrap>", line 1206, in _gcd_import
  File "<frozen importlib._bootstrap>", line 1178, in _find_and_load
  File "<frozen importlib._bootstrap>", line 1128, in _find_and_load_unlocked
  File "<frozen importlib._bootstrap>", line 241, in _call_with_frames_removed
  File "<frozen importlib._bootstrap>", line 1206, in _gcd_import
  File "<frozen importlib._bootstrap>", line 1178, in _find_and_load
  File "<frozen importlib._bootstrap>", line 1142, in _find_and_load_unlocked
ModuleNotFoundError: No module named 'app'
WARNING:  WatchFiles detected changes in 'backend\scripts\admin\delete_test_users.py'. Reloading...
Process SpawnProcess-10:
Traceback (most recent call last):
  File "C:\Users\TUAN-CP\AppData\Local\Programs\Python\Python311\Lib\multiprocessing\process.py", line 314, in _bootstrap
    self.run()
  File "C:\Users\TUAN-CP\AppData\Local\Programs\Python\Python311\Lib\multiprocessing\process.py", line 108, in run
    self._target(*self._args, **self._kwargs)
  File "C:\Users\TUAN-CP\AppData\Local\Programs\Python\Python311\Lib\site-packages\uvicorn\_subprocess.py", line 80, in subprocess_started
    target(sockets=sockets)
  File "C:\Users\TUAN-CP\AppData\Local\Programs\Python\Python311\Lib\site-packages\uvicorn\server.py", line 66, in run
    return asyncio.run(self.serve(sockets=sockets))
           ^^^^^^^^^^^^^^^^^^^^^^^^^^^^^^^^^^^^^^^^
  File "C:\Users\TUAN-CP\AppData\Local\Programs\Python\Python311\Lib\asyncio\runners.py", line 190, in run
    return runner.run(main)
           ^^^^^^^^^^^^^^^^
  File "C:\Users\TUAN-CP\AppData\Local\Programs\Python\Python311\Lib\asyncio\runners.py", line 118, in run
    return self._loop.run_until_complete(task)
           ^^^^^^^^^^^^^^^^^^^^^^^^^^^^^^^^^^^
  File "C:\Users\TUAN-CP\AppData\Local\Programs\Python\Python311\Lib\asyncio\base_events.py", line 650, in run_until_complete
    return future.result()
           ^^^^^^^^^^^^^^^
  File "C:\Users\TUAN-CP\AppData\Local\Programs\Python\Python311\Lib\site-packages\uvicorn\server.py", line 70, in serve
    await self._serve(sockets)
  File "C:\Users\TUAN-CP\AppData\Local\Programs\Python\Python311\Lib\site-packages\uvicorn\server.py", line 77, in _serve
    config.load()
  File "C:\Users\TUAN-CP\AppData\Local\Programs\Python\Python311\Lib\site-packages\uvicorn\config.py", line 435, in load
    self.loaded_app = import_from_string(self.app)
                      ^^^^^^^^^^^^^^^^^^^^^^^^^^^^
  File "C:\Users\TUAN-CP\AppData\Local\Programs\Python\Python311\Lib\site-packages\uvicorn\importer.py", line 22, in import_from_string
    raise exc from None
  File "C:\Users\TUAN-CP\AppData\Local\Programs\Python\Python311\Lib\site-packages\uvicorn\importer.py", line 19, in import_from_string
    module = importlib.import_module(module_str)
             ^^^^^^^^^^^^^^^^^^^^^^^^^^^^^^^^^^^
  File "C:\Users\TUAN-CP\AppData\Local\Programs\Python\Python311\Lib\importlib\__init__.py", line 126, in import_module
    return _bootstrap._gcd_import(name[level:], package, level)
           ^^^^^^^^^^^^^^^^^^^^^^^^^^^^^^^^^^^^^^^^^^^^^^^^^^^^
  File "<frozen importlib._bootstrap>", line 1206, in _gcd_import
  File "<frozen importlib._bootstrap>", line 1178, in _find_and_load
  File "<frozen importlib._bootstrap>", line 1128, in _find_and_load_unlocked
  File "<frozen importlib._bootstrap>", line 241, in _call_with_frames_removed
  File "<frozen importlib._bootstrap>", line 1206, in _gcd_import
  File "<frozen importlib._bootstrap>", line 1178, in _find_and_load
  File "<frozen importlib._bootstrap>", line 1142, in _find_and_load_unlocked
ModuleNotFoundError: No module named 'app'
WARNING:  WatchFiles detected changes in 'tools\test_api_envelope.py', 'tools\extract_docx2.py', 'tools\test_env_order.py', 'scripts\audit_dispatch_softdelete_v2.py', 'check_xml_detail.py', 'backend\app\services\report_excel_exporter.py', 'export_via_api.py', 'search_all_settings.py', 'backend\app\api\reports.py', 'scripts\cleanup_batch91.py', 'backend\app\schemas\contracts.py', 'scripts\test_migration_api.py', 'deep_search.py', 'check_newest.py', 'analyze2.py', 'scripts\test_envelope_debug.py', 'scripts\test_canon_preset.py', 'scripts\repro_via_api.py', 'backend\migrations\add_soft_delete_columns.py', 'scripts\verify_envelope.py', 'scripts\check_db_config.py', 'test_api_direct.py', 'test_landscape_bug.py', 'scripts\live_verify_dispatch.py', 'scripts\cleanup_soft_deleted_dispatches.py', 'scripts\check_envelope_config.py', 'backend\scripts\admin\delete_test_users.py', 'scripts\verify_no_phone.py', 'test_envelope_new_code.py', 'scripts\cleanup_test_batches.py', 'scripts\test_vcpmc_230x170.py', 'test_login.py', 'scripts\verify_multicell.py', 'scripts\debug_fallback.py', 'test_api_full.py', 'test_actual_backend.py', 'scripts\verify_docx.py', 'scripts\verify_hard_delete.py', 'scripts\test_regex.py', 'test_migration.py', 'scripts\debug_check_batches.py', 'tools\extract_docx.py', 'scripts\repro_direct_call.py', 'backend\app\api\dispatches.py', 'test_debug_space.py', 'backend\app\api\contracts.py', 'scripts\insert_legacy_config.py', 'scripts\live_verify_phone.py', 'check_real_db.py', 'scripts\cleanup_test_phone.py', 'scripts\get_admin.py', 'backend\migrations\fix_boolean_columns.py', 'scripts\verify_phone_in_address.py', 'scripts\cleanup_test_data.py', 'scripts\debug_phone_pipeline.py', 'backend\migrations\add_ngay_ky_hop_dong.py', 'scripts\verify_active_duplicate.py', 'find_batches.py', 'scripts\audit_dispatch_softdelete.py', 'scripts\debug_raw_line.py', 'check_real_file_detail.py', 'scripts\list_tables.py', 'read_envelope.py', 'scripts\debug_simple_test.py', 'scripts\test_migration_direct.py', 'check_pagebreaks.py', 'backend\app\main.py', 'check_old_db.py', 'scripts\repro_envelope_bug.py', 'backend\migrations\2026_06_11_add_dispatch_tracking.py', 'backend\app\models\dispatches.py', 'check_latest.py', 'scripts\verify_downloaded.py', 'check_new_file.py'. Reloading...
Process SpawnProcess-11:
Traceback (most recent call last):
  File "C:\Users\TUAN-CP\AppData\Local\Programs\Python\Python311\Lib\multiprocessing\process.py", line 314, in _bootstrap
    self.run()
  File "C:\Users\TUAN-CP\AppData\Local\Programs\Python\Python311\Lib\multiprocessing\process.py", line 108, in run
    self._target(*self._args, **self._kwargs)
  File "C:\Users\TUAN-CP\AppData\Local\Programs\Python\Python311\Lib\site-packages\uvicorn\_subprocess.py", line 80, in subprocess_started
    target(sockets=sockets)
  File "C:\Users\TUAN-CP\AppData\Local\Programs\Python\Python311\Lib\site-packages\uvicorn\server.py", line 66, in run
    return asyncio.run(self.serve(sockets=sockets))
           ^^^^^^^^^^^^^^^^^^^^^^^^^^^^^^^^^^^^^^^^
  File "C:\Users\TUAN-CP\AppData\Local\Programs\Python\Python311\Lib\asyncio\runners.py", line 190, in run
    return runner.run(main)
           ^^^^^^^^^^^^^^^^
  File "C:\Users\TUAN-CP\AppData\Local\Programs\Python\Python311\Lib\asyncio\runners.py", line 118, in run
    return self._loop.run_until_complete(task)
           ^^^^^^^^^^^^^^^^^^^^^^^^^^^^^^^^^^^
  File "C:\Users\TUAN-CP\AppData\Local\Programs\Python\Python311\Lib\asyncio\base_events.py", line 650, in run_until_complete
    return future.result()
           ^^^^^^^^^^^^^^^
  File "C:\Users\TUAN-CP\AppData\Local\Programs\Python\Python311\Lib\site-packages\uvicorn\server.py", line 70, in serve
    await self._serve(sockets)
  File "C:\Users\TUAN-CP\AppData\Local\Programs\Python\Python311\Lib\site-packages\uvicorn\server.py", line 77, in _serve
    config.load()
  File "C:\Users\TUAN-CP\AppData\Local\Programs\Python\Python311\Lib\site-packages\uvicorn\config.py", line 435, in load
    self.loaded_app = import_from_string(self.app)
                      ^^^^^^^^^^^^^^^^^^^^^^^^^^^^
  File "C:\Users\TUAN-CP\AppData\Local\Programs\Python\Python311\Lib\site-packages\uvicorn\importer.py", line 22, in import_from_string
    raise exc from None
  File "C:\Users\TUAN-CP\AppData\Local\Programs\Python\Python311\Lib\site-packages\uvicorn\importer.py", line 19, in import_from_string
    module = importlib.import_module(module_str)
             ^^^^^^^^^^^^^^^^^^^^^^^^^^^^^^^^^^^
  File "C:\Users\TUAN-CP\AppData\Local\Programs\Python\Python311\Lib\importlib\__init__.py", line 126, in import_module
    return _bootstrap._gcd_import(name[level:], package, level)
           ^^^^^^^^^^^^^^^^^^^^^^^^^^^^^^^^^^^^^^^^^^^^^^^^^^^^
  File "<frozen importlib._bootstrap>", line 1206, in _gcd_import
  File "<frozen importlib._bootstrap>", line 1178, in _find_and_load
  File "<frozen importlib._bootstrap>", line 1128, in _find_and_load_unlocked
  File "<frozen importlib._bootstrap>", line 241, in _call_with_frames_removed
  File "<frozen importlib._bootstrap>", line 1206, in _gcd_import
  File "<frozen importlib._bootstrap>", line 1178, in _find_and_load
  File "<frozen importlib._bootstrap>", line 1142, in _find_and_load_unlocked
ModuleNotFoundError: No module named 'app'
WARNING:  WatchFiles detected changes in 'tools\test_api_envelope.py', 'tools\extract_docx2.py', 'check_xml_detail.py', 'backend\app\services\report_excel_exporter.py', 'search_all_settings.py', 'backend\app\api\reports.py', 'backend\app\schemas\contracts.py', 'deep_search.py', 'check_newest.py', 'scripts\test_envelope_debug.py', 'scripts\test_canon_preset.py', 'scripts\verify_envelope.py', 'test_api_direct.py', 'scripts\check_envelope_config.py', 'backend\scripts\admin\delete_test_users.py', 'scripts\verify_no_phone.py', 'test_envelope_new_code.py', 'scripts\cleanup_test_batches.py', 'scripts\test_vcpmc_230x170.py', 'test_login.py', 'scripts\verify_multicell.py', 'scripts\debug_fallback.py', 'test_api_full.py', 'scripts\verify_docx.py', 'scripts\verify_hard_delete.py', 'test_migration.py', 'backend\app\api\dispatches.py', 'test_debug_space.py', 'backend\app\api\contracts.py', 'scripts\insert_legacy_config.py', 'check_real_db.py', 'scripts\cleanup_test_phone.py', 'scripts\get_admin.py', 'scripts\verify_active_duplicate.py', 'scripts\audit_dispatch_softdelete.py', 'scripts\list_tables.py', 'scripts\debug_simple_test.py', 'scripts\test_migration_direct.py', 'backend\app\main.py', 'check_old_db.py', 'backend\migrations\2026_06_11_add_dispatch_tracking.py', 'backend\app\models\dispatches.py', 'check_latest.py', 'check_new_file.py'. Reloading...
Process SpawnProcess-12:
Traceback (most recent call last):
  File "C:\Users\TUAN-CP\AppData\Local\Programs\Python\Python311\Lib\multiprocessing\process.py", line 314, in _bootstrap
    self.run()
  File "C:\Users\TUAN-CP\AppData\Local\Programs\Python\Python311\Lib\multiprocessing\process.py", line 108, in run
    self._target(*self._args, **self._kwargs)
  File "C:\Users\TUAN-CP\AppData\Local\Programs\Python\Python311\Lib\site-packages\uvicorn\_subprocess.py", line 80, in subprocess_started
    target(sockets=sockets)
  File "C:\Users\TUAN-CP\AppData\Local\Programs\Python\Python311\Lib\site-packages\uvicorn\server.py", line 66, in run
    return asyncio.run(self.serve(sockets=sockets))
           ^^^^^^^^^^^^^^^^^^^^^^^^^^^^^^^^^^^^^^^^
  File "C:\Users\TUAN-CP\AppData\Local\Programs\Python\Python311\Lib\asyncio\runners.py", line 190, in run
    return runner.run(main)
           ^^^^^^^^^^^^^^^^
  File "C:\Users\TUAN-CP\AppData\Local\Programs\Python\Python311\Lib\asyncio\runners.py", line 118, in run
    return self._loop.run_until_complete(task)
           ^^^^^^^^^^^^^^^^^^^^^^^^^^^^^^^^^^^
  File "C:\Users\TUAN-CP\AppData\Local\Programs\Python\Python311\Lib\asyncio\base_events.py", line 650, in run_until_complete
    return future.result()
           ^^^^^^^^^^^^^^^
  File "C:\Users\TUAN-CP\AppData\Local\Programs\Python\Python311\Lib\site-packages\uvicorn\server.py", line 70, in serve
    await self._serve(sockets)
  File "C:\Users\TUAN-CP\AppData\Local\Programs\Python\Python311\Lib\site-packages\uvicorn\server.py", line 77, in _serve
    config.load()
  File "C:\Users\TUAN-CP\AppData\Local\Programs\Python\Python311\Lib\site-packages\uvicorn\config.py", line 435, in load
    self.loaded_app = import_from_string(self.app)
                      ^^^^^^^^^^^^^^^^^^^^^^^^^^^^
  File "C:\Users\TUAN-CP\AppData\Local\Programs\Python\Python311\Lib\site-packages\uvicorn\importer.py", line 22, in import_from_string
    raise exc from None
  File "C:\Users\TUAN-CP\AppData\Local\Programs\Python\Python311\Lib\site-packages\uvicorn\importer.py", line 19, in import_from_string
    module = importlib.import_module(module_str)
             ^^^^^^^^^^^^^^^^^^^^^^^^^^^^^^^^^^^
  File "C:\Users\TUAN-CP\AppData\Local\Programs\Python\Python311\Lib\importlib\__init__.py", line 126, in import_module
    return _bootstrap._gcd_import(name[level:], package, level)
           ^^^^^^^^^^^^^^^^^^^^^^^^^^^^^^^^^^^^^^^^^^^^^^^^^^^^
  File "<frozen importlib._bootstrap>", line 1206, in _gcd_import
  File "<frozen importlib._bootstrap>", line 1178, in _find_and_load
  File "<frozen importlib._bootstrap>", line 1128, in _find_and_load_unlocked
  File "<frozen importlib._bootstrap>", line 241, in _call_with_frames_removed
  File "<frozen importlib._bootstrap>", line 1206, in _gcd_import
  File "<frozen importlib._bootstrap>", line 1178, in _find_and_load
  File "<frozen importlib._bootstrap>", line 1142, in _find_and_load_unlocked
ModuleNotFoundError: No module named 'app'
WARNING:  WatchFiles detected changes in 'tools\test_api_envelope.py', 'tools\extract_docx2.py', 'tools\test_env_order.py', 'scripts\audit_dispatch_softdelete_v2.py', 'check_xml_detail.py', 'backend\app\services\report_excel_exporter.py', 'export_via_api.py', 'search_all_settings.py', 'backend\app\api\reports.py', 'scripts\cleanup_batch91.py', 'backend\app\schemas\contracts.py', 'scripts\test_migration_api.py', 'deep_search.py', 'check_newest.py', 'analyze2.py', 'scripts\test_envelope_debug.py', 'scripts\test_canon_preset.py', 'scripts\repro_via_api.py', 'backend\migrations\add_soft_delete_columns.py', 'scripts\verify_envelope.py', 'scripts\check_db_config.py', 'test_api_direct.py', 'test_landscape_bug.py', 'scripts\live_verify_dispatch.py', 'scripts\cleanup_soft_deleted_dispatches.py', 'scripts\check_envelope_config.py', 'backend\scripts\admin\delete_test_users.py', 'scripts\verify_no_phone.py', 'test_envelope_new_code.py', 'scripts\cleanup_test_batches.py', 'scripts\test_vcpmc_230x170.py', 'test_login.py', 'scripts\verify_multicell.py', 'scripts\debug_fallback.py', 'test_api_full.py', 'test_actual_backend.py', 'scripts\verify_docx.py', 'scripts\verify_hard_delete.py', 'scripts\test_regex.py', 'test_migration.py', 'scripts\debug_check_batches.py', 'tools\extract_docx.py', 'scripts\repro_direct_call.py', 'backend\app\api\dispatches.py', 'test_debug_space.py', 'backend\app\api\contracts.py', 'scripts\insert_legacy_config.py', 'scripts\live_verify_phone.py', 'check_real_db.py', 'scripts\cleanup_test_phone.py', 'scripts\get_admin.py', 'backend\migrations\fix_boolean_columns.py', 'scripts\verify_phone_in_address.py', 'scripts\cleanup_test_data.py', 'scripts\debug_phone_pipeline.py', 'backend\migrations\add_ngay_ky_hop_dong.py', 'scripts\verify_active_duplicate.py', 'find_batches.py', 'scripts\audit_dispatch_softdelete.py', 'scripts\debug_raw_line.py', 'check_real_file_detail.py', 'scripts\list_tables.py', 'read_envelope.py', 'scripts\debug_simple_test.py', 'scripts\test_migration_direct.py', 'check_pagebreaks.py', 'backend\app\main.py', 'check_old_db.py', 'scripts\repro_envelope_bug.py', 'backend\migrations\2026_06_11_add_dispatch_tracking.py', 'backend\app\models\dispatches.py', 'check_latest.py', 'scripts\verify_downloaded.py', 'check_new_file.py'. Reloading...
Process SpawnProcess-13:
Traceback (most recent call last):
  File "C:\Users\TUAN-CP\AppData\Local\Programs\Python\Python311\Lib\multiprocessing\process.py", line 314, in _bootstrap
    self.run()
  File "C:\Users\TUAN-CP\AppData\Local\Programs\Python\Python311\Lib\multiprocessing\process.py", line 108, in run
    self._target(*self._args, **self._kwargs)
  File "C:\Users\TUAN-CP\AppData\Local\Programs\Python\Python311\Lib\site-packages\uvicorn\_subprocess.py", line 80, in subprocess_started
    target(sockets=sockets)
  File "C:\Users\TUAN-CP\AppData\Local\Programs\Python\Python311\Lib\site-packages\uvicorn\server.py", line 66, in run
    return asyncio.run(self.serve(sockets=sockets))
           ^^^^^^^^^^^^^^^^^^^^^^^^^^^^^^^^^^^^^^^^
  File "C:\Users\TUAN-CP\AppData\Local\Programs\Python\Python311\Lib\asyncio\runners.py", line 190, in run
    return runner.run(main)
           ^^^^^^^^^^^^^^^^
  File "C:\Users\TUAN-CP\AppData\Local\Programs\Python\Python311\Lib\asyncio\runners.py", line 118, in run
    return self._loop.run_until_complete(task)
           ^^^^^^^^^^^^^^^^^^^^^^^^^^^^^^^^^^^
  File "C:\Users\TUAN-CP\AppData\Local\Programs\Python\Python311\Lib\asyncio\base_events.py", line 650, in run_until_complete
    return future.result()
           ^^^^^^^^^^^^^^^
  File "C:\Users\TUAN-CP\AppData\Local\Programs\Python\Python311\Lib\site-packages\uvicorn\server.py", line 70, in serve
    await self._serve(sockets)
  File "C:\Users\TUAN-CP\AppData\Local\Programs\Python\Python311\Lib\site-packages\uvicorn\server.py", line 77, in _serve
    config.load()
  File "C:\Users\TUAN-CP\AppData\Local\Programs\Python\Python311\Lib\site-packages\uvicorn\config.py", line 435, in load
    self.loaded_app = import_from_string(self.app)
                      ^^^^^^^^^^^^^^^^^^^^^^^^^^^^
  File "C:\Users\TUAN-CP\AppData\Local\Programs\Python\Python311\Lib\site-packages\uvicorn\importer.py", line 22, in import_from_string
    raise exc from None
  File "C:\Users\TUAN-CP\AppData\Local\Programs\Python\Python311\Lib\site-packages\uvicorn\importer.py", line 19, in import_from_string
    module = importlib.import_module(module_str)
             ^^^^^^^^^^^^^^^^^^^^^^^^^^^^^^^^^^^
  File "C:\Users\TUAN-CP\AppData\Local\Programs\Python\Python311\Lib\importlib\__init__.py", line 126, in import_module
    return _bootstrap._gcd_import(name[level:], package, level)
           ^^^^^^^^^^^^^^^^^^^^^^^^^^^^^^^^^^^^^^^^^^^^^^^^^^^^
  File "<frozen importlib._bootstrap>", line 1206, in _gcd_import
  File "<frozen importlib._bootstrap>", line 1178, in _find_and_load
  File "<frozen importlib._bootstrap>", line 1128, in _find_and_load_unlocked
  File "<frozen importlib._bootstrap>", line 241, in _call_with_frames_removed
  File "<frozen importlib._bootstrap>", line 1206, in _gcd_import
  File "<frozen importlib._bootstrap>", line 1178, in _find_and_load
  File "<frozen importlib._bootstrap>", line 1142, in _find_and_load_unlocked
ModuleNotFoundError: No module named 'app'
WARNING:  WatchFiles detected changes in 'deep_search.py', 'scripts\verify_multicell.py', 'check_newest.py', 'scripts\get_admin.py', 'scripts\verify_active_duplicate.py', 'scripts\verify_docx.py', 'scripts\list_tables.py', 'check_xml_detail.py', 'scripts\debug_simple_test.py', 'scripts\test_migration_direct.py', 'scripts\verify_envelope.py', 'search_all_settings.py', 'test_debug_space.py', 'backend\app\api\contracts.py', 'backend\migrations\2026_06_11_add_dispatch_tracking.py', 'backend\scripts\admin\delete_test_users.py', 'check_real_db.py', 'scripts\cleanup_test_phone.py'. Reloading...
Process SpawnProcess-14:
Traceback (most recent call last):
  File "C:\Users\TUAN-CP\AppData\Local\Programs\Python\Python311\Lib\multiprocessing\process.py", line 314, in _bootstrap
    self.run()
  File "C:\Users\TUAN-CP\AppData\Local\Programs\Python\Python311\Lib\multiprocessing\process.py", line 108, in run
    self._target(*self._args, **self._kwargs)
  File "C:\Users\TUAN-CP\AppData\Local\Programs\Python\Python311\Lib\site-packages\uvicorn\_subprocess.py", line 80, in subprocess_started
    target(sockets=sockets)
  File "C:\Users\TUAN-CP\AppData\Local\Programs\Python\Python311\Lib\site-packages\uvicorn\server.py", line 66, in run
    return asyncio.run(self.serve(sockets=sockets))
           ^^^^^^^^^^^^^^^^^^^^^^^^^^^^^^^^^^^^^^^^
  File "C:\Users\TUAN-CP\AppData\Local\Programs\Python\Python311\Lib\asyncio\runners.py", line 190, in run
    return runner.run(main)
           ^^^^^^^^^^^^^^^^
  File "C:\Users\TUAN-CP\AppData\Local\Programs\Python\Python311\Lib\asyncio\runners.py", line 118, in run
    return self._loop.run_until_complete(task)
           ^^^^^^^^^^^^^^^^^^^^^^^^^^^^^^^^^^^
  File "C:\Users\TUAN-CP\AppData\Local\Programs\Python\Python311\Lib\asyncio\base_events.py", line 650, in run_until_complete
    return future.result()
           ^^^^^^^^^^^^^^^
  File "C:\Users\TUAN-CP\AppData\Local\Programs\Python\Python311\Lib\site-packages\uvicorn\server.py", line 70, in serve
    await self._serve(sockets)
  File "C:\Users\TUAN-CP\AppData\Local\Programs\Python\Python311\Lib\site-packages\uvicorn\server.py", line 77, in _serve
    config.load()
  File "C:\Users\TUAN-CP\AppData\Local\Programs\Python\Python311\Lib\site-packages\uvicorn\config.py", line 435, in load
    self.loaded_app = import_from_string(self.app)
                      ^^^^^^^^^^^^^^^^^^^^^^^^^^^^
  File "C:\Users\TUAN-CP\AppData\Local\Programs\Python\Python311\Lib\site-packages\uvicorn\importer.py", line 22, in import_from_string
    raise exc from None
  File "C:\Users\TUAN-CP\AppData\Local\Programs\Python\Python311\Lib\site-packages\uvicorn\importer.py", line 19, in import_from_string
    module = importlib.import_module(module_str)
             ^^^^^^^^^^^^^^^^^^^^^^^^^^^^^^^^^^^
  File "C:\Users\TUAN-CP\AppData\Local\Programs\Python\Python311\Lib\importlib\__init__.py", line 126, in import_module
    return _bootstrap._gcd_import(name[level:], package, level)
           ^^^^^^^^^^^^^^^^^^^^^^^^^^^^^^^^^^^^^^^^^^^^^^^^^^^^
  File "<frozen importlib._bootstrap>", line 1206, in _gcd_import
  File "<frozen importlib._bootstrap>", line 1178, in _find_and_load
  File "<frozen importlib._bootstrap>", line 1128, in _find_and_load_unlocked
  File "<frozen importlib._bootstrap>", line 241, in _call_with_frames_removed
  File "<frozen importlib._bootstrap>", line 1206, in _gcd_import
  File "<frozen importlib._bootstrap>", line 1178, in _find_and_load
  File "<frozen importlib._bootstrap>", line 1142, in _find_and_load_unlocked
ModuleNotFoundError: No module named 'app'
WARNING:  WatchFiles detected changes in 'backend\app\api\dispatches.py'. Reloading...
Process SpawnProcess-15:
Traceback (most recent call last):
  File "C:\Users\TUAN-CP\AppData\Local\Programs\Python\Python311\Lib\multiprocessing\process.py", line 314, in _bootstrap
    self.run()
  File "C:\Users\TUAN-CP\AppData\Local\Programs\Python\Python311\Lib\multiprocessing\process.py", line 108, in run
    self._target(*self._args, **self._kwargs)
  File "C:\Users\TUAN-CP\AppData\Local\Programs\Python\Python311\Lib\site-packages\uvicorn\_subprocess.py", line 80, in subprocess_started
    target(sockets=sockets)
  File "C:\Users\TUAN-CP\AppData\Local\Programs\Python\Python311\Lib\site-packages\uvicorn\server.py", line 66, in run
    return asyncio.run(self.serve(sockets=sockets))
           ^^^^^^^^^^^^^^^^^^^^^^^^^^^^^^^^^^^^^^^^
  File "C:\Users\TUAN-CP\AppData\Local\Programs\Python\Python311\Lib\asyncio\runners.py", line 190, in run
    return runner.run(main)
           ^^^^^^^^^^^^^^^^
  File "C:\Users\TUAN-CP\AppData\Local\Programs\Python\Python311\Lib\asyncio\runners.py", line 118, in run
    return self._loop.run_until_complete(task)
           ^^^^^^^^^^^^^^^^^^^^^^^^^^^^^^^^^^^
  File "C:\Users\TUAN-CP\AppData\Local\Programs\Python\Python311\Lib\asyncio\base_events.py", line 650, in run_until_complete
    return future.result()
           ^^^^^^^^^^^^^^^
  File "C:\Users\TUAN-CP\AppData\Local\Programs\Python\Python311\Lib\site-packages\uvicorn\server.py", line 70, in serve
    await self._serve(sockets)
  File "C:\Users\TUAN-CP\AppData\Local\Programs\Python\Python311\Lib\site-packages\uvicorn\server.py", line 77, in _serve
    config.load()
  File "C:\Users\TUAN-CP\AppData\Local\Programs\Python\Python311\Lib\site-packages\uvicorn\config.py", line 435, in load
    self.loaded_app = import_from_string(self.app)
                      ^^^^^^^^^^^^^^^^^^^^^^^^^^^^
  File "C:\Users\TUAN-CP\AppData\Local\Programs\Python\Python311\Lib\site-packages\uvicorn\importer.py", line 22, in import_from_string
    raise exc from None
  File "C:\Users\TUAN-CP\AppData\Local\Programs\Python\Python311\Lib\site-packages\uvicorn\importer.py", line 19, in import_from_string
    module = importlib.import_module(module_str)
             ^^^^^^^^^^^^^^^^^^^^^^^^^^^^^^^^^^^
  File "C:\Users\TUAN-CP\AppData\Local\Programs\Python\Python311\Lib\importlib\__init__.py", line 126, in import_module
    return _bootstrap._gcd_import(name[level:], package, level)
           ^^^^^^^^^^^^^^^^^^^^^^^^^^^^^^^^^^^^^^^^^^^^^^^^^^^^
  File "<frozen importlib._bootstrap>", line 1206, in _gcd_import
  File "<frozen importlib._bootstrap>", line 1178, in _find_and_load
  File "<frozen importlib._bootstrap>", line 1128, in _find_and_load_unlocked
  File "<frozen importlib._bootstrap>", line 241, in _call_with_frames_removed
  File "<frozen importlib._bootstrap>", line 1206, in _gcd_import
  File "<frozen importlib._bootstrap>", line 1178, in _find_and_load
  File "<frozen importlib._bootstrap>", line 1142, in _find_and_load_unlocked
ModuleNotFoundError: No module named 'app'
WARNING:  WatchFiles detected changes in 'backend\app\api\dispatches.py'. Reloading...
Process SpawnProcess-16:
Traceback (most recent call last):
  File "C:\Users\TUAN-CP\AppData\Local\Programs\Python\Python311\Lib\multiprocessing\process.py", line 314, in _bootstrap
    self.run()
  File "C:\Users\TUAN-CP\AppData\Local\Programs\Python\Python311\Lib\multiprocessing\process.py", line 108, in run
    self._target(*self._args, **self._kwargs)
  File "C:\Users\TUAN-CP\AppData\Local\Programs\Python\Python311\Lib\site-packages\uvicorn\_subprocess.py", line 80, in subprocess_started
    target(sockets=sockets)
  File "C:\Users\TUAN-CP\AppData\Local\Programs\Python\Python311\Lib\site-packages\uvicorn\server.py", line 66, in run
    return asyncio.run(self.serve(sockets=sockets))
           ^^^^^^^^^^^^^^^^^^^^^^^^^^^^^^^^^^^^^^^^
  File "C:\Users\TUAN-CP\AppData\Local\Programs\Python\Python311\Lib\asyncio\runners.py", line 190, in run
    return runner.run(main)
           ^^^^^^^^^^^^^^^^
  File "C:\Users\TUAN-CP\AppData\Local\Programs\Python\Python311\Lib\asyncio\runners.py", line 118, in run
    return self._loop.run_until_complete(task)
           ^^^^^^^^^^^^^^^^^^^^^^^^^^^^^^^^^^^
  File "C:\Users\TUAN-CP\AppData\Local\Programs\Python\Python311\Lib\asyncio\base_events.py", line 650, in run_until_complete
    return future.result()
           ^^^^^^^^^^^^^^^
  File "C:\Users\TUAN-CP\AppData\Local\Programs\Python\Python311\Lib\site-packages\uvicorn\server.py", line 70, in serve
    await self._serve(sockets)
  File "C:\Users\TUAN-CP\AppData\Local\Programs\Python\Python311\Lib\site-packages\uvicorn\server.py", line 77, in _serve
    config.load()
  File "C:\Users\TUAN-CP\AppData\Local\Programs\Python\Python311\Lib\site-packages\uvicorn\config.py", line 435, in load
    self.loaded_app = import_from_string(self.app)
                      ^^^^^^^^^^^^^^^^^^^^^^^^^^^^
  File "C:\Users\TUAN-CP\AppData\Local\Programs\Python\Python311\Lib\site-packages\uvicorn\importer.py", line 22, in import_from_string
    raise exc from None
  File "C:\Users\TUAN-CP\AppData\Local\Programs\Python\Python311\Lib\site-packages\uvicorn\importer.py", line 19, in import_from_string
    module = importlib.import_module(module_str)
             ^^^^^^^^^^^^^^^^^^^^^^^^^^^^^^^^^^^
  File "C:\Users\TUAN-CP\AppData\Local\Programs\Python\Python311\Lib\importlib\__init__.py", line 126, in import_module
    return _bootstrap._gcd_import(name[level:], package, level)
           ^^^^^^^^^^^^^^^^^^^^^^^^^^^^^^^^^^^^^^^^^^^^^^^^^^^^
  File "<frozen importlib._bootstrap>", line 1206, in _gcd_import
  File "<frozen importlib._bootstrap>", line 1178, in _find_and_load
  File "<frozen importlib._bootstrap>", line 1128, in _find_and_load_unlocked
  File "<frozen importlib._bootstrap>", line 241, in _call_with_frames_removed
  File "<frozen importlib._bootstrap>", line 1206, in _gcd_import
  File "<frozen importlib._bootstrap>", line 1178, in _find_and_load
  File "<frozen importlib._bootstrap>", line 1142, in _find_and_load_unlocked
ModuleNotFoundError: No module named 'app'
WARNING:  WatchFiles detected changes in 'backend\app\api\dispatches.py'. Reloading...
Process SpawnProcess-17:
Traceback (most recent call last):
  File "C:\Users\TUAN-CP\AppData\Local\Programs\Python\Python311\Lib\multiprocessing\process.py", line 314, in _bootstrap
    self.run()
  File "C:\Users\TUAN-CP\AppData\Local\Programs\Python\Python311\Lib\multiprocessing\process.py", line 108, in run
    self._target(*self._args, **self._kwargs)
  File "C:\Users\TUAN-CP\AppData\Local\Programs\Python\Python311\Lib\site-packages\uvicorn\_subprocess.py", line 80, in subprocess_started
    target(sockets=sockets)
  File "C:\Users\TUAN-CP\AppData\Local\Programs\Python\Python311\Lib\site-packages\uvicorn\server.py", line 66, in run
    return asyncio.run(self.serve(sockets=sockets))
           ^^^^^^^^^^^^^^^^^^^^^^^^^^^^^^^^^^^^^^^^
  File "C:\Users\TUAN-CP\AppData\Local\Programs\Python\Python311\Lib\asyncio\runners.py", line 190, in run
    return runner.run(main)
           ^^^^^^^^^^^^^^^^
  File "C:\Users\TUAN-CP\AppData\Local\Programs\Python\Python311\Lib\asyncio\runners.py", line 118, in run
    return self._loop.run_until_complete(task)
           ^^^^^^^^^^^^^^^^^^^^^^^^^^^^^^^^^^^
  File "C:\Users\TUAN-CP\AppData\Local\Programs\Python\Python311\Lib\asyncio\base_events.py", line 650, in run_until_complete
    return future.result()
           ^^^^^^^^^^^^^^^
  File "C:\Users\TUAN-CP\AppData\Local\Programs\Python\Python311\Lib\site-packages\uvicorn\server.py", line 70, in serve
    await self._serve(sockets)
  File "C:\Users\TUAN-CP\AppData\Local\Programs\Python\Python311\Lib\site-packages\uvicorn\server.py", line 77, in _serve
    config.load()
  File "C:\Users\TUAN-CP\AppData\Local\Programs\Python\Python311\Lib\site-packages\uvicorn\config.py", line 435, in load
    self.loaded_app = import_from_string(self.app)
                      ^^^^^^^^^^^^^^^^^^^^^^^^^^^^
  File "C:\Users\TUAN-CP\AppData\Local\Programs\Python\Python311\Lib\site-packages\uvicorn\importer.py", line 22, in import_from_string
    raise exc from None
  File "C:\Users\TUAN-CP\AppData\Local\Programs\Python\Python311\Lib\site-packages\uvicorn\importer.py", line 19, in import_from_string
    module = importlib.import_module(module_str)
             ^^^^^^^^^^^^^^^^^^^^^^^^^^^^^^^^^^^
  File "C:\Users\TUAN-CP\AppData\Local\Programs\Python\Python311\Lib\importlib\__init__.py", line 126, in import_module
    return _bootstrap._gcd_import(name[level:], package, level)
           ^^^^^^^^^^^^^^^^^^^^^^^^^^^^^^^^^^^^^^^^^^^^^^^^^^^^
  File "<frozen importlib._bootstrap>", line 1206, in _gcd_import
  File "<frozen importlib._bootstrap>", line 1178, in _find_and_load
  File "<frozen importlib._bootstrap>", line 1128, in _find_and_load_unlocked
  File "<frozen importlib._bootstrap>", line 241, in _call_with_frames_removed
  File "<frozen importlib._bootstrap>", line 1206, in _gcd_import
  File "<frozen importlib._bootstrap>", line 1178, in _find_and_load
  File "<frozen importlib._bootstrap>", line 1142, in _find_and_load_unlocked
ModuleNotFoundError: No module named 'app'
WARNING:  WatchFiles detected changes in 'backend\app\api\dispatches.py'. Reloading...
Process SpawnProcess-18:
Traceback (most recent call last):
  File "C:\Users\TUAN-CP\AppData\Local\Programs\Python\Python311\Lib\multiprocessing\process.py", line 314, in _bootstrap
    self.run()
  File "C:\Users\TUAN-CP\AppData\Local\Programs\Python\Python311\Lib\multiprocessing\process.py", line 108, in run
    self._target(*self._args, **self._kwargs)
  File "C:\Users\TUAN-CP\AppData\Local\Programs\Python\Python311\Lib\site-packages\uvicorn\_subprocess.py", line 80, in subprocess_started
    target(sockets=sockets)
  File "C:\Users\TUAN-CP\AppData\Local\Programs\Python\Python311\Lib\site-packages\uvicorn\server.py", line 66, in run
    return asyncio.run(self.serve(sockets=sockets))
           ^^^^^^^^^^^^^^^^^^^^^^^^^^^^^^^^^^^^^^^^
  File "C:\Users\TUAN-CP\AppData\Local\Programs\Python\Python311\Lib\asyncio\runners.py", line 190, in run
    return runner.run(main)
           ^^^^^^^^^^^^^^^^
  File "C:\Users\TUAN-CP\AppData\Local\Programs\Python\Python311\Lib\asyncio\runners.py", line 118, in run
    return self._loop.run_until_complete(task)
           ^^^^^^^^^^^^^^^^^^^^^^^^^^^^^^^^^^^
  File "C:\Users\TUAN-CP\AppData\Local\Programs\Python\Python311\Lib\asyncio\base_events.py", line 650, in run_until_complete
    return future.result()
           ^^^^^^^^^^^^^^^
  File "C:\Users\TUAN-CP\AppData\Local\Programs\Python\Python311\Lib\site-packages\uvicorn\server.py", line 70, in serve
    await self._serve(sockets)
  File "C:\Users\TUAN-CP\AppData\Local\Programs\Python\Python311\Lib\site-packages\uvicorn\server.py", line 77, in _serve
    config.load()
  File "C:\Users\TUAN-CP\AppData\Local\Programs\Python\Python311\Lib\site-packages\uvicorn\config.py", line 435, in load
    self.loaded_app = import_from_string(self.app)
                      ^^^^^^^^^^^^^^^^^^^^^^^^^^^^
  File "C:\Users\TUAN-CP\AppData\Local\Programs\Python\Python311\Lib\site-packages\uvicorn\importer.py", line 22, in import_from_string
    raise exc from None
  File "C:\Users\TUAN-CP\AppData\Local\Programs\Python\Python311\Lib\site-packages\uvicorn\importer.py", line 19, in import_from_string
    module = importlib.import_module(module_str)
             ^^^^^^^^^^^^^^^^^^^^^^^^^^^^^^^^^^^
  File "C:\Users\TUAN-CP\AppData\Local\Programs\Python\Python311\Lib\importlib\__init__.py", line 126, in import_module
    return _bootstrap._gcd_import(name[level:], package, level)
           ^^^^^^^^^^^^^^^^^^^^^^^^^^^^^^^^^^^^^^^^^^^^^^^^^^^^
  File "<frozen importlib._bootstrap>", line 1206, in _gcd_import
  File "<frozen importlib._bootstrap>", line 1178, in _find_and_load
  File "<frozen importlib._bootstrap>", line 1128, in _find_and_load_unlocked
  File "<frozen importlib._bootstrap>", line 241, in _call_with_frames_removed
  File "<frozen importlib._bootstrap>", line 1206, in _gcd_import
  File "<frozen importlib._bootstrap>", line 1178, in _find_and_load
  File "<frozen importlib._bootstrap>", line 1142, in _find_and_load_unlocked
ModuleNotFoundError: No module named 'app'
WARNING:  WatchFiles detected changes in 'backend\app\api\dispatches.py'. Reloading...
Process SpawnProcess-19:
Traceback (most recent call last):
  File "C:\Users\TUAN-CP\AppData\Local\Programs\Python\Python311\Lib\multiprocessing\process.py", line 314, in _bootstrap
    self.run()
  File "C:\Users\TUAN-CP\AppData\Local\Programs\Python\Python311\Lib\multiprocessing\process.py", line 108, in run
    self._target(*self._args, **self._kwargs)
  File "C:\Users\TUAN-CP\AppData\Local\Programs\Python\Python311\Lib\site-packages\uvicorn\_subprocess.py", line 80, in subprocess_started
    target(sockets=sockets)
  File "C:\Users\TUAN-CP\AppData\Local\Programs\Python\Python311\Lib\site-packages\uvicorn\server.py", line 66, in run
    return asyncio.run(self.serve(sockets=sockets))
           ^^^^^^^^^^^^^^^^^^^^^^^^^^^^^^^^^^^^^^^^
  File "C:\Users\TUAN-CP\AppData\Local\Programs\Python\Python311\Lib\asyncio\runners.py", line 190, in run
    return runner.run(main)
           ^^^^^^^^^^^^^^^^
  File "C:\Users\TUAN-CP\AppData\Local\Programs\Python\Python311\Lib\asyncio\runners.py", line 118, in run
    return self._loop.run_until_complete(task)
           ^^^^^^^^^^^^^^^^^^^^^^^^^^^^^^^^^^^
  File "C:\Users\TUAN-CP\AppData\Local\Programs\Python\Python311\Lib\asyncio\base_events.py", line 650, in run_until_complete
    return future.result()
           ^^^^^^^^^^^^^^^
  File "C:\Users\TUAN-CP\AppData\Local\Programs\Python\Python311\Lib\site-packages\uvicorn\server.py", line 70, in serve
    await self._serve(sockets)
  File "C:\Users\TUAN-CP\AppData\Local\Programs\Python\Python311\Lib\site-packages\uvicorn\server.py", line 77, in _serve
    config.load()
  File "C:\Users\TUAN-CP\AppData\Local\Programs\Python\Python311\Lib\site-packages\uvicorn\config.py", line 435, in load
    self.loaded_app = import_from_string(self.app)
                      ^^^^^^^^^^^^^^^^^^^^^^^^^^^^
  File "C:\Users\TUAN-CP\AppData\Local\Programs\Python\Python311\Lib\site-packages\uvicorn\importer.py", line 22, in import_from_string
    raise exc from None
  File "C:\Users\TUAN-CP\AppData\Local\Programs\Python\Python311\Lib\site-packages\uvicorn\importer.py", line 19, in import_from_string
    module = importlib.import_module(module_str)
             ^^^^^^^^^^^^^^^^^^^^^^^^^^^^^^^^^^^
  File "C:\Users\TUAN-CP\AppData\Local\Programs\Python\Python311\Lib\importlib\__init__.py", line 126, in import_module
    return _bootstrap._gcd_import(name[level:], package, level)
           ^^^^^^^^^^^^^^^^^^^^^^^^^^^^^^^^^^^^^^^^^^^^^^^^^^^^
  File "<frozen importlib._bootstrap>", line 1206, in _gcd_import
  File "<frozen importlib._bootstrap>", line 1178, in _find_and_load
  File "<frozen importlib._bootstrap>", line 1128, in _find_and_load_unlocked
  File "<frozen importlib._bootstrap>", line 241, in _call_with_frames_removed
  File "<frozen importlib._bootstrap>", line 1206, in _gcd_import
  File "<frozen importlib._bootstrap>", line 1178, in _find_and_load
  File "<frozen importlib._bootstrap>", line 1142, in _find_and_load_unlocked
ModuleNotFoundError: No module named 'app'
WARNING:  WatchFiles detected changes in 'backend\app\api\dispatches.py'. Reloading...
Process SpawnProcess-20:
Traceback (most recent call last):
  File "C:\Users\TUAN-CP\AppData\Local\Programs\Python\Python311\Lib\multiprocessing\process.py", line 314, in _bootstrap
    self.run()
  File "C:\Users\TUAN-CP\AppData\Local\Programs\Python\Python311\Lib\multiprocessing\process.py", line 108, in run
    self._target(*self._args, **self._kwargs)
  File "C:\Users\TUAN-CP\AppData\Local\Programs\Python\Python311\Lib\site-packages\uvicorn\_subprocess.py", line 80, in subprocess_started
    target(sockets=sockets)
  File "C:\Users\TUAN-CP\AppData\Local\Programs\Python\Python311\Lib\site-packages\uvicorn\server.py", line 66, in run
    return asyncio.run(self.serve(sockets=sockets))
           ^^^^^^^^^^^^^^^^^^^^^^^^^^^^^^^^^^^^^^^^
  File "C:\Users\TUAN-CP\AppData\Local\Programs\Python\Python311\Lib\asyncio\runners.py", line 190, in run
    return runner.run(main)
           ^^^^^^^^^^^^^^^^
  File "C:\Users\TUAN-CP\AppData\Local\Programs\Python\Python311\Lib\asyncio\runners.py", line 118, in run
    return self._loop.run_until_complete(task)
           ^^^^^^^^^^^^^^^^^^^^^^^^^^^^^^^^^^^
  File "C:\Users\TUAN-CP\AppData\Local\Programs\Python\Python311\Lib\asyncio\base_events.py", line 650, in run_until_complete
    return future.result()
           ^^^^^^^^^^^^^^^
  File "C:\Users\TUAN-CP\AppData\Local\Programs\Python\Python311\Lib\site-packages\uvicorn\server.py", line 70, in serve
    await self._serve(sockets)
  File "C:\Users\TUAN-CP\AppData\Local\Programs\Python\Python311\Lib\site-packages\uvicorn\server.py", line 77, in _serve
    config.load()
  File "C:\Users\TUAN-CP\AppData\Local\Programs\Python\Python311\Lib\site-packages\uvicorn\config.py", line 435, in load
    self.loaded_app = import_from_string(self.app)
                      ^^^^^^^^^^^^^^^^^^^^^^^^^^^^
  File "C:\Users\TUAN-CP\AppData\Local\Programs\Python\Python311\Lib\site-packages\uvicorn\importer.py", line 22, in import_from_string
    raise exc from None
  File "C:\Users\TUAN-CP\AppData\Local\Programs\Python\Python311\Lib\site-packages\uvicorn\importer.py", line 19, in import_from_string
    module = importlib.import_module(module_str)
             ^^^^^^^^^^^^^^^^^^^^^^^^^^^^^^^^^^^
  File "C:\Users\TUAN-CP\AppData\Local\Programs\Python\Python311\Lib\importlib\__init__.py", line 126, in import_module
    return _bootstrap._gcd_import(name[level:], package, level)
           ^^^^^^^^^^^^^^^^^^^^^^^^^^^^^^^^^^^^^^^^^^^^^^^^^^^^
  File "<frozen importlib._bootstrap>", line 1206, in _gcd_import
  File "<frozen importlib._bootstrap>", line 1178, in _find_and_load
  File "<frozen importlib._bootstrap>", line 1128, in _find_and_load_unlocked
  File "<frozen importlib._bootstrap>", line 241, in _call_with_frames_removed
  File "<frozen importlib._bootstrap>", line 1206, in _gcd_import
  File "<frozen importlib._bootstrap>", line 1178, in _find_and_load
  File "<frozen importlib._bootstrap>", line 1142, in _find_and_load_unlocked
ModuleNotFoundError: No module named 'app'
WARNING:  WatchFiles detected changes in 'backend\app\api\dispatches.py'. Reloading...
Process SpawnProcess-21:
Traceback (most recent call last):
  File "C:\Users\TUAN-CP\AppData\Local\Programs\Python\Python311\Lib\multiprocessing\process.py", line 314, in _bootstrap
    self.run()
  File "C:\Users\TUAN-CP\AppData\Local\Programs\Python\Python311\Lib\multiprocessing\process.py", line 108, in run
    self._target(*self._args, **self._kwargs)
  File "C:\Users\TUAN-CP\AppData\Local\Programs\Python\Python311\Lib\site-packages\uvicorn\_subprocess.py", line 80, in subprocess_started
    target(sockets=sockets)
  File "C:\Users\TUAN-CP\AppData\Local\Programs\Python\Python311\Lib\site-packages\uvicorn\server.py", line 66, in run
    return asyncio.run(self.serve(sockets=sockets))
           ^^^^^^^^^^^^^^^^^^^^^^^^^^^^^^^^^^^^^^^^
  File "C:\Users\TUAN-CP\AppData\Local\Programs\Python\Python311\Lib\asyncio\runners.py", line 190, in run
    return runner.run(main)
           ^^^^^^^^^^^^^^^^
  File "C:\Users\TUAN-CP\AppData\Local\Programs\Python\Python311\Lib\asyncio\runners.py", line 118, in run
    return self._loop.run_until_complete(task)
           ^^^^^^^^^^^^^^^^^^^^^^^^^^^^^^^^^^^
  File "C:\Users\TUAN-CP\AppData\Local\Programs\Python\Python311\Lib\asyncio\base_events.py", line 650, in run_until_complete
    return future.result()
           ^^^^^^^^^^^^^^^
  File "C:\Users\TUAN-CP\AppData\Local\Programs\Python\Python311\Lib\site-packages\uvicorn\server.py", line 70, in serve
    await self._serve(sockets)
  File "C:\Users\TUAN-CP\AppData\Local\Programs\Python\Python311\Lib\site-packages\uvicorn\server.py", line 77, in _serve
    config.load()
  File "C:\Users\TUAN-CP\AppData\Local\Programs\Python\Python311\Lib\site-packages\uvicorn\config.py", line 435, in load
    self.loaded_app = import_from_string(self.app)
                      ^^^^^^^^^^^^^^^^^^^^^^^^^^^^
  File "C:\Users\TUAN-CP\AppData\Local\Programs\Python\Python311\Lib\site-packages\uvicorn\importer.py", line 22, in import_from_string
    raise exc from None
  File "C:\Users\TUAN-CP\AppData\Local\Programs\Python\Python311\Lib\site-packages\uvicorn\importer.py", line 19, in import_from_string
    module = importlib.import_module(module_str)
             ^^^^^^^^^^^^^^^^^^^^^^^^^^^^^^^^^^^
  File "C:\Users\TUAN-CP\AppData\Local\Programs\Python\Python311\Lib\importlib\__init__.py", line 126, in import_module
    return _bootstrap._gcd_import(name[level:], package, level)
           ^^^^^^^^^^^^^^^^^^^^^^^^^^^^^^^^^^^^^^^^^^^^^^^^^^^^
  File "<frozen importlib._bootstrap>", line 1206, in _gcd_import
  File "<frozen importlib._bootstrap>", line 1178, in _find_and_load
  File "<frozen importlib._bootstrap>", line 1128, in _find_and_load_unlocked
  File "<frozen importlib._bootstrap>", line 241, in _call_with_frames_removed
  File "<frozen importlib._bootstrap>", line 1206, in _gcd_import
  File "<frozen importlib._bootstrap>", line 1178, in _find_and_load
  File "<frozen importlib._bootstrap>", line 1142, in _find_and_load_unlocked
ModuleNotFoundError: No module named 'app'
WARNING:  WatchFiles detected changes in 'backend\app\api\dispatches.py'. Reloading...
Process SpawnProcess-22:
Traceback (most recent call last):
  File "C:\Users\TUAN-CP\AppData\Local\Programs\Python\Python311\Lib\multiprocessing\process.py", line 314, in _bootstrap
    self.run()
  File "C:\Users\TUAN-CP\AppData\Local\Programs\Python\Python311\Lib\multiprocessing\process.py", line 108, in run
    self._target(*self._args, **self._kwargs)
  File "C:\Users\TUAN-CP\AppData\Local\Programs\Python\Python311\Lib\site-packages\uvicorn\_subprocess.py", line 80, in subprocess_started
    target(sockets=sockets)
  File "C:\Users\TUAN-CP\AppData\Local\Programs\Python\Python311\Lib\site-packages\uvicorn\server.py", line 66, in run
    return asyncio.run(self.serve(sockets=sockets))
           ^^^^^^^^^^^^^^^^^^^^^^^^^^^^^^^^^^^^^^^^
  File "C:\Users\TUAN-CP\AppData\Local\Programs\Python\Python311\Lib\asyncio\runners.py", line 190, in run
    return runner.run(main)
           ^^^^^^^^^^^^^^^^
  File "C:\Users\TUAN-CP\AppData\Local\Programs\Python\Python311\Lib\asyncio\runners.py", line 118, in run
    return self._loop.run_until_complete(task)
           ^^^^^^^^^^^^^^^^^^^^^^^^^^^^^^^^^^^
  File "C:\Users\TUAN-CP\AppData\Local\Programs\Python\Python311\Lib\asyncio\base_events.py", line 650, in run_until_complete
    return future.result()
           ^^^^^^^^^^^^^^^
  File "C:\Users\TUAN-CP\AppData\Local\Programs\Python\Python311\Lib\site-packages\uvicorn\server.py", line 70, in serve
    await self._serve(sockets)
  File "C:\Users\TUAN-CP\AppData\Local\Programs\Python\Python311\Lib\site-packages\uvicorn\server.py", line 77, in _serve
    config.load()
  File "C:\Users\TUAN-CP\AppData\Local\Programs\Python\Python311\Lib\site-packages\uvicorn\config.py", line 435, in load
    self.loaded_app = import_from_string(self.app)
                      ^^^^^^^^^^^^^^^^^^^^^^^^^^^^
  File "C:\Users\TUAN-CP\AppData\Local\Programs\Python\Python311\Lib\site-packages\uvicorn\importer.py", line 22, in import_from_string
    raise exc from None
  File "C:\Users\TUAN-CP\AppData\Local\Programs\Python\Python311\Lib\site-packages\uvicorn\importer.py", line 19, in import_from_string
    module = importlib.import_module(module_str)
             ^^^^^^^^^^^^^^^^^^^^^^^^^^^^^^^^^^^
  File "C:\Users\TUAN-CP\AppData\Local\Programs\Python\Python311\Lib\importlib\__init__.py", line 126, in import_module
    return _bootstrap._gcd_import(name[level:], package, level)
           ^^^^^^^^^^^^^^^^^^^^^^^^^^^^^^^^^^^^^^^^^^^^^^^^^^^^
  File "<frozen importlib._bootstrap>", line 1206, in _gcd_import
  File "<frozen importlib._bootstrap>", line 1178, in _find_and_load
  File "<frozen importlib._bootstrap>", line 1128, in _find_and_load_unlocked
  File "<frozen importlib._bootstrap>", line 241, in _call_with_frames_removed
  File "<frozen importlib._bootstrap>", line 1206, in _gcd_import
  File "<frozen importlib._bootstrap>", line 1178, in _find_and_load
  File "<frozen importlib._bootstrap>", line 1142, in _find_and_load_unlocked
ModuleNotFoundError: No module named 'app'
WARNING:  WatchFiles detected changes in 'backend\app\api\dispatches.py'. Reloading...
Process SpawnProcess-23:
Traceback (most recent call last):
  File "C:\Users\TUAN-CP\AppData\Local\Programs\Python\Python311\Lib\multiprocessing\process.py", line 314, in _bootstrap
    self.run()
  File "C:\Users\TUAN-CP\AppData\Local\Programs\Python\Python311\Lib\multiprocessing\process.py", line 108, in run
    self._target(*self._args, **self._kwargs)
  File "C:\Users\TUAN-CP\AppData\Local\Programs\Python\Python311\Lib\site-packages\uvicorn\_subprocess.py", line 80, in subprocess_started
    target(sockets=sockets)
  File "C:\Users\TUAN-CP\AppData\Local\Programs\Python\Python311\Lib\site-packages\uvicorn\server.py", line 66, in run
    return asyncio.run(self.serve(sockets=sockets))
           ^^^^^^^^^^^^^^^^^^^^^^^^^^^^^^^^^^^^^^^^
  File "C:\Users\TUAN-CP\AppData\Local\Programs\Python\Python311\Lib\asyncio\runners.py", line 190, in run
    return runner.run(main)
           ^^^^^^^^^^^^^^^^
  File "C:\Users\TUAN-CP\AppData\Local\Programs\Python\Python311\Lib\asyncio\runners.py", line 118, in run
    return self._loop.run_until_complete(task)
           ^^^^^^^^^^^^^^^^^^^^^^^^^^^^^^^^^^^
  File "C:\Users\TUAN-CP\AppData\Local\Programs\Python\Python311\Lib\asyncio\base_events.py", line 650, in run_until_complete
    return future.result()
           ^^^^^^^^^^^^^^^
  File "C:\Users\TUAN-CP\AppData\Local\Programs\Python\Python311\Lib\site-packages\uvicorn\server.py", line 70, in serve
    await self._serve(sockets)
  File "C:\Users\TUAN-CP\AppData\Local\Programs\Python\Python311\Lib\site-packages\uvicorn\server.py", line 77, in _serve
    config.load()
  File "C:\Users\TUAN-CP\AppData\Local\Programs\Python\Python311\Lib\site-packages\uvicorn\config.py", line 435, in load
    self.loaded_app = import_from_string(self.app)
                      ^^^^^^^^^^^^^^^^^^^^^^^^^^^^
  File "C:\Users\TUAN-CP\AppData\Local\Programs\Python\Python311\Lib\site-packages\uvicorn\importer.py", line 22, in import_from_string
    raise exc from None
  File "C:\Users\TUAN-CP\AppData\Local\Programs\Python\Python311\Lib\site-packages\uvicorn\importer.py", line 19, in import_from_string
    module = importlib.import_module(module_str)
             ^^^^^^^^^^^^^^^^^^^^^^^^^^^^^^^^^^^
  File "C:\Users\TUAN-CP\AppData\Local\Programs\Python\Python311\Lib\importlib\__init__.py", line 126, in import_module
    return _bootstrap._gcd_import(name[level:], package, level)
           ^^^^^^^^^^^^^^^^^^^^^^^^^^^^^^^^^^^^^^^^^^^^^^^^^^^^
  File "<frozen importlib._bootstrap>", line 1206, in _gcd_import
  File "<frozen importlib._bootstrap>", line 1178, in _find_and_load
  File "<frozen importlib._bootstrap>", line 1128, in _find_and_load_unlocked
  File "<frozen importlib._bootstrap>", line 241, in _call_with_frames_removed
  File "<frozen importlib._bootstrap>", line 1206, in _gcd_import
  File "<frozen importlib._bootstrap>", line 1178, in _find_and_load
  File "<frozen importlib._bootstrap>", line 1142, in _find_and_load_unlocked
ModuleNotFoundError: No module named 'app'
WARNING:  WatchFiles detected changes in 'backend\app\api\dispatches.py'. Reloading...
Process SpawnProcess-24:
Traceback (most recent call last):
  File "C:\Users\TUAN-CP\AppData\Local\Programs\Python\Python311\Lib\multiprocessing\process.py", line 314, in _bootstrap
    self.run()
  File "C:\Users\TUAN-CP\AppData\Local\Programs\Python\Python311\Lib\multiprocessing\process.py", line 108, in run
    self._target(*self._args, **self._kwargs)
  File "C:\Users\TUAN-CP\AppData\Local\Programs\Python\Python311\Lib\site-packages\uvicorn\_subprocess.py", line 80, in subprocess_started
    target(sockets=sockets)
  File "C:\Users\TUAN-CP\AppData\Local\Programs\Python\Python311\Lib\site-packages\uvicorn\server.py", line 66, in run
    return asyncio.run(self.serve(sockets=sockets))
           ^^^^^^^^^^^^^^^^^^^^^^^^^^^^^^^^^^^^^^^^
  File "C:\Users\TUAN-CP\AppData\Local\Programs\Python\Python311\Lib\asyncio\runners.py", line 190, in run
    return runner.run(main)
           ^^^^^^^^^^^^^^^^
  File "C:\Users\TUAN-CP\AppData\Local\Programs\Python\Python311\Lib\asyncio\runners.py", line 118, in run
    return self._loop.run_until_complete(task)
           ^^^^^^^^^^^^^^^^^^^^^^^^^^^^^^^^^^^
  File "C:\Users\TUAN-CP\AppData\Local\Programs\Python\Python311\Lib\asyncio\base_events.py", line 650, in run_until_complete
    return future.result()
           ^^^^^^^^^^^^^^^
  File "C:\Users\TUAN-CP\AppData\Local\Programs\Python\Python311\Lib\site-packages\uvicorn\server.py", line 70, in serve
    await self._serve(sockets)
  File "C:\Users\TUAN-CP\AppData\Local\Programs\Python\Python311\Lib\site-packages\uvicorn\server.py", line 77, in _serve
    config.load()
  File "C:\Users\TUAN-CP\AppData\Local\Programs\Python\Python311\Lib\site-packages\uvicorn\config.py", line 435, in load
    self.loaded_app = import_from_string(self.app)
                      ^^^^^^^^^^^^^^^^^^^^^^^^^^^^
  File "C:\Users\TUAN-CP\AppData\Local\Programs\Python\Python311\Lib\site-packages\uvicorn\importer.py", line 22, in import_from_string
    raise exc from None
  File "C:\Users\TUAN-CP\AppData\Local\Programs\Python\Python311\Lib\site-packages\uvicorn\importer.py", line 19, in import_from_string
    module = importlib.import_module(module_str)
             ^^^^^^^^^^^^^^^^^^^^^^^^^^^^^^^^^^^
  File "C:\Users\TUAN-CP\AppData\Local\Programs\Python\Python311\Lib\importlib\__init__.py", line 126, in import_module
    return _bootstrap._gcd_import(name[level:], package, level)
           ^^^^^^^^^^^^^^^^^^^^^^^^^^^^^^^^^^^^^^^^^^^^^^^^^^^^
  File "<frozen importlib._bootstrap>", line 1206, in _gcd_import
  File "<frozen importlib._bootstrap>", line 1178, in _find_and_load
  File "<frozen importlib._bootstrap>", line 1128, in _find_and_load_unlocked
  File "<frozen importlib._bootstrap>", line 241, in _call_with_frames_removed
  File "<frozen importlib._bootstrap>", line 1206, in _gcd_import
  File "<frozen importlib._bootstrap>", line 1178, in _find_and_load
  File "<frozen importlib._bootstrap>", line 1142, in _find_and_load_unlocked
ModuleNotFoundError: No module named 'app'
WARNING:  WatchFiles detected changes in 'backend\scripts\admin\test_envelope_margins.py'. Reloading...
Process SpawnProcess-25:
Traceback (most recent call last):
  File "C:\Users\TUAN-CP\AppData\Local\Programs\Python\Python311\Lib\multiprocessing\process.py", line 314, in _bootstrap
    self.run()
  File "C:\Users\TUAN-CP\AppData\Local\Programs\Python\Python311\Lib\multiprocessing\process.py", line 108, in run
    self._target(*self._args, **self._kwargs)
  File "C:\Users\TUAN-CP\AppData\Local\Programs\Python\Python311\Lib\site-packages\uvicorn\_subprocess.py", line 80, in subprocess_started
    target(sockets=sockets)
  File "C:\Users\TUAN-CP\AppData\Local\Programs\Python\Python311\Lib\site-packages\uvicorn\server.py", line 66, in run
    return asyncio.run(self.serve(sockets=sockets))
           ^^^^^^^^^^^^^^^^^^^^^^^^^^^^^^^^^^^^^^^^
  File "C:\Users\TUAN-CP\AppData\Local\Programs\Python\Python311\Lib\asyncio\runners.py", line 190, in run
    return runner.run(main)
           ^^^^^^^^^^^^^^^^
  File "C:\Users\TUAN-CP\AppData\Local\Programs\Python\Python311\Lib\asyncio\runners.py", line 118, in run
    return self._loop.run_until_complete(task)
           ^^^^^^^^^^^^^^^^^^^^^^^^^^^^^^^^^^^
  File "C:\Users\TUAN-CP\AppData\Local\Programs\Python\Python311\Lib\asyncio\base_events.py", line 650, in run_until_complete
    return future.result()
           ^^^^^^^^^^^^^^^
  File "C:\Users\TUAN-CP\AppData\Local\Programs\Python\Python311\Lib\site-packages\uvicorn\server.py", line 70, in serve
    await self._serve(sockets)
  File "C:\Users\TUAN-CP\AppData\Local\Programs\Python\Python311\Lib\site-packages\uvicorn\server.py", line 77, in _serve
    config.load()
  File "C:\Users\TUAN-CP\AppData\Local\Programs\Python\Python311\Lib\site-packages\uvicorn\config.py", line 435, in load
    self.loaded_app = import_from_string(self.app)
                      ^^^^^^^^^^^^^^^^^^^^^^^^^^^^
  File "C:\Users\TUAN-CP\AppData\Local\Programs\Python\Python311\Lib\site-packages\uvicorn\importer.py", line 22, in import_from_string
    raise exc from None
  File "C:\Users\TUAN-CP\AppData\Local\Programs\Python\Python311\Lib\site-packages\uvicorn\importer.py", line 19, in import_from_string
    module = importlib.import_module(module_str)
             ^^^^^^^^^^^^^^^^^^^^^^^^^^^^^^^^^^^
  File "C:\Users\TUAN-CP\AppData\Local\Programs\Python\Python311\Lib\importlib\__init__.py", line 126, in import_module
    return _bootstrap._gcd_import(name[level:], package, level)
           ^^^^^^^^^^^^^^^^^^^^^^^^^^^^^^^^^^^^^^^^^^^^^^^^^^^^
  File "<frozen importlib._bootstrap>", line 1206, in _gcd_import
  File "<frozen importlib._bootstrap>", line 1178, in _find_and_load
  File "<frozen importlib._bootstrap>", line 1128, in _find_and_load_unlocked
  File "<frozen importlib._bootstrap>", line 241, in _call_with_frames_removed
  File "<frozen importlib._bootstrap>", line 1206, in _gcd_import
  File "<frozen importlib._bootstrap>", line 1178, in _find_and_load
  File "<frozen importlib._bootstrap>", line 1142, in _find_and_load_unlocked
ModuleNotFoundError: No module named 'app'
WARNING:  WatchFiles detected changes in 'backend\scripts\admin\test_envelope_margins.py'. Reloading...
Process SpawnProcess-26:
Traceback (most recent call last):
  File "C:\Users\TUAN-CP\AppData\Local\Programs\Python\Python311\Lib\multiprocessing\process.py", line 314, in _bootstrap
    self.run()
  File "C:\Users\TUAN-CP\AppData\Local\Programs\Python\Python311\Lib\multiprocessing\process.py", line 108, in run
    self._target(*self._args, **self._kwargs)
  File "C:\Users\TUAN-CP\AppData\Local\Programs\Python\Python311\Lib\site-packages\uvicorn\_subprocess.py", line 80, in subprocess_started
    target(sockets=sockets)
  File "C:\Users\TUAN-CP\AppData\Local\Programs\Python\Python311\Lib\site-packages\uvicorn\server.py", line 66, in run
    return asyncio.run(self.serve(sockets=sockets))
           ^^^^^^^^^^^^^^^^^^^^^^^^^^^^^^^^^^^^^^^^
  File "C:\Users\TUAN-CP\AppData\Local\Programs\Python\Python311\Lib\asyncio\runners.py", line 190, in run
    return runner.run(main)
           ^^^^^^^^^^^^^^^^
  File "C:\Users\TUAN-CP\AppData\Local\Programs\Python\Python311\Lib\asyncio\runners.py", line 118, in run
    return self._loop.run_until_complete(task)
           ^^^^^^^^^^^^^^^^^^^^^^^^^^^^^^^^^^^
  File "C:\Users\TUAN-CP\AppData\Local\Programs\Python\Python311\Lib\asyncio\base_events.py", line 650, in run_until_complete
    return future.result()
           ^^^^^^^^^^^^^^^
  File "C:\Users\TUAN-CP\AppData\Local\Programs\Python\Python311\Lib\site-packages\uvicorn\server.py", line 70, in serve
    await self._serve(sockets)
  File "C:\Users\TUAN-CP\AppData\Local\Programs\Python\Python311\Lib\site-packages\uvicorn\server.py", line 77, in _serve
    config.load()
  File "C:\Users\TUAN-CP\AppData\Local\Programs\Python\Python311\Lib\site-packages\uvicorn\config.py", line 435, in load
    self.loaded_app = import_from_string(self.app)
                      ^^^^^^^^^^^^^^^^^^^^^^^^^^^^
  File "C:\Users\TUAN-CP\AppData\Local\Programs\Python\Python311\Lib\site-packages\uvicorn\importer.py", line 22, in import_from_string
    raise exc from None
  File "C:\Users\TUAN-CP\AppData\Local\Programs\Python\Python311\Lib\site-packages\uvicorn\importer.py", line 19, in import_from_string
    module = importlib.import_module(module_str)
             ^^^^^^^^^^^^^^^^^^^^^^^^^^^^^^^^^^^
  File "C:\Users\TUAN-CP\AppData\Local\Programs\Python\Python311\Lib\importlib\__init__.py", line 126, in import_module
    return _bootstrap._gcd_import(name[level:], package, level)
           ^^^^^^^^^^^^^^^^^^^^^^^^^^^^^^^^^^^^^^^^^^^^^^^^^^^^
  File "<frozen importlib._bootstrap>", line 1206, in _gcd_import
  File "<frozen importlib._bootstrap>", line 1178, in _find_and_load
  File "<frozen importlib._bootstrap>", line 1128, in _find_and_load_unlocked
  File "<frozen importlib._bootstrap>", line 241, in _call_with_frames_removed
  File "<frozen importlib._bootstrap>", line 1206, in _gcd_import
  File "<frozen importlib._bootstrap>", line 1178, in _find_and_load
  File "<frozen importlib._bootstrap>", line 1142, in _find_and_load_unlocked
ModuleNotFoundError: No module named 'app'
WARNING:  WatchFiles detected changes in 'backend\scripts\admin\test_envelope_margins.py'. Reloading...
Process SpawnProcess-27:
Traceback (most recent call last):
  File "C:\Users\TUAN-CP\AppData\Local\Programs\Python\Python311\Lib\multiprocessing\process.py", line 314, in _bootstrap
    self.run()
  File "C:\Users\TUAN-CP\AppData\Local\Programs\Python\Python311\Lib\multiprocessing\process.py", line 108, in run
    self._target(*self._args, **self._kwargs)
  File "C:\Users\TUAN-CP\AppData\Local\Programs\Python\Python311\Lib\site-packages\uvicorn\_subprocess.py", line 80, in subprocess_started
    target(sockets=sockets)
  File "C:\Users\TUAN-CP\AppData\Local\Programs\Python\Python311\Lib\site-packages\uvicorn\server.py", line 66, in run
    return asyncio.run(self.serve(sockets=sockets))
           ^^^^^^^^^^^^^^^^^^^^^^^^^^^^^^^^^^^^^^^^
  File "C:\Users\TUAN-CP\AppData\Local\Programs\Python\Python311\Lib\asyncio\runners.py", line 190, in run
    return runner.run(main)
           ^^^^^^^^^^^^^^^^
  File "C:\Users\TUAN-CP\AppData\Local\Programs\Python\Python311\Lib\asyncio\runners.py", line 118, in run
    return self._loop.run_until_complete(task)
           ^^^^^^^^^^^^^^^^^^^^^^^^^^^^^^^^^^^
  File "C:\Users\TUAN-CP\AppData\Local\Programs\Python\Python311\Lib\asyncio\base_events.py", line 650, in run_until_complete
    return future.result()
           ^^^^^^^^^^^^^^^
  File "C:\Users\TUAN-CP\AppData\Local\Programs\Python\Python311\Lib\site-packages\uvicorn\server.py", line 70, in serve
    await self._serve(sockets)
  File "C:\Users\TUAN-CP\AppData\Local\Programs\Python\Python311\Lib\site-packages\uvicorn\server.py", line 77, in _serve
    config.load()
  File "C:\Users\TUAN-CP\AppData\Local\Programs\Python\Python311\Lib\site-packages\uvicorn\config.py", line 435, in load
    self.loaded_app = import_from_string(self.app)
                      ^^^^^^^^^^^^^^^^^^^^^^^^^^^^
  File "C:\Users\TUAN-CP\AppData\Local\Programs\Python\Python311\Lib\site-packages\uvicorn\importer.py", line 22, in import_from_string
    raise exc from None
  File "C:\Users\TUAN-CP\AppData\Local\Programs\Python\Python311\Lib\site-packages\uvicorn\importer.py", line 19, in import_from_string
    module = importlib.import_module(module_str)
             ^^^^^^^^^^^^^^^^^^^^^^^^^^^^^^^^^^^
  File "C:\Users\TUAN-CP\AppData\Local\Programs\Python\Python311\Lib\importlib\__init__.py", line 126, in import_module
    return _bootstrap._gcd_import(name[level:], package, level)
           ^^^^^^^^^^^^^^^^^^^^^^^^^^^^^^^^^^^^^^^^^^^^^^^^^^^^
  File "<frozen importlib._bootstrap>", line 1206, in _gcd_import
  File "<frozen importlib._bootstrap>", line 1178, in _find_and_load
  File "<frozen importlib._bootstrap>", line 1128, in _find_and_load_unlocked
  File "<frozen importlib._bootstrap>", line 241, in _call_with_frames_removed
  File "<frozen importlib._bootstrap>", line 1206, in _gcd_import
  File "<frozen importlib._bootstrap>", line 1178, in _find_and_load
  File "<frozen importlib._bootstrap>", line 1142, in _find_and_load_unlocked
ModuleNotFoundError: No module named 'app'
lue=40435200
09:59:24 app.api.contracts WARNING [LIST_API] id=4286 contract_no=0909/2026/HĐQTGAN-PN/PR royalty_before_vat=13478400 so_tien_value=14556672
09:59:24 app.api.contracts WARNING [LIST_API] id=4285 contract_no=0907/2026/HĐQTGAN-PN/PR royalty_before_vat=21715200 so_tien_value=23452416
09:59:24 app.api.contracts WARNING [LIST_API] id=4284 contract_no=0905/2026/HĐQTGAN-PN/PR royalty_before_vat=25646400 so_tien_value=27698112
09:59:24 app.api.contracts WARNING [LIST_API] id=4283 contract_no=0892/2026/HĐQTGAN-PN/PR royalty_before_vat=11980800 so_tien_value=12939264
09:59:24 app.api.contracts WARNING [LIST_API] id=4282 contract_no=0879/2026/HĐQTGAN-PN/PR royalty_before_vat=8424000 so_tien_value=9097920
09:59:24 app.api.contracts WARNING [LIST_API] id=4281 contract_no=0867/2026/HĐQTGAN-PN/PR royalty_before_vat=37440000 so_tien_value=40435200
09:59:24 app.api.contracts WARNING [LIST_API] id=4280 contract_no=0861/2026/HĐQTGAN-PN/PR royalty_before_vat=45302400 so_tien_value=48926592
09:59:24 app.api.contracts WARNING [LIST_API] id=4279 contract_no=0857/2026/HĐQTGAN-PN/PR royalty_before_vat=19094400 so_tien_value=20621952
09:59:24 app.api.contracts WARNING [LIST_API] id=4278 contract_no=0870/2026/HĐQTGAN-PN/PR royalty_before_vat=7488000 so_tien_value=8087040
09:59:24 app.api.contracts WARNING [LIST_API] id=4277 contract_no=0887/2026/HĐQTGAN-PN/PR royalty_before_vat=29952000 so_tien_value=32348160
09:59:24 app.api.contracts WARNING [LIST_API] id=4276 contract_no=0889/2026/HĐQTGAN-PN/PR royalty_before_vat=17971200 so_tien_value=19408896
09:59:24 app.api.contracts WARNING [LIST_API] id=4275 contract_no=0895/2026/HĐQTGAN-PN/PR royalty_before_vat=38188800 so_tien_value=41243904
09:59:31 app.api.contracts WARNING [LIST_API] id=4304 contract_no=0999/2026/HĐQTGAN-PN/PR royalty_before_vat=47324160 so_tien_value=51110093
09:59:31 app.api.contracts WARNING [LIST_API] id=4303 contract_no=0989/2026/HĐQTGAN-PN/PR royalty_before_vat=23961600 so_tien_value=25878528
09:59:31 app.api.contracts WARNING [LIST_API] id=4302 contract_no=0984/2026/HĐQTGAN-PN/PR royalty_before_vat=40809600 so_tien_value=44074368
09:59:31 app.api.contracts WARNING [LIST_API] id=4301 contract_no=0978/2026/HĐQTGAN-PN/PR royalty_before_vat=17971200 so_tien_value=19408896
09:59:31 app.api.contracts WARNING [LIST_API] id=4300 contract_no=0967/2026/HĐQTGAN-PN/PR royalty_before_vat=7488000 so_tien_value=8087040
09:59:31 app.api.contracts WARNING [LIST_API] id=4299 contract_no=0960/2026/HĐQTGAN-PN/PR royalty_before_vat=98467200 so_tien_value=106344576
09:59:31 app.api.contracts WARNING [LIST_API] id=4298 contract_no=0956/2026/HĐQTGAN-PN/PR royalty_before_vat=43430400 so_tien_value=46904832
09:59:31 app.api.contracts WARNING [LIST_API] id=4297 contract_no=0954/2026/HĐQTGAN-PN/PR royalty_before_vat=64396800 so_tien_value=69548544
09:59:31 app.api.contracts WARNING [LIST_API] id=4296 contract_no=0945/2026/HĐQTGAN-PN/PR royalty_before_vat=59155200 so_tien_value=63887616
09:59:31 app.api.contracts WARNING [LIST_API] id=4295 contract_no=0942/2026/HĐQTGAN-PN/PR royalty_before_vat=82742400 so_tien_value=89361792
09:59:31 app.api.contracts WARNING [LIST_API] id=4294 contract_no=0940/2026/HĐQTGAN-PN/PR royalty_before_vat=64396800 so_tien_value=69548544
09:59:31 app.api.contracts WARNING [LIST_API] id=4293 contract_no=0925/2026/HĐQTGAN-PN/PR royalty_before_vat=17784000 so_tien_value=19206720
09:59:31 app.api.contracts WARNING [LIST_API] id=4292 contract_no=0924/2026/HĐQTGAN-PN/PR royalty_before_vat=24336000 so_tien_value=26282880
09:59:31 app.api.contracts WARNING [LIST_API] id=4291 contract_no=0919/2026/HĐQTGAN-PN/PR royalty_before_vat=36129600 so_tien_value=39019968
09:59:31 app.api.contracts WARNING [LIST_API] id=4290 contract_no=0918/2026/HĐQTGAN-PN/PR royalty_before_vat=38750400 so_tien_value=41850432
09:59:31 app.api.contracts WARNING [LIST_API] id=4289 contract_no=0917/2026/HĐQTGAN-PN/PR royalty_before_vat=21715200 so_tien_value=23452416
09:59:31 app.api.contracts WARNING [LIST_API] id=4288 contract_no=0935/2026/HĐQTGAN-PN/PR royalty_before_vat=17784000 so_tien_value=19206720
09:59:31 app.api.contracts WARNING [LIST_API] id=4287 contract_no=0915/2026/HĐQTGAN-PN/PR royalty_before_vat=37440000 so_tien_value=40435200
09:59:31 app.api.contracts WARNING [LIST_API] id=4286 contract_no=0909/2026/HĐQTGAN-PN/PR royalty_before_vat=13478400 so_tien_value=14556672
09:59:31 app.api.contracts WARNING [LIST_API] id=4285 contract_no=0907/2026/HĐQTGAN-PN/PR royalty_before_vat=21715200 so_tien_value=23452416
09:59:31 app.api.contracts WARNING [LIST_API] id=4284 contract_no=0905/2026/HĐQTGAN-PN/PR royalty_before_vat=25646400 so_tien_value=27698112
09:59:31 app.api.contracts WARNING [LIST_API] id=4283 contract_no=0892/2026/HĐQTGAN-PN/PR royalty_before_vat=11980800 so_tien_value=12939264
09:59:31 app.api.contracts WARNING [LIST_API] id=4282 contract_no=0879/2026/HĐQTGAN-PN/PR royalty_before_vat=8424000 so_tien_value=9097920
09:59:31 app.api.contracts WARNING [LIST_API] id=4281 contract_no=0867/2026/HĐQTGAN-PN/PR royalty_before_vat=37440000 so_tien_value=40435200
09:59:31 app.api.contracts WARNING [LIST_API] id=4280 contract_no=0861/2026/HĐQTGAN-PN/PR royalty_before_vat=45302400 so_tien_value=48926592
09:59:31 app.api.contracts WARNING [LIST_API] id=4279 contract_no=0857/2026/HĐQTGAN-PN/PR royalty_before_vat=19094400 so_tien_value=20621952
09:59:31 app.api.contracts WARNING [LIST_API] id=4278 contract_no=0870/2026/HĐQTGAN-PN/PR royalty_before_vat=7488000 so_tien_value=8087040
09:59:32 app.api.contracts WARNING [LIST_API] id=4277 contract_no=0887/2026/HĐQTGAN-PN/PR royalty_before_vat=29952000 so_tien_value=32348160
09:59:32 app.api.contracts WARNING [LIST_API] id=4276 contract_no=0889/2026/HĐQTGAN-PN/PR royalty_before_vat=17971200 so_tien_value=19408896
09:59:32 app.api.contracts WARNING [LIST_API] id=4275 contract_no=0895/2026/HĐQTGAN-PN/PR royalty_before_vat=38188800 so_tien_value=41243904
10:25:55 app.api.contracts WARNING [LIST_API] id=4304 contract_no=0999/2026/HĐQTGAN-PN/PR royalty_before_vat=47324160 so_tien_value=51110093
10:25:55 app.api.contracts WARNING [LIST_API] id=4303 contract_no=0989/2026/HĐQTGAN-PN/PR royalty_before_vat=23961600 so_tien_value=25878528
10:25:55 app.api.contracts WARNING [LIST_API] id=4302 contract_no=0984/2026/HĐQTGAN-PN/PR royalty_before_vat=40809600 so_tien_value=44074368
10:25:55 app.api.contracts WARNING [LIST_API] id=4301 contract_no=0978/2026/HĐQTGAN-PN/PR royalty_before_vat=17971200 so_tien_value=19408896
10:25:55 app.api.contracts WARNING [LIST_API] id=4300 contract_no=0967/2026/HĐQTGAN-PN/PR royalty_before_vat=7488000 so_tien_value=8087040
10:25:55 app.api.contracts WARNING [LIST_API] id=4299 contract_no=0960/2026/HĐQTGAN-PN/PR royalty_before_vat=98467200 so_tien_value=106344576
10:25:55 app.api.contracts WARNING [LIST_API] id=4298 contract_no=0956/2026/HĐQTGAN-PN/PR royalty_before_vat=43430400 so_tien_value=46904832
10:25:55 app.api.contracts WARNING [LIST_API] id=4297 contract_no=0954/2026/HĐQTGAN-PN/PR royalty_before_vat=64396800 so_tien_value=69548544
10:25:55 app.api.contracts WARNING [LIST_API] id=4296 contract_no=0945/2026/HĐQTGAN-PN/PR royalty_before_vat=59155200 so_tien_value=63887616
10:25:55 app.api.contracts WARNING [LIST_API] id=4295 contract_no=0942/2026/HĐQTGAN-PN/PR royalty_before_vat=82742400 so_tien_value=89361792
10:25:55 app.api.contracts WARNING [LIST_API] id=4294 contract_no=0940/2026/HĐQTGAN-PN/PR royalty_before_vat=64396800 so_tien_value=69548544
10:25:55 app.api.contracts WARNING [LIST_API] id=4293 contract_no=0925/2026/HĐQTGAN-PN/PR royalty_before_vat=17784000 so_tien_value=19206720
10:25:55 app.api.contracts WARNING [LIST_API] id=4292 contract_no=0924/2026/HĐQTGAN-PN/PR royalty_before_vat=24336000 so_tien_value=26282880
10:25:55 app.api.contracts WARNING [LIST_API] id=4291 contract_no=0919/2026/HĐQTGAN-PN/PR royalty_before_vat=36129600 so_tien_value=39019968
10:25:55 app.api.contracts WARNING [LIST_API] id=4290 contract_no=0918/2026/HĐQTGAN-PN/PR royalty_before_vat=38750400 so_tien_value=41850432
10:25:55 app.api.contracts WARNING [LIST_API] id=4289 contract_no=0917/2026/HĐQTGAN-PN/PR royalty_before_vat=21715200 so_tien_value=23452416
10:25:55 app.api.contracts WARNING [LIST_API] id=4288 contract_no=0935/2026/HĐQTGAN-PN/PR royalty_before_vat=17784000 so_tien_value=19206720
10:25:55 app.api.contracts WARNING [LIST_API] id=4287 contract_no=0915/2026/HĐQTGAN-PN/PR royalty_before_vat=37440000 so_tien_value=40435200
10:25:55 app.api.contracts WARNING [LIST_API] id=4286 contract_no=0909/2026/HĐQTGAN-PN/PR royalty_before_vat=13478400 so_tien_value=14556672
10:25:55 app.api.contracts WARNING [LIST_API] id=4285 contract_no=0907/2026/HĐQTGAN-PN/PR royalty_before_vat=21715200 so_tien_value=23452416
10:25:55 app.api.contracts WARNING [LIST_API] id=4284 contract_no=0905/2026/HĐQTGAN-PN/PR royalty_before_vat=25646400 so_tien_value=27698112
10:25:55 app.api.contracts WARNING [LIST_API] id=4283 contract_no=0892/2026/HĐQTGAN-PN/PR royalty_before_vat=11980800 so_tien_value=12939264
10:25:55 app.api.contracts WARNING [LIST_API] id=4282 contract_no=0879/2026/HĐQTGAN-PN/PR royalty_before_vat=8424000 so_tien_value=9097920
10:25:55 app.api.contracts WARNING [LIST_API] id=4281 contract_no=0867/2026/HĐQTGAN-PN/PR royalty_before_vat=37440000 so_tien_value=40435200
10:25:55 app.api.contracts WARNING [LIST_API] id=4280 contract_no=0861/2026/HĐQTGAN-PN/PR royalty_before_vat=45302400 so_tien_value=48926592
10:25:55 app.api.contracts WARNING [LIST_API] id=4279 contract_no=0857/2026/HĐQTGAN-PN/PR royalty_before_vat=19094400 so_tien_value=20621952
10:25:55 app.api.contracts WARNING [LIST_API] id=4278 contract_no=0870/2026/HĐQTGAN-PN/PR royalty_before_vat=7488000 so_tien_value=8087040
10:25:55 app.api.contracts WARNING [LIST_API] id=4277 contract_no=0887/2026/HĐQTGAN-PN/PR royalty_before_vat=29952000 so_tien_value=32348160
10:25:55 app.api.contracts WARNING [LIST_API] id=4276 contract_no=0889/2026/HĐQTGAN-PN/PR royalty_before_vat=17971200 so_tien_value=19408896
10:25:55 app.api.contracts WARNING [LIST_API] id=4275 contract_no=0895/2026/HĐQTGAN-PN/PR royalty_before_vat=38188800 so_tien_value=41243904
10:27:59 app.api.contracts WARNING [UPDATE_CONTRACT] === START update_contract id=4304 ===
10:27:59 app.api.contracts WARNING [UPDATE_CONTRACT] payload={'contract_no': '0999/2026/HĐQTGAN-PN/PR', 'ngay_lap_hop_dong': '2026-06-22', 'contract_year': 2026, 'region_code': 'HĐQTGAN-PN', 'field_code': 'PR', 'linh_vuc': 'Karaoke', 'don_vi_ten': 'CÔNG TY TNHH DỊCH VỤ GIẢI TRÍ KARAOKE ICOOL 15', 'ten_bang_hieu': 'KARAOKE ICOOL', 'don_vi_dia_chi': '201-203-205 Bàu Cát, phường Tân Bình, TP. Hồ Chí Minh', 'dia_chi_su_dung': '201-203-205 Bàu Cát, phường Tân Bình, TP. Hồ Chí Minh', 'legal_address_line': '', 'legal_full_address': '', 'usage_same_as_legal': True, 'usage_address_line': '201-203-205 Bàu Cát, phường Tân Bình, TP. Hồ Chí Minh', 'usage_full_address': '201-203-205 Bàu Cát, phường Tân Bình, TP. Hồ Chí Minh', 'don_vi_dien_thoai': 'Ms. Mai: 0938939116', 'don_vi_email': 'icphaply@karaoke.com.vn', 'don_vi_nguoi_dai_dien': 'Ông Trần Bảo Trung', 'don_vi_chuc_vu': 'Giám đốc', 'don_vi_mst': '0315986555', 'ngay_bat_dau': '2026-06-19', 'ngay_ket_thuc': '2027-06-18', 'renewal_status': 'RENEWED', 'loai_hinh_karaoke': '', 'music_usage_areas': [{'area_name': 'Tầng 2: P. 101, P. 102, P. 103, P. 104, P. 105, P. 107', 'scale_description': '06 phòng (từ 20m² đến 30m²)', 'music_usage_type': ''}, {'area_name': 'Tầng 3: P. 201, P. 202, P. 204, P. 205, P. 206, P. 207, P. 208', 'scale_description': '07 phòng (từ 20m² đến 30m²)', 'music_usage_type': ''}, {'area_name': 'Tầng 4: P. 301, P. 302, P. 303, P. 304, P. 305, P. 306,  P. 307, P. 308', 'scale_description': '08 phòng (từ 20m² đến 30m²)', 'music_usage_type': ''}, {'area_name': 'Tầng 5: P. 401, P. 402', 'scale_description': '02 phòng (từ 20m² đến 30m²)', 'music_usage_type': ''}], 'royalty_amount_before_vat': 47324160, 'vat_rate': 8.0, 'vat_amount': 3785933, 'royalty_amount_after_vat': 51110093, 'contract_note': ''}
10:27:59 app.api.contracts WARNING [UPDATE_CONTRACT] user=tuan.dpa@vcpmc.org role=admin permissions=['admin.data.manage', 'admin.ops.view', 'admin.system.manage', 'admin.users.manage', 'annexes.create', 'annexes.delete', 'annexes.read', 'annexes.update', 'catalogue.upload', 'contracts.create', 'contracts.delete', 'contracts.read', 'contracts.update', 'portal.access', 'reports.export', 'reports.view', 'works.import', 'works.read', 'youtube.cookies.manage']
10:27:59 app.api.contracts WARNING [UPDATE_CONTRACT] has_update=True has_write=False
10:27:59 app.api.contracts WARNING [UPDATE_CONTRACT] row found: True, id=4304, contract_no=0999/2026/HĐQTGAN-PN/PR
10:27:59 app.api.contracts WARNING [UPDATE_CONTRACT] payload_dict={'contract_no': '0999/2026/HĐQTGAN-PN/PR', 'ngay_lap_hop_dong': '2026-06-22', 'contract_year': 2026, 'region_code': 'HĐQTGAN-PN', 'field_code': 'PR', 'linh_vuc': 'Karaoke', 'don_vi_ten': 'CÔNG TY TNHH DỊCH VỤ GIẢI TRÍ KARAOKE ICOOL 15', 'ten_bang_hieu': 'KARAOKE ICOOL', 'don_vi_dia_chi': '201-203-205 Bàu Cát, phường Tân Bình, TP. Hồ Chí Minh', 'dia_chi_su_dung': '201-203-205 Bàu Cát, phường Tân Bình, TP. Hồ Chí Minh', 'legal_address_line': '', 'legal_full_address': '', 'usage_same_as_legal': True, 'usage_address_line': '201-203-205 Bàu Cát, phường Tân Bình, TP. Hồ Chí Minh', 'usage_full_address': '201-203-205 Bàu Cát, phường Tân Bình, TP. Hồ Chí Minh', 'don_vi_dien_thoai': 'Ms. Mai: 0938939116', 'don_vi_email': 'icphaply@karaoke.com.vn', 'don_vi_nguoi_dai_dien': 'Ông Trần Bảo Trung', 'don_vi_chuc_vu': 'Giám đốc', 'don_vi_mst': '0315986555', 'ngay_bat_dau': '2026-06-19', 'ngay_ket_thuc': '2027-06-18', 'renewal_status': 'RENEWED', 'loai_hinh_karaoke': '', 'music_usage_areas': [{'area_name': 'Tầng 2: P. 101, P. 102, P. 103, P. 104, P. 105, P. 107', 'scale_description': '06 phòng (từ 20m² đến 30m²)', 'music_usage_type': ''}, {'area_name': 'Tầng 3: P. 201, P. 202, P. 204, P. 205, P. 206, P. 207, P. 208', 'scale_description': '07 phòng (từ 20m² đến 30m²)', 'music_usage_type': ''}, {'area_name': 'Tầng 4: P. 301, P. 302, P. 303, P. 304, P. 305, P. 306,  P. 307, P. 308', 'scale_description': '08 phòng (từ 20m² đến 30m²)', 'music_usage_type': ''}, {'area_name': 'Tầng 5: P. 401, P. 402', 'scale_description': '02 phòng (từ 20m² đến 30m²)', 'music_usage_type': ''}], 'royalty_amount_before_vat': 47324160, 'vat_rate': 8.0, 'vat_amount': 3785933, 'royalty_amount_after_vat': 51110093, 'contract_note': ''}
10:27:59 app.api.contracts WARNING [UPDATE_CONTRACT] sync done: updated_fields=['contract_note', 'legal_address_line', 'legal_full_address', 'linh_vuc', 'loai_hinh_karaoke', 'music_usage_areas', 'ngay_bat_dau', 'ngay_ket_thuc', 'ngay_lap_hop_dong', 'renewal_status', 'usage_address_line']
10:37:07 app.api.contracts WARNING [LIST_API] id=4269 contract_no=0849/2026/HĐQTGAN-PN/PR royalty_before_vat=13478400 so_tien_value=14556672
10:37:07 app.api.contracts WARNING [LIST_API] id=4029 contract_no=0845/2025/HĐQTGAN-PN/PR royalty_before_vat=10000000 so_tien_value=10000000
10:37:07 app.api.contracts WARNING [LIST_API] id=3944 contract_no=0840/2024/HĐQTGAN-PN/PR royalty_before_vat=None so_tien_value=None
10:37:07 app.api.contracts WARNING [LIST_API] id=3878 contract_no=0084/2024/HĐQTGAN-PN/PR royalty_before_vat=None so_tien_value=None
10:37:07 app.api.contracts WARNING [LIST_API] id=436 contract_no=1084/2023/HĐQTGAN-PN/MR royalty_before_vat=1000000 so_tien_value=1097222
10:37:07 app.api.contracts WARNING [LIST_API] id=3235 contract_no=084/2020/HĐQTGAN-PN/PR royalty_before_vat=11664000 so_tien_value=12830400
10:37:07 app.api.contracts WARNING [LIST_API] id=2706 contract_no=2084/2018/HĐQTGAN-PN/PR royalty_before_vat=12600000 so_tien_value=13860000
10:37:07 app.api.contracts WARNING [LIST_API] id=4269 contract_no=0849/2026/HĐQTGAN-PN/PR royalty_before_vat=13478400 so_tien_value=14556672
10:37:07 app.api.contracts WARNING [LIST_API] id=4029 contract_no=0845/2025/HĐQTGAN-PN/PR royalty_before_vat=10000000 so_tien_value=10000000
10:37:07 app.api.contracts WARNING [LIST_API] id=3944 contract_no=0840/2024/HĐQTGAN-PN/PR royalty_before_vat=None so_tien_value=None
10:37:07 app.api.contracts WARNING [LIST_API] id=3878 contract_no=0084/2024/HĐQTGAN-PN/PR royalty_before_vat=None so_tien_value=None
10:37:07 app.api.contracts WARNING [LIST_API] id=436 contract_no=1084/2023/HĐQTGAN-PN/MR royalty_before_vat=1000000 so_tien_value=1097222
10:37:07 app.api.contracts WARNING [LIST_API] id=3235 contract_no=084/2020/HĐQTGAN-PN/PR royalty_before_vat=11664000 so_tien_value=12830400
10:37:07 app.api.contracts WARNING [LIST_API] id=2706 contract_no=2084/2018/HĐQTGAN-PN/PR royalty_before_vat=12600000 so_tien_value=13860000
11:14:53 app.api.contracts WARNING [LIST_API] id=4304 contract_no=0999/2026/HĐQTGAN-PN/PR royalty_before_vat=47324160 so_tien_value=51110093
11:14:53 app.api.contracts WARNING [LIST_API] id=4303 contract_no=0989/2026/HĐQTGAN-PN/PR royalty_before_vat=23961600 so_tien_value=25878528
11:14:53 app.api.contracts WARNING [LIST_API] id=4302 contract_no=0984/2026/HĐQTGAN-PN/PR royalty_before_vat=40809600 so_tien_value=44074368
11:14:53 app.api.contracts WARNING [LIST_API] id=4301 contract_no=0978/2026/HĐQTGAN-PN/PR royalty_before_vat=17971200 so_tien_value=19408896
11:14:53 app.api.contracts WARNING [LIST_API] id=4300 contract_no=0967/2026/HĐQTGAN-PN/PR royalty_before_vat=7488000 so_tien_value=8087040
11:14:53 app.api.contracts WARNING [LIST_API] id=4299 contract_no=0960/2026/HĐQTGAN-PN/PR royalty_before_vat=98467200 so_tien_value=106344576
11:14:53 app.api.contracts WARNING [LIST_API] id=4298 contract_no=0956/2026/HĐQTGAN-PN/PR royalty_before_vat=43430400 so_tien_value=46904832
11:14:53 app.api.contracts WARNING [LIST_API] id=4297 contract_no=0954/2026/HĐQTGAN-PN/PR royalty_before_vat=64396800 so_tien_value=69548544
11:14:53 app.api.contracts WARNING [LIST_API] id=4296 contract_no=0945/2026/HĐQTGAN-PN/PR royalty_before_vat=59155200 so_tien_value=63887616
11:14:53 app.api.contracts WARNING [LIST_API] id=4295 contract_no=0942/2026/HĐQTGAN-PN/PR royalty_before_vat=82742400 so_tien_value=89361792
11:14:53 app.api.contracts WARNING [LIST_API] id=4294 contract_no=0940/2026/HĐQTGAN-PN/PR royalty_before_vat=64396800 so_tien_value=69548544
11:14:53 app.api.contracts WARNING [LIST_API] id=4293 contract_no=0925/2026/HĐQTGAN-PN/PR royalty_before_vat=17784000 so_tien_value=19206720
11:14:53 app.api.contracts WARNING [LIST_API] id=4292 contract_no=0924/2026/HĐQTGAN-PN/PR royalty_before_vat=24336000 so_tien_value=26282880
11:14:53 app.api.contracts WARNING [LIST_API] id=4291 contract_no=0919/2026/HĐQTGAN-PN/PR royalty_before_vat=36129600 so_tien_value=39019968
11:14:53 app.api.contracts WARNING [LIST_API] id=4290 contract_no=0918/2026/HĐQTGAN-PN/PR royalty_before_vat=38750400 so_tien_value=41850432
11:14:53 app.api.contracts WARNING [LIST_API] id=4289 contract_no=0917/2026/HĐQTGAN-PN/PR royalty_before_vat=21715200 so_tien_value=23452416
11:14:53 app.api.contracts WARNING [LIST_API] id=4288 contract_no=0935/2026/HĐQTGAN-PN/PR royalty_before_vat=17784000 so_tien_value=19206720
11:14:53 app.api.contracts WARNING [LIST_API] id=4287 contract_no=0915/2026/HĐQTGAN-PN/PR royalty_before_vat=37440000 so_tien_value=40435200
11:14:53 app.api.contracts WARNING [LIST_API] id=4286 contract_no=0909/2026/HĐQTGAN-PN/PR royalty_before_vat=13478400 so_tien_value=14556672
11:14:53 app.api.contracts WARNING [LIST_API] id=4285 contract_no=0907/2026/HĐQTGAN-PN/PR royalty_before_vat=21715200 so_tien_value=23452416
11:14:53 app.api.contracts WARNING [LIST_API] id=4284 contract_no=0905/2026/HĐQTGAN-PN/PR royalty_before_vat=25646400 so_tien_value=27698112
11:14:53 app.api.contracts WARNING [LIST_API] id=4283 contract_no=0892/2026/HĐQTGAN-PN/PR royalty_before_vat=11980800 so_tien_value=12939264
11:14:53 app.api.contracts WARNING [LIST_API] id=4282 contract_no=0879/2026/HĐQTGAN-PN/PR royalty_before_vat=8424000 so_tien_value=9097920
11:14:53 app.api.contracts WARNING [LIST_API] id=4281 contract_no=0867/2026/HĐQTGAN-PN/PR royalty_before_vat=37440000 so_tien_value=40435200
11:14:53 app.api.contracts WARNING [LIST_API] id=4280 contract_no=0861/2026/HĐQTGAN-PN/PR royalty_before_vat=45302400 so_tien_value=48926592
11:14:53 app.api.contracts WARNING [LIST_API] id=4279 contract_no=0857/2026/HĐQTGAN-PN/PR royalty_before_vat=19094400 so_tien_value=20621952
11:14:53 app.api.contracts WARNING [LIST_API] id=4278 contract_no=0870/2026/HĐQTGAN-PN/PR royalty_before_vat=7488000 so_tien_value=8087040
11:14:53 app.api.contracts WARNING [LIST_API] id=4277 contract_no=0887/2026/HĐQTGAN-PN/PR royalty_before_vat=29952000 so_tien_value=32348160
11:14:53 app.api.contracts WARNING [LIST_API] id=4276 contract_no=0889/2026/HĐQTGAN-PN/PR royalty_before_vat=17971200 so_tien_value=19408896
11:14:53 app.api.contracts WARNING [LIST_API] id=4275 contract_no=0895/2026/HĐQTGAN-PN/PR royalty_before_vat=38188800 so_tien_value=41243904
11:15:16 app.api.contracts WARNING [LIST_API] id=4304 contract_no=0999/2026/HĐQTGAN-PN/PR royalty_before_vat=47324160 so_tien_value=51110093
11:15:16 app.api.contracts WARNING [LIST_API] id=4303 contract_no=0989/2026/HĐQTGAN-PN/PR royalty_before_vat=23961600 so_tien_value=25878528
11:15:16 app.api.contracts WARNING [LIST_API] id=4302 contract_no=0984/2026/HĐQTGAN-PN/PR royalty_before_vat=40809600 so_tien_value=44074368
11:15:16 app.api.contracts WARNING [LIST_API] id=4301 contract_no=0978/2026/HĐQTGAN-PN/PR royalty_before_vat=17971200 so_tien_value=19408896
11:15:16 app.api.contracts WARNING [LIST_API] id=4300 contract_no=0967/2026/HĐQTGAN-PN/PR royalty_before_vat=7488000 so_tien_value=8087040
11:15:16 app.api.contracts WARNING [LIST_API] id=4299 contract_no=0960/2026/HĐQTGAN-PN/PR royalty_before_vat=98467200 so_tien_value=106344576
11:15:16 app.api.contracts WARNING [LIST_API] id=4298 contract_no=0956/2026/HĐQTGAN-PN/PR royalty_before_vat=43430400 so_tien_value=46904832
11:15:16 app.api.contracts WARNING [LIST_API] id=4297 contract_no=0954/2026/HĐQTGAN-PN/PR royalty_before_vat=64396800 so_tien_value=69548544
11:15:16 app.api.contracts WARNING [LIST_API] id=4296 contract_no=0945/2026/HĐQTGAN-PN/PR royalty_before_vat=59155200 so_tien_value=63887616
11:15:16 app.api.contracts WARNING [LIST_API] id=4295 contract_no=0942/2026/HĐQTGAN-PN/PR royalty_before_vat=82742400 so_tien_value=89361792
11:15:16 app.api.contracts WARNING [LIST_API] id=4294 contract_no=0940/2026/HĐQTGAN-PN/PR royalty_before_vat=64396800 so_tien_value=69548544
11:15:16 app.api.contracts WARNING [LIST_API] id=4293 contract_no=0925/2026/HĐQTGAN-PN/PR royalty_before_vat=17784000 so_tien_value=19206720
11:15:16 app.api.contracts WARNING [LIST_API] id=4292 contract_no=0924/2026/HĐQTGAN-PN/PR royalty_before_vat=24336000 so_tien_value=26282880
11:15:16 app.api.contracts WARNING [LIST_API] id=4291 contract_no=0919/2026/HĐQTGAN-PN/PR royalty_before_vat=36129600 so_tien_value=39019968
11:15:16 app.api.contracts WARNING [LIST_API] id=4290 contract_no=0918/2026/HĐQTGAN-PN/PR royalty_before_vat=38750400 so_tien_value=41850432
11:15:16 app.api.contracts WARNING [LIST_API] id=4289 contract_no=0917/2026/HĐQTGAN-PN/PR royalty_before_vat=21715200 so_tien_value=23452416
11:15:16 app.api.contracts WARNING [LIST_API] id=4288 contract_no=0935/2026/HĐQTGAN-PN/PR royalty_before_vat=17784000 so_tien_value=19206720
11:15:16 app.api.contracts WARNING [LIST_API] id=4287 contract_no=0915/2026/HĐQTGAN-PN/PR royalty_before_vat=37440000 so_tien_value=40435200
11:15:16 app.api.contracts WARNING [LIST_API] id=4286 contract_no=0909/2026/HĐQTGAN-PN/PR royalty_before_vat=13478400 so_tien_value=14556672
11:15:16 app.api.contracts WARNING [LIST_API] id=4285 contract_no=0907/2026/HĐQTGAN-PN/PR royalty_before_vat=21715200 so_tien_value=23452416
11:15:16 app.api.contracts WARNING [LIST_API] id=4284 contract_no=0905/2026/HĐQTGAN-PN/PR royalty_before_vat=25646400 so_tien_value=27698112
11:15:16 app.api.contracts WARNING [LIST_API] id=4283 contract_no=0892/2026/HĐQTGAN-PN/PR royalty_before_vat=11980800 so_tien_value=12939264
11:15:16 app.api.contracts WARNING [LIST_API] id=4282 contract_no=0879/2026/HĐQTGAN-PN/PR royalty_before_vat=8424000 so_tien_value=9097920
11:15:16 app.api.contracts WARNING [LIST_API] id=4281 contract_no=0867/2026/HĐQTGAN-PN/PR royalty_before_vat=37440000 so_tien_value=40435200
11:15:16 app.api.contracts WARNING [LIST_API] id=4280 contract_no=0861/2026/HĐQTGAN-PN/PR royalty_before_vat=45302400 so_tien_value=48926592
11:15:16 app.api.contracts WARNING [LIST_API] id=4279 contract_no=0857/2026/HĐQTGAN-PN/PR royalty_before_vat=19094400 so_tien_value=20621952
11:15:16 app.api.contracts WARNING [LIST_API] id=4278 contract_no=0870/2026/HĐQTGAN-PN/PR royalty_before_vat=7488000 so_tien_value=8087040
11:15:16 app.api.contracts WARNING [LIST_API] id=4277 contract_no=0887/2026/HĐQTGAN-PN/PR royalty_before_vat=29952000 so_tien_value=32348160
11:15:16 app.api.contracts WARNING [LIST_API] id=4276 contract_no=0889/2026/HĐQTGAN-PN/PR royalty_before_vat=17971200 so_tien_value=19408896
11:15:16 app.api.contracts WARNING [LIST_API] id=4275 contract_no=0895/2026/HĐQTGAN-PN/PR royalty_before_vat=38188800 so_tien_value=41243904
11:15:17 app.api.contracts WARNING [LIST_API] id=4080 contract_no=0252/2026/HĐQTGAN-PN/PR royalty_before_vat=None so_tien_value=12285000
11:15:17 app.api.contracts WARNING [LIST_API] id=4068 contract_no=0059/2026/HĐQTGAN-PN/PR royalty_before_vat=54250000 so_tien_value=58590000
11:15:17 app.api.contracts WARNING [LIST_API] id=4040 contract_no=1100/2025/HĐQTGAN-PN/PR royalty_before_vat=18000000 so_tien_value=18000000
11:15:17 app.api.contracts WARNING [LIST_API] id=4038 contract_no=1045/2025/HĐQTGAN-PN/PR royalty_before_vat=40275000 so_tien_value=40275000
11:15:17 app.api.contracts WARNING [LIST_API] id=4037 contract_no=1040/2025/HĐQTGAN-PN/PR royalty_before_vat=4800000 so_tien_value=4800000
11:15:17 app.api.contracts WARNING [LIST_API] id=4033 contract_no=0896/2025/HĐQTGAN-PN/PR royalty_before_vat=2400000 so_tien_value=2400000
11:15:17 app.api.contracts WARNING [LIST_API] id=4030 contract_no=0854/2025/HĐQTGAN-PN/PR royalty_before_vat=11264000 so_tien_value=11264000
11:15:17 app.api.contracts WARNING [LIST_API] id=4029 contract_no=0845/2025/HĐQTGAN-PN/PR royalty_before_vat=10000000 so_tien_value=10000000
11:15:17 app.api.contracts WARNING [LIST_API] id=4028 contract_no=0816/2025/HĐQTGAN-PN/PR royalty_before_vat=29000000 so_tien_value=29000000
11:15:17 app.api.contracts WARNING [LIST_API] id=4027 contract_no=0796/2025/HĐQTGAN-PN/PR royalty_before_vat=10560000 so_tien_value=10560000
11:15:17 app.api.contracts WARNING [LIST_API] id=4026 contract_no=0758/2025/HĐQTGAN-PN/PR royalty_before_vat=7500000 so_tien_value=7500000
11:15:17 app.api.contracts WARNING [LIST_API] id=4025 contract_no=0756/2025/HĐQTGAN-PN/PR royalty_before_vat=10000000 so_tien_value=10000000
11:15:17 app.api.contracts WARNING [LIST_API] id=4024 contract_no=0735/2025/HĐQTGAN-HAN/PR royalty_before_vat=23750000 so_tien_value=23750000
11:15:17 app.api.contracts WARNING [LIST_API] id=4023 contract_no=0707/2025/HĐQTGAN-PN/PR royalty_before_vat=9500000 so_tien_value=9500000
11:15:17 app.api.contracts WARNING [LIST_API] id=4022 contract_no=0697/2025/HĐQTGAN-PN/PR royalty_before_vat=13080000 so_tien_value=13080000
11:15:17 app.api.contracts WARNING [LIST_API] id=4019 contract_no=0633/2025/HĐQTGAN-PN/PR royalty_before_vat=4800000 so_tien_value=4800000
11:15:17 app.api.contracts WARNING [LIST_API] id=4017 contract_no=0642/2025/HĐQTGAN-PN/PR royalty_before_vat=22000000 so_tien_value=22000000
11:15:17 app.api.contracts WARNING [LIST_API] id=585 contract_no=0953/2025/HĐQTGAN-PN/PR royalty_before_vat=4080000 so_tien_value=4080000
11:15:17 app.api.contracts WARNING [LIST_API] id=579 contract_no=0909/2025/HĐQTGAN-PN/PR royalty_before_vat=26490000 so_tien_value=26490000
11:15:17 app.api.contracts WARNING [LIST_API] id=576 contract_no=0883/2025/HĐQTGAN-PN/PR royalty_before_vat=22750000 so_tien_value=22750000
11:15:17 app.api.contracts WARNING [LIST_API] id=575 contract_no=0882/2025/HĐQTGAN-PN/PR royalty_before_vat=17500000 so_tien_value=17500000
11:15:17 app.api.contracts WARNING [LIST_API] id=574 contract_no=0869/2025/HĐQTGAN-PN/PR royalty_before_vat=23750000 so_tien_value=23750000
11:15:17 app.api.contracts WARNING [LIST_API] id=573 contract_no=0780/2025/HĐQTGAN-PN/PR royalty_before_vat=21000000 so_tien_value=21000000
11:15:17 app.api.contracts WARNING [LIST_API] id=571 contract_no=0753/2025/HĐQTGAN-PN/PR royalty_before_vat=30750000 so_tien_value=30750000
11:15:17 app.api.contracts WARNING [LIST_API] id=566 contract_no=0733/2025/HĐQTGAN-HAN/PR royalty_before_vat=12000000 so_tien_value=12000000
11:15:17 app.api.contracts WARNING [LIST_API] id=561 contract_no=0621/2025/HĐQTGAN-PN/PR royalty_before_vat=35000000 so_tien_value=35000000
11:15:17 app.api.contracts WARNING [LIST_API] id=4302 contract_no=0984/2026/HĐQTGAN-PN/PR royalty_before_vat=40809600 so_tien_value=44074368
11:15:17 app.api.contracts WARNING [LIST_API] id=4206 contract_no=0675/2026/HDQTGAN-PN/PR royalty_before_vat=11934000 so_tien_value=12888720
11:15:17 app.api.contracts WARNING [LIST_API] id=4104 contract_no=0553/2026/HĐQTGAN-PN/PR royalty_before_vat=12355200 so_tien_value=13343616
11:15:18 app.api.contracts WARNING [LIST_API] id=4060 contract_no=1480/2025/HĐQTGAN-PN/PR royalty_before_vat=6000000 so_tien_value=6000000
11:15:18 app.api.contracts WARNING [LIST_API] id=4051 contract_no=1259/2025/HĐQTGAN-PN/PR royalty_before_vat=11000000 so_tien_value=11000000
11:15:18 app.api.contracts WARNING [LIST_API] id=4035 contract_no=1018/2025/HĐQTGAN-PN/PR royalty_before_vat=14760000 so_tien_value=14760000
11:15:18 app.api.contracts WARNING [LIST_API] id=4034 contract_no=0927/2025/HĐQTGAN-PN/PR royalty_before_vat=43750000 so_tien_value=43750000
11:15:18 app.api.contracts WARNING [LIST_API] id=4032 contract_no=0872/2025/HĐQTGAN-PN/PR royalty_before_vat=11375000 so_tien_value=11375000
11:15:18 app.api.contracts WARNING [LIST_API] id=4031 contract_no=0865/2025/HĐQTGAN-PN/PR royalty_before_vat=12000000 so_tien_value=12000000
11:15:18 app.api.contracts WARNING [LIST_API] id=4021 contract_no=0674/2025/HĐQTGAN-PN/PR royalty_before_vat=6720000 so_tien_value=6720000
11:15:18 app.api.contracts WARNING [LIST_API] id=4020 contract_no=0658/2025/HĐQTGAN-PN/PR royalty_before_vat=12240000 so_tien_value=12240000
11:15:18 app.api.contracts WARNING [LIST_API] id=4018 contract_no=0617/2025/HĐQTGAN-PN/PR royalty_before_vat=10000000 so_tien_value=10000000
11:15:18 app.api.contracts WARNING [LIST_API] id=4016 contract_no=0605/2025/HĐQTGAN-PN/PR royalty_before_vat=29000000 so_tien_value=29000000
11:15:18 app.api.contracts WARNING [LIST_API] id=4015 contract_no=0577/2025/HĐQTGAN-PN/PR royalty_before_vat=2400000 so_tien_value=2400000
11:15:18 app.api.contracts WARNING [LIST_API] id=4014 contract_no=0573/2025/HĐQTGAN-PN/PR royalty_before_vat=20250000 so_tien_value=20250000
11:15:18 app.api.contracts WARNING [LIST_API] id=4013 contract_no=0566/2025/HĐQTGAN-PN/PR royalty_before_vat=4800000 so_tien_value=4800000
11:15:18 app.api.contracts WARNING [LIST_API] id=623 contract_no=0564/2025/HĐQTGAN-PN/PR royalty_before_vat=16000000 so_tien_value=16000000
11:15:18 app.api.contracts WARNING [LIST_API] id=622 contract_no=0534/2025/HĐQTGAN-PN/PR royalty_before_vat=4800000 so_tien_value=4800000
11:15:18 app.api.contracts WARNING [LIST_API] id=621 contract_no=0433/2025/HĐQTGAN-PN/PR royalty_before_vat=27250000 so_tien_value=27250000
11:15:18 app.api.contracts WARNING [LIST_API] id=620 contract_no=0425/2025/HĐQTGAN-PN/PR royalty_before_vat=25280000 so_tien_value=25280000
11:15:18 app.api.contracts WARNING [LIST_API] id=619 contract_no=0404/2025/HĐQTGAN-PN/PR royalty_before_vat=6000000 so_tien_value=6000000
11:15:18 app.api.contracts WARNING [LIST_API] id=618 contract_no=0398/2025/HĐQTGAN-PN/PR royalty_before_vat=4800000 so_tien_value=4800000
11:15:18 app.api.contracts WARNING [LIST_API] id=617 contract_no=0292/2025/HĐQTGAN-PN/PR royalty_before_vat=12000000 so_tien_value=12000000
11:15:18 app.api.contracts WARNING [LIST_API] id=616 contract_no=0239/2025/HĐQTGAN-PN/PR royalty_before_vat=18000000 so_tien_value=18000000
11:15:18 app.api.contracts WARNING [LIST_API] id=615 contract_no=0216/2025/HĐQTGAN-PN/PR royalty_before_vat=32500000 so_tien_value=32500000
11:15:18 app.api.contracts WARNING [LIST_API] id=614 contract_no=0210/2025/HĐQTGAN-PN/PR royalty_before_vat=6375000 so_tien_value=6375000
11:15:18 app.api.contracts WARNING [LIST_API] id=613 contract_no=0201/2025/HĐQTGAN-PN/PR royalty_before_vat=18000000 so_tien_value=18000000
11:15:18 app.api.contracts WARNING [LIST_API] id=612 contract_no=0194/2025/HĐQTGAN-PN/PR royalty_before_vat=4800000 so_tien_value=4800000
11:15:18 app.api.contracts WARNING [LIST_API] id=611 contract_no=0170/2025/HĐQTGAN-PN/PR royalty_before_vat=6720000 so_tien_value=6720000
11:15:18 app.api.contracts WARNING [LIST_API] id=610 contract_no=0161/2025/HĐQTGAN-PN/PR royalty_before_vat=12000000 so_tien_value=12000000
11:15:18 app.api.contracts WARNING [LIST_API] id=609 contract_no=0152/2025/HĐQTGAN-PN/PR royalty_before_vat=11375000 so_tien_value=11375000
11:15:18 app.api.contracts WARNING [LIST_API] id=608 contract_no=0101/2025/HĐQTGAN-PN/PR royalty_before_vat=12000000 so_tien_value=12000000
11:15:18 app.api.contracts WARNING [LIST_API] id=607 contract_no=0131/2025/HĐQTGAN-PN/PR royalty_before_vat=23750000 so_tien_value=23750000
11:15:18 app.api.contracts WARNING [LIST_API] id=4302 contract_no=0984/2026/HĐQTGAN-PN/PR royalty_before_vat=40809600 so_tien_value=44074368
11:15:18 app.api.contracts WARNING [LIST_API] id=4206 contract_no=0675/2026/HDQTGAN-PN/PR royalty_before_vat=11934000 so_tien_value=12888720
11:15:18 app.api.contracts WARNING [LIST_API] id=4104 contract_no=0553/2026/HĐQTGAN-PN/PR royalty_before_vat=12355200 so_tien_value=13343616
11:15:55 app.api.contracts WARNING [LIST_API] id=4080 contract_no=0252/2026/HĐQTGAN-PN/PR royalty_before_vat=None so_tien_value=12285000
11:15:55 app.api.contracts WARNING [LIST_API] id=4068 contract_no=0059/2026/HĐQTGAN-PN/PR royalty_before_vat=54250000 so_tien_value=58590000
11:15:55 app.api.contracts WARNING [LIST_API] id=4040 contract_no=1100/2025/HĐQTGAN-PN/PR royalty_before_vat=18000000 so_tien_value=18000000
11:15:55 app.api.contracts WARNING [LIST_API] id=4038 contract_no=1045/2025/HĐQTGAN-PN/PR royalty_before_vat=40275000 so_tien_value=40275000
11:15:55 app.api.contracts WARNING [LIST_API] id=4037 contract_no=1040/2025/HĐQTGAN-PN/PR royalty_before_vat=4800000 so_tien_value=4800000
11:15:55 app.api.contracts WARNING [LIST_API] id=4033 contract_no=0896/2025/HĐQTGAN-PN/PR royalty_before_vat=2400000 so_tien_value=2400000
11:15:55 app.api.contracts WARNING [LIST_API] id=4030 contract_no=0854/2025/HĐQTGAN-PN/PR royalty_before_vat=11264000 so_tien_value=11264000
11:15:55 app.api.contracts WARNING [LIST_API] id=4029 contract_no=0845/2025/HĐQTGAN-PN/PR royalty_before_vat=10000000 so_tien_value=10000000
11:15:55 app.api.contracts WARNING [LIST_API] id=4028 contract_no=0816/2025/HĐQTGAN-PN/PR royalty_before_vat=29000000 so_tien_value=29000000
11:15:55 app.api.contracts WARNING [LIST_API] id=4027 contract_no=0796/2025/HĐQTGAN-PN/PR royalty_before_vat=10560000 so_tien_value=10560000
11:15:55 app.api.contracts WARNING [LIST_API] id=4026 contract_no=0758/2025/HĐQTGAN-PN/PR royalty_before_vat=7500000 so_tien_value=7500000
11:15:55 app.api.contracts WARNING [LIST_API] id=4025 contract_no=0756/2025/HĐQTGAN-PN/PR royalty_before_vat=10000000 so_tien_value=10000000
11:15:55 app.api.contracts WARNING [LIST_API] id=4024 contract_no=0735/2025/HĐQTGAN-HAN/PR royalty_before_vat=23750000 so_tien_value=23750000
11:15:55 app.api.contracts WARNING [LIST_API] id=4023 contract_no=0707/2025/HĐQTGAN-PN/PR royalty_before_vat=9500000 so_tien_value=9500000
11:15:55 app.api.contracts WARNING [LIST_API] id=4022 contract_no=0697/2025/HĐQTGAN-PN/PR royalty_before_vat=13080000 so_tien_value=13080000
11:15:55 app.api.contracts WARNING [LIST_API] id=4019 contract_no=0633/2025/HĐQTGAN-PN/PR royalty_before_vat=4800000 so_tien_value=4800000
11:15:55 app.api.contracts WARNING [LIST_API] id=4017 contract_no=0642/2025/HĐQTGAN-PN/PR royalty_before_vat=22000000 so_tien_value=22000000
11:15:55 app.api.contracts WARNING [LIST_API] id=585 contract_no=0953/2025/HĐQTGAN-PN/PR royalty_before_vat=4080000 so_tien_value=4080000
11:15:55 app.api.contracts WARNING [LIST_API] id=579 contract_no=0909/2025/HĐQTGAN-PN/PR royalty_before_vat=26490000 so_tien_value=26490000
11:15:55 app.api.contracts WARNING [LIST_API] id=576 contract_no=0883/2025/HĐQTGAN-PN/PR royalty_before_vat=22750000 so_tien_value=22750000
11:15:55 app.api.contracts WARNING [LIST_API] id=575 contract_no=0882/2025/HĐQTGAN-PN/PR royalty_before_vat=17500000 so_tien_value=17500000
11:15:55 app.api.contracts WARNING [LIST_API] id=574 contract_no=0869/2025/HĐQTGAN-PN/PR royalty_before_vat=23750000 so_tien_value=23750000
11:15:55 app.api.contracts WARNING [LIST_API] id=573 contract_no=0780/2025/HĐQTGAN-PN/PR royalty_before_vat=21000000 so_tien_value=21000000
11:15:55 app.api.contracts WARNING [LIST_API] id=571 contract_no=0753/2025/HĐQTGAN-PN/PR royalty_before_vat=30750000 so_tien_value=30750000
11:15:55 app.api.contracts WARNING [LIST_API] id=566 contract_no=0733/2025/HĐQTGAN-HAN/PR royalty_before_vat=12000000 so_tien_value=12000000
11:15:55 app.api.contracts WARNING [LIST_API] id=561 contract_no=0621/2025/HĐQTGAN-PN/PR royalty_before_vat=35000000 so_tien_value=35000000
11:15:56 app.api.contracts WARNING [LIST_API] id=4304 contract_no=0999/2026/HĐQTGAN-PN/PR royalty_before_vat=47324160 so_tien_value=51110093
11:15:56 app.api.contracts WARNING [LIST_API] id=4303 contract_no=0989/2026/HĐQTGAN-PN/PR royalty_before_vat=23961600 so_tien_value=25878528
11:15:56 app.api.contracts WARNING [LIST_API] id=4302 contract_no=0984/2026/HĐQTGAN-PN/PR royalty_before_vat=40809600 so_tien_value=44074368
11:15:56 app.api.contracts WARNING [LIST_API] id=4301 contract_no=0978/2026/HĐQTGAN-PN/PR royalty_before_vat=17971200 so_tien_value=19408896
11:15:56 app.api.contracts WARNING [LIST_API] id=4300 contract_no=0967/2026/HĐQTGAN-PN/PR royalty_before_vat=7488000 so_tien_value=8087040
11:15:56 app.api.contracts WARNING [LIST_API] id=4299 contract_no=0960/2026/HĐQTGAN-PN/PR royalty_before_vat=98467200 so_tien_value=106344576
11:15:56 app.api.contracts WARNING [LIST_API] id=4298 contract_no=0956/2026/HĐQTGAN-PN/PR royalty_before_vat=43430400 so_tien_value=46904832
11:15:56 app.api.contracts WARNING [LIST_API] id=4297 contract_no=0954/2026/HĐQTGAN-PN/PR royalty_before_vat=64396800 so_tien_value=69548544
11:15:56 app.api.contracts WARNING [LIST_API] id=4296 contract_no=0945/2026/HĐQTGAN-PN/PR royalty_before_vat=59155200 so_tien_value=63887616
11:15:56 app.api.contracts WARNING [LIST_API] id=4295 contract_no=0942/2026/HĐQTGAN-PN/PR royalty_before_vat=82742400 so_tien_value=89361792
11:15:56 app.api.contracts WARNING [LIST_API] id=4294 contract_no=0940/2026/HĐQTGAN-PN/PR royalty_before_vat=64396800 so_tien_value=69548544
11:15:56 app.api.contracts WARNING [LIST_API] id=4293 contract_no=0925/2026/HĐQTGAN-PN/PR royalty_before_vat=17784000 so_tien_value=19206720
11:15:56 app.api.contracts WARNING [LIST_API] id=4292 contract_no=0924/2026/HĐQTGAN-PN/PR royalty_before_vat=24336000 so_tien_value=26282880
11:15:56 app.api.contracts WARNING [LIST_API] id=4291 contract_no=0919/2026/HĐQTGAN-PN/PR royalty_before_vat=36129600 so_tien_value=39019968
11:15:56 app.api.contracts WARNING [LIST_API] id=4290 contract_no=0918/2026/HĐQTGAN-PN/PR royalty_before_vat=38750400 so_tien_value=41850432
11:15:56 app.api.contracts WARNING [LIST_API] id=4289 contract_no=0917/2026/HĐQTGAN-PN/PR royalty_before_vat=21715200 so_tien_value=23452416
11:15:56 app.api.contracts WARNING [LIST_API] id=4288 contract_no=0935/2026/HĐQTGAN-PN/PR royalty_before_vat=17784000 so_tien_value=19206720
11:15:56 app.api.contracts WARNING [LIST_API] id=4287 contract_no=0915/2026/HĐQTGAN-PN/PR royalty_before_vat=37440000 so_tien_value=40435200
11:15:56 app.api.contracts WARNING [LIST_API] id=4286 contract_no=0909/2026/HĐQTGAN-PN/PR royalty_before_vat=13478400 so_tien_value=14556672
11:15:56 app.api.contracts WARNING [LIST_API] id=4285 contract_no=0907/2026/HĐQTGAN-PN/PR royalty_before_vat=21715200 so_tien_value=23452416
11:15:56 app.api.contracts WARNING [LIST_API] id=4284 contract_no=0905/2026/HĐQTGAN-PN/PR royalty_before_vat=25646400 so_tien_value=27698112
11:15:56 app.api.contracts WARNING [LIST_API] id=4283 contract_no=0892/2026/HĐQTGAN-PN/PR royalty_before_vat=11980800 so_tien_value=12939264
11:15:56 app.api.contracts WARNING [LIST_API] id=4282 contract_no=0879/2026/HĐQTGAN-PN/PR royalty_before_vat=8424000 so_tien_value=9097920
11:15:56 app.api.contracts WARNING [LIST_API] id=4281 contract_no=0867/2026/HĐQTGAN-PN/PR royalty_before_vat=37440000 so_tien_value=40435200
11:15:56 app.api.contracts WARNING [LIST_API] id=4280 contract_no=0861/2026/HĐQTGAN-PN/PR royalty_before_vat=45302400 so_tien_value=48926592
11:15:56 app.api.contracts WARNING [LIST_API] id=4279 contract_no=0857/2026/HĐQTGAN-PN/PR royalty_before_vat=19094400 so_tien_value=20621952
11:15:56 app.api.contracts WARNING [LIST_API] id=4278 contract_no=0870/2026/HĐQTGAN-PN/PR royalty_before_vat=7488000 so_tien_value=8087040
11:15:56 app.api.contracts WARNING [LIST_API] id=4277 contract_no=0887/2026/HĐQTGAN-PN/PR royalty_before_vat=29952000 so_tien_value=32348160
11:15:56 app.api.contracts WARNING [LIST_API] id=4276 contract_no=0889/2026/HĐQTGAN-PN/PR royalty_before_vat=17971200 so_tien_value=19408896
11:15:56 app.api.contracts WARNING [LIST_API] id=4275 contract_no=0895/2026/HĐQTGAN-PN/PR royalty_before_vat=38188800 so_tien_value=41243904
11:15:57 app.api.contracts WARNING [LIST_API] id=4080 contract_no=0252/2026/HĐQTGAN-PN/PR royalty_before_vat=None so_tien_value=12285000
11:15:57 app.api.contracts WARNING [LIST_API] id=4068 contract_no=0059/2026/HĐQTGAN-PN/PR royalty_before_vat=54250000 so_tien_value=58590000
11:15:57 app.api.contracts WARNING [LIST_API] id=4040 contract_no=1100/2025/HĐQTGAN-PN/PR royalty_before_vat=18000000 so_tien_value=18000000
11:15:57 app.api.contracts WARNING [LIST_API] id=4038 contract_no=1045/2025/HĐQTGAN-PN/PR royalty_before_vat=40275000 so_tien_value=40275000
11:15:57 app.api.contracts WARNING [LIST_API] id=4037 contract_no=1040/2025/HĐQTGAN-PN/PR royalty_before_vat=4800000 so_tien_value=4800000
11:15:57 app.api.contracts WARNING [LIST_API] id=4033 contract_no=0896/2025/HĐQTGAN-PN/PR royalty_before_vat=2400000 so_tien_value=2400000
11:15:57 app.api.contracts WARNING [LIST_API] id=4030 contract_no=0854/2025/HĐQTGAN-PN/PR royalty_before_vat=11264000 so_tien_value=11264000
11:15:57 app.api.contracts WARNING [LIST_API] id=4029 contract_no=0845/2025/HĐQTGAN-PN/PR royalty_before_vat=10000000 so_tien_value=10000000
11:15:57 app.api.contracts WARNING [LIST_API] id=4028 contract_no=0816/2025/HĐQTGAN-PN/PR royalty_before_vat=29000000 so_tien_value=29000000
11:15:57 app.api.contracts WARNING [LIST_API] id=4027 contract_no=0796/2025/HĐQTGAN-PN/PR royalty_before_vat=10560000 so_tien_value=10560000
11:15:57 app.api.contracts WARNING [LIST_API] id=4026 contract_no=0758/2025/HĐQTGAN-PN/PR royalty_before_vat=7500000 so_tien_value=7500000
11:15:57 app.api.contracts WARNING [LIST_API] id=4025 contract_no=0756/2025/HĐQTGAN-PN/PR royalty_before_vat=10000000 so_tien_value=10000000
11:15:57 app.api.contracts WARNING [LIST_API] id=4024 contract_no=0735/2025/HĐQTGAN-HAN/PR royalty_before_vat=23750000 so_tien_value=23750000
11:15:57 app.api.contracts WARNING [LIST_API] id=4023 contract_no=0707/2025/HĐQTGAN-PN/PR royalty_before_vat=9500000 so_tien_value=9500000
11:15:57 app.api.contracts WARNING [LIST_API] id=4022 contract_no=0697/2025/HĐQTGAN-PN/PR royalty_before_vat=13080000 so_tien_value=13080000
11:15:57 app.api.contracts WARNING [LIST_API] id=4019 contract_no=0633/2025/HĐQTGAN-PN/PR royalty_before_vat=4800000 so_tien_value=4800000
11:15:57 app.api.contracts WARNING [LIST_API] id=4017 contract_no=0642/2025/HĐQTGAN-PN/PR royalty_before_vat=22000000 so_tien_value=22000000
11:15:57 app.api.contracts WARNING [LIST_API] id=585 contract_no=0953/2025/HĐQTGAN-PN/PR royalty_before_vat=4080000 so_tien_value=4080000
11:15:57 app.api.contracts WARNING [LIST_API] id=579 contract_no=0909/2025/HĐQTGAN-PN/PR royalty_before_vat=26490000 so_tien_value=26490000
11:15:57 app.api.contracts WARNING [LIST_API] id=576 contract_no=0883/2025/HĐQTGAN-PN/PR royalty_before_vat=22750000 so_tien_value=22750000
11:15:57 app.api.contracts WARNING [LIST_API] id=575 contract_no=0882/2025/HĐQTGAN-PN/PR royalty_before_vat=17500000 so_tien_value=17500000
11:15:57 app.api.contracts WARNING [LIST_API] id=574 contract_no=0869/2025/HĐQTGAN-PN/PR royalty_before_vat=23750000 so_tien_value=23750000
11:15:57 app.api.contracts WARNING [LIST_API] id=573 contract_no=0780/2025/HĐQTGAN-PN/PR royalty_before_vat=21000000 so_tien_value=21000000
11:15:57 app.api.contracts WARNING [LIST_API] id=571 contract_no=0753/2025/HĐQTGAN-PN/PR royalty_before_vat=30750000 so_tien_value=30750000
11:15:57 app.api.contracts WARNING [LIST_API] id=566 contract_no=0733/2025/HĐQTGAN-HAN/PR royalty_before_vat=12000000 so_tien_value=12000000
11:15:57 app.api.contracts WARNING [LIST_API] id=561 contract_no=0621/2025/HĐQTGAN-PN/PR royalty_before_vat=35000000 so_tien_value=35000000
11:15:58 app.api.contracts WARNING [LIST_API] id=4302 contract_no=0984/2026/HĐQTGAN-PN/PR royalty_before_vat=40809600 so_tien_value=44074368
11:15:58 app.api.contracts WARNING [LIST_API] id=4206 contract_no=0675/2026/HDQTGAN-PN/PR royalty_before_vat=11934000 so_tien_value=12888720
11:15:58 app.api.contracts WARNING [LIST_API] id=4104 contract_no=0553/2026/HĐQTGAN-PN/PR royalty_before_vat=12355200 so_tien_value=13343616
11:34:54 app.api.contracts WARNING [LIST_API] id=4304 contract_no=0999/2026/HĐQTGAN-PN/PR royalty_before_vat=47324160 so_tien_value=51110093
11:34:54 app.api.contracts WARNING [LIST_API] id=4303 contract_no=0989/2026/HĐQTGAN-PN/PR royalty_before_vat=23961600 so_tien_value=25878528
11:34:54 app.api.contracts WARNING [LIST_API] id=4302 contract_no=0984/2026/HĐQTGAN-PN/PR royalty_before_vat=40809600 so_tien_value=44074368
11:34:54 app.api.contracts WARNING [LIST_API] id=4301 contract_no=0978/2026/HĐQTGAN-PN/PR royalty_before_vat=17971200 so_tien_value=19408896
11:34:54 app.api.contracts WARNING [LIST_API] id=4300 contract_no=0967/2026/HĐQTGAN-PN/PR royalty_before_vat=7488000 so_tien_value=8087040
11:34:54 app.api.contracts WARNING [LIST_API] id=4299 contract_no=0960/2026/HĐQTGAN-PN/PR royalty_before_vat=98467200 so_tien_value=106344576
11:34:54 app.api.contracts WARNING [LIST_API] id=4298 contract_no=0956/2026/HĐQTGAN-PN/PR royalty_before_vat=43430400 so_tien_value=46904832
11:34:54 app.api.contracts WARNING [LIST_API] id=4297 contract_no=0954/2026/HĐQTGAN-PN/PR royalty_before_vat=64396800 so_tien_value=69548544
11:34:54 app.api.contracts WARNING [LIST_API] id=4296 contract_no=0945/2026/HĐQTGAN-PN/PR royalty_before_vat=59155200 so_tien_value=63887616
11:34:54 app.api.contracts WARNING [LIST_API] id=4295 contract_no=0942/2026/HĐQTGAN-PN/PR royalty_before_vat=82742400 so_tien_value=89361792
11:34:54 app.api.contracts WARNING [LIST_API] id=4294 contract_no=0940/2026/HĐQTGAN-PN/PR royalty_before_vat=64396800 so_tien_value=69548544
11:34:54 app.api.contracts WARNING [LIST_API] id=4293 contract_no=0925/2026/HĐQTGAN-PN/PR royalty_before_vat=17784000 so_tien_value=19206720
11:34:54 app.api.contracts WARNING [LIST_API] id=4292 contract_no=0924/2026/HĐQTGAN-PN/PR royalty_before_vat=24336000 so_tien_value=26282880
11:34:54 app.api.contracts WARNING [LIST_API] id=4291 contract_no=0919/2026/HĐQTGAN-PN/PR royalty_before_vat=36129600 so_tien_value=39019968
11:34:54 app.api.contracts WARNING [LIST_API] id=4290 contract_no=0918/2026/HĐQTGAN-PN/PR royalty_before_vat=38750400 so_tien_value=41850432
11:34:54 app.api.contracts WARNING [LIST_API] id=4289 contract_no=0917/2026/HĐQTGAN-PN/PR royalty_before_vat=21715200 so_tien_value=23452416
11:34:54 app.api.contracts WARNING [LIST_API] id=4288 contract_no=0935/2026/HĐQTGAN-PN/PR royalty_before_vat=17784000 so_tien_value=19206720
11:34:54 app.api.contracts WARNING [LIST_API] id=4287 contract_no=0915/2026/HĐQTGAN-PN/PR royalty_before_vat=37440000 so_tien_value=40435200
11:34:54 app.api.contracts WARNING [LIST_API] id=4286 contract_no=0909/2026/HĐQTGAN-PN/PR royalty_before_vat=13478400 so_tien_value=14556672
11:34:54 app.api.contracts WARNING [LIST_API] id=4285 contract_no=0907/2026/HĐQTGAN-PN/PR royalty_before_vat=21715200 so_tien_value=23452416
11:34:54 app.api.contracts WARNING [LIST_API] id=4284 contract_no=0905/2026/HĐQTGAN-PN/PR royalty_before_vat=25646400 so_tien_value=27698112
11:34:54 app.api.contracts WARNING [LIST_API] id=4283 contract_no=0892/2026/HĐQTGAN-PN/PR royalty_before_vat=11980800 so_tien_value=12939264
11:34:54 app.api.contracts WARNING [LIST_API] id=4282 contract_no=0879/2026/HĐQTGAN-PN/PR royalty_before_vat=8424000 so_tien_value=9097920
11:34:54 app.api.contracts WARNING [LIST_API] id=4281 contract_no=0867/2026/HĐQTGAN-PN/PR royalty_before_vat=37440000 so_tien_value=40435200
11:34:54 app.api.contracts WARNING [LIST_API] id=4280 contract_no=0861/2026/HĐQTGAN-PN/PR royalty_before_vat=45302400 so_tien_value=48926592
11:34:54 app.api.contracts WARNING [LIST_API] id=4279 contract_no=0857/2026/HĐQTGAN-PN/PR royalty_before_vat=19094400 so_tien_value=20621952
11:34:54 app.api.contracts WARNING [LIST_API] id=4278 contract_no=0870/2026/HĐQTGAN-PN/PR royalty_before_vat=7488000 so_tien_value=8087040
11:34:54 app.api.contracts WARNING [LIST_API] id=4277 contract_no=0887/2026/HĐQTGAN-PN/PR royalty_before_vat=29952000 so_tien_value=32348160
11:34:54 app.api.contracts WARNING [LIST_API] id=4276 contract_no=0889/2026/HĐQTGAN-PN/PR royalty_before_vat=17971200 so_tien_value=19408896
11:34:54 app.api.contracts WARNING [LIST_API] id=4275 contract_no=0895/2026/HĐQTGAN-PN/PR royalty_before_vat=38188800 so_tien_value=41243904
13:40:12 app.api.contracts WARNING [LIST_API] id=4304 contract_no=0999/2026/HĐQTGAN-PN/PR royalty_before_vat=47324160 so_tien_value=51110093
13:40:12 app.api.contracts WARNING [LIST_API] id=4303 contract_no=0989/2026/HĐQTGAN-PN/PR royalty_before_vat=23961600 so_tien_value=25878528
13:40:12 app.api.contracts WARNING [LIST_API] id=4302 contract_no=0984/2026/HĐQTGAN-PN/PR royalty_before_vat=40809600 so_tien_value=44074368
13:40:12 app.api.contracts WARNING [LIST_API] id=4301 contract_no=0978/2026/HĐQTGAN-PN/PR royalty_before_vat=17971200 so_tien_value=19408896
13:40:12 app.api.contracts WARNING [LIST_API] id=4300 contract_no=0967/2026/HĐQTGAN-PN/PR royalty_before_vat=7488000 so_tien_value=8087040
13:40:12 app.api.contracts WARNING [LIST_API] id=4299 contract_no=0960/2026/HĐQTGAN-PN/PR royalty_before_vat=98467200 so_tien_value=106344576
13:40:12 app.api.contracts WARNING [LIST_API] id=4298 contract_no=0956/2026/HĐQTGAN-PN/PR royalty_before_vat=43430400 so_tien_value=46904832
13:40:12 app.api.contracts WARNING [LIST_API] id=4297 contract_no=0954/2026/HĐQTGAN-PN/PR royalty_before_vat=64396800 so_tien_value=69548544
13:40:12 app.api.contracts WARNING [LIST_API] id=4296 contract_no=0945/2026/HĐQTGAN-PN/PR royalty_before_vat=59155200 so_tien_value=63887616
13:40:12 app.api.contracts WARNING [LIST_API] id=4295 contract_no=0942/2026/HĐQTGAN-PN/PR royalty_before_vat=82742400 so_tien_value=89361792
13:40:12 app.api.contracts WARNING [LIST_API] id=4294 contract_no=0940/2026/HĐQTGAN-PN/PR royalty_before_vat=64396800 so_tien_value=69548544
13:40:12 app.api.contracts WARNING [LIST_API] id=4293 contract_no=0925/2026/HĐQTGAN-PN/PR royalty_before_vat=17784000 so_tien_value=19206720
13:40:12 app.api.contracts WARNING [LIST_API] id=4292 contract_no=0924/2026/HĐQTGAN-PN/PR royalty_before_vat=24336000 so_tien_value=26282880
13:40:12 app.api.contracts WARNING [LIST_API] id=4291 contract_no=0919/2026/HĐQTGAN-PN/PR royalty_before_vat=36129600 so_tien_value=39019968
13:40:12 app.api.contracts WARNING [LIST_API] id=4290 contract_no=0918/2026/HĐQTGAN-PN/PR royalty_before_vat=38750400 so_tien_value=41850432
13:40:12 app.api.contracts WARNING [LIST_API] id=4289 contract_no=0917/2026/HĐQTGAN-PN/PR royalty_before_vat=21715200 so_tien_value=23452416
13:40:12 app.api.contracts WARNING [LIST_API] id=4288 contract_no=0935/2026/HĐQTGAN-PN/PR royalty_before_vat=17784000 so_tien_value=19206720
13:40:12 app.api.contracts WARNING [LIST_API] id=4287 contract_no=0915/2026/HĐQTGAN-PN/PR royalty_before_vat=37440000 so_tien_value=40435200
13:40:12 app.api.contracts WARNING [LIST_API] id=4286 contract_no=0909/2026/HĐQTGAN-PN/PR royalty_before_vat=13478400 so_tien_value=14556672
13:40:12 app.api.contracts WARNING [LIST_API] id=4285 contract_no=0907/2026/HĐQTGAN-PN/PR royalty_before_vat=21715200 so_tien_value=23452416
13:40:12 app.api.contracts WARNING [LIST_API] id=4284 contract_no=0905/2026/HĐQTGAN-PN/PR royalty_before_vat=25646400 so_tien_value=27698112
13:40:12 app.api.contracts WARNING [LIST_API] id=4283 contract_no=0892/2026/HĐQTGAN-PN/PR royalty_before_vat=11980800 so_tien_value=12939264
13:40:12 app.api.contracts WARNING [LIST_API] id=4282 contract_no=0879/2026/HĐQTGAN-PN/PR royalty_before_vat=8424000 so_tien_value=9097920
13:40:12 app.api.contracts WARNING [LIST_API] id=4281 contract_no=0867/2026/HĐQTGAN-PN/PR royalty_before_vat=37440000 so_tien_value=40435200
13:40:12 app.api.contracts WARNING [LIST_API] id=4280 contract_no=0861/2026/HĐQTGAN-PN/PR royalty_before_vat=45302400 so_tien_value=48926592
13:40:12 app.api.contracts WARNING [LIST_API] id=4279 contract_no=0857/2026/HĐQTGAN-PN/PR royalty_before_vat=19094400 so_tien_value=20621952
13:40:12 app.api.contracts WARNING [LIST_API] id=4278 contract_no=0870/2026/HĐQTGAN-PN/PR royalty_before_vat=7488000 so_tien_value=8087040
13:40:12 app.api.contracts WARNING [LIST_API] id=4277 contract_no=0887/2026/HĐQTGAN-PN/PR royalty_before_vat=29952000 so_tien_value=32348160
13:40:12 app.api.contracts WARNING [LIST_API] id=4276 contract_no=0889/2026/HĐQTGAN-PN/PR royalty_before_vat=17971200 so_tien_value=19408896
13:40:12 app.api.contracts WARNING [LIST_API] id=4275 contract_no=0895/2026/HĐQTGAN-PN/PR royalty_before_vat=38188800 so_tien_value=41243904
13:41:28 app.api.contracts WARNING [LIST_API] id=4304 contract_no=0999/2026/HĐQTGAN-PN/PR royalty_before_vat=47324160 so_tien_value=51110093
13:41:28 app.api.contracts WARNING [LIST_API] id=4303 contract_no=0989/2026/HĐQTGAN-PN/PR royalty_before_vat=23961600 so_tien_value=25878528
13:41:28 app.api.contracts WARNING [LIST_API] id=4302 contract_no=0984/2026/HĐQTGAN-PN/PR royalty_before_vat=40809600 so_tien_value=44074368
13:41:28 app.api.contracts WARNING [LIST_API] id=4301 contract_no=0978/2026/HĐQTGAN-PN/PR royalty_before_vat=17971200 so_tien_value=19408896
13:41:28 app.api.contracts WARNING [LIST_API] id=4300 contract_no=0967/2026/HĐQTGAN-PN/PR royalty_before_vat=7488000 so_tien_value=8087040
13:41:28 app.api.contracts WARNING [LIST_API] id=4299 contract_no=0960/2026/HĐQTGAN-PN/PR royalty_before_vat=98467200 so_tien_value=106344576
13:41:28 app.api.contracts WARNING [LIST_API] id=4298 contract_no=0956/2026/HĐQTGAN-PN/PR royalty_before_vat=43430400 so_tien_value=46904832
13:41:28 app.api.contracts WARNING [LIST_API] id=4297 contract_no=0954/2026/HĐQTGAN-PN/PR royalty_before_vat=64396800 so_tien_value=69548544
13:41:28 app.api.contracts WARNING [LIST_API] id=4296 contract_no=0945/2026/HĐQTGAN-PN/PR royalty_before_vat=59155200 so_tien_value=63887616
13:41:28 app.api.contracts WARNING [LIST_API] id=4295 contract_no=0942/2026/HĐQTGAN-PN/PR royalty_before_vat=82742400 so_tien_value=89361792
13:41:28 app.api.contracts WARNING [LIST_API] id=4294 contract_no=0940/2026/HĐQTGAN-PN/PR royalty_before_vat=64396800 so_tien_value=69548544
13:41:28 app.api.contracts WARNING [LIST_API] id=4293 contract_no=0925/2026/HĐQTGAN-PN/PR royalty_before_vat=17784000 so_tien_value=19206720
13:41:28 app.api.contracts WARNING [LIST_API] id=4292 contract_no=0924/2026/HĐQTGAN-PN/PR royalty_before_vat=24336000 so_tien_value=26282880
13:41:28 app.api.contracts WARNING [LIST_API] id=4291 contract_no=0919/2026/HĐQTGAN-PN/PR royalty_before_vat=36129600 so_tien_value=39019968
13:41:28 app.api.contracts WARNING [LIST_API] id=4290 contract_no=0918/2026/HĐQTGAN-PN/PR royalty_before_vat=38750400 so_tien_value=41850432
13:41:28 app.api.contracts WARNING [LIST_API] id=4289 contract_no=0917/2026/HĐQTGAN-PN/PR royalty_before_vat=21715200 so_tien_value=23452416
13:41:28 app.api.contracts WARNING [LIST_API] id=4288 contract_no=0935/2026/HĐQTGAN-PN/PR royalty_before_vat=17784000 so_tien_value=19206720
13:41:28 app.api.contracts WARNING [LIST_API] id=4287 contract_no=0915/2026/HĐQTGAN-PN/PR royalty_before_vat=37440000 so_tien_value=40435200
13:41:28 app.api.contracts WARNING [LIST_API] id=4286 contract_no=0909/2026/HĐQTGAN-PN/PR royalty_before_vat=13478400 so_tien_value=14556672
13:41:28 app.api.contracts WARNING [LIST_API] id=4285 contract_no=0907/2026/HĐQTGAN-PN/PR royalty_before_vat=21715200 so_tien_value=23452416
13:41:28 app.api.contracts WARNING [LIST_API] id=4284 contract_no=0905/2026/HĐQTGAN-PN/PR royalty_before_vat=25646400 so_tien_value=27698112
13:41:28 app.api.contracts WARNING [LIST_API] id=4283 contract_no=0892/2026/HĐQTGAN-PN/PR royalty_before_vat=11980800 so_tien_value=12939264
13:41:28 app.api.contracts WARNING [LIST_API] id=4282 contract_no=0879/2026/HĐQTGAN-PN/PR royalty_before_vat=8424000 so_tien_value=9097920
13:41:28 app.api.contracts WARNING [LIST_API] id=4281 contract_no=0867/2026/HĐQTGAN-PN/PR royalty_before_vat=37440000 so_tien_value=40435200
13:41:28 app.api.contracts WARNING [LIST_API] id=4280 contract_no=0861/2026/HĐQTGAN-PN/PR royalty_before_vat=45302400 so_tien_value=48926592
13:41:28 app.api.contracts WARNING [LIST_API] id=4279 contract_no=0857/2026/HĐQTGAN-PN/PR royalty_before_vat=19094400 so_tien_value=20621952
13:41:28 app.api.contracts WARNING [LIST_API] id=4278 contract_no=0870/2026/HĐQTGAN-PN/PR royalty_before_vat=7488000 so_tien_value=8087040
13:41:28 app.api.contracts WARNING [LIST_API] id=4277 contract_no=0887/2026/HĐQTGAN-PN/PR royalty_before_vat=29952000 so_tien_value=32348160
13:41:28 app.api.contracts WARNING [LIST_API] id=4276 contract_no=0889/2026/HĐQTGAN-PN/PR royalty_before_vat=17971200 so_tien_value=19408896
13:41:28 app.api.contracts WARNING [LIST_API] id=4275 contract_no=0895/2026/HĐQTGAN-PN/PR royalty_before_vat=38188800 so_tien_value=41243904
20:43:50 app.api.contracts WARNING [LIST_API] id=4304 contract_no=0999/2026/HĐQTGAN-PN/PR royalty_before_vat=47324160 so_tien_value=51110093
20:43:50 app.api.contracts WARNING [LIST_API] id=4303 contract_no=0989/2026/HĐQTGAN-PN/PR royalty_before_vat=23961600 so_tien_value=25878528
20:43:50 app.api.contracts WARNING [LIST_API] id=4302 contract_no=0984/2026/HĐQTGAN-PN/PR royalty_before_vat=40809600 so_tien_value=44074368
20:43:50 app.api.contracts WARNING [LIST_API] id=4301 contract_no=0978/2026/HĐQTGAN-PN/PR royalty_before_vat=17971200 so_tien_value=19408896
20:43:50 app.api.contracts WARNING [LIST_API] id=4300 contract_no=0967/2026/HĐQTGAN-PN/PR royalty_before_vat=7488000 so_tien_value=8087040
20:43:50 app.api.contracts WARNING [LIST_API] id=4299 contract_no=0960/2026/HĐQTGAN-PN/PR royalty_before_vat=98467200 so_tien_value=106344576
20:43:50 app.api.contracts WARNING [LIST_API] id=4298 contract_no=0956/2026/HĐQTGAN-PN/PR royalty_before_vat=43430400 so_tien_value=46904832
20:43:50 app.api.contracts WARNING [LIST_API] id=4297 contract_no=0954/2026/HĐQTGAN-PN/PR royalty_before_vat=64396800 so_tien_value=69548544
20:43:50 app.api.contracts WARNING [LIST_API] id=4296 contract_no=0945/2026/HĐQTGAN-PN/PR royalty_before_vat=59155200 so_tien_value=63887616
20:43:50 app.api.contracts WARNING [LIST_API] id=4295 contract_no=0942/2026/HĐQTGAN-PN/PR royalty_before_vat=82742400 so_tien_value=89361792
20:43:50 app.api.contracts WARNING [LIST_API] id=4294 contract_no=0940/2026/HĐQTGAN-PN/PR royalty_before_vat=64396800 so_tien_value=69548544
20:43:50 app.api.contracts WARNING [LIST_API] id=4293 contract_no=0925/2026/HĐQTGAN-PN/PR royalty_before_vat=17784000 so_tien_value=19206720
20:43:50 app.api.contracts WARNING [LIST_API] id=4292 contract_no=0924/2026/HĐQTGAN-PN/PR royalty_before_vat=24336000 so_tien_value=26282880
20:43:50 app.api.contracts WARNING [LIST_API] id=4291 contract_no=0919/2026/HĐQTGAN-PN/PR royalty_before_vat=36129600 so_tien_value=39019968
20:43:50 app.api.contracts WARNING [LIST_API] id=4290 contract_no=0918/2026/HĐQTGAN-PN/PR royalty_before_vat=38750400 so_tien_value=41850432
20:43:50 app.api.contracts WARNING [LIST_API] id=4289 contract_no=0917/2026/HĐQTGAN-PN/PR royalty_before_vat=21715200 so_tien_value=23452416
20:43:50 app.api.contracts WARNING [LIST_API] id=4288 contract_no=0935/2026/HĐQTGAN-PN/PR royalty_before_vat=17784000 so_tien_value=19206720
20:43:50 app.api.contracts WARNING [LIST_API] id=4287 contract_no=0915/2026/HĐQTGAN-PN/PR royalty_before_vat=37440000 so_tien_value=40435200
20:43:50 app.api.contracts WARNING [LIST_API] id=4286 contract_no=0909/2026/HĐQTGAN-PN/PR royalty_before_vat=13478400 so_tien_value=14556672
20:43:50 app.api.contracts WARNING [LIST_API] id=4285 contract_no=0907/2026/HĐQTGAN-PN/PR royalty_before_vat=21715200 so_tien_value=23452416
20:43:50 app.api.contracts WARNING [LIST_API] id=4284 contract_no=0905/2026/HĐQTGAN-PN/PR royalty_before_vat=25646400 so_tien_value=27698112
20:43:50 app.api.contracts WARNING [LIST_API] id=4283 contract_no=0892/2026/HĐQTGAN-PN/PR royalty_before_vat=11980800 so_tien_value=12939264
20:43:50 app.api.contracts WARNING [LIST_API] id=4282 contract_no=0879/2026/HĐQTGAN-PN/PR royalty_before_vat=8424000 so_tien_value=9097920
20:43:50 app.api.contracts WARNING [LIST_API] id=4281 contract_no=0867/2026/HĐQTGAN-PN/PR royalty_before_vat=37440000 so_tien_value=40435200
20:43:50 app.api.contracts WARNING [LIST_API] id=4280 contract_no=0861/2026/HĐQTGAN-PN/PR royalty_before_vat=45302400 so_tien_value=48926592
20:43:50 app.api.contracts WARNING [LIST_API] id=4279 contract_no=0857/2026/HĐQTGAN-PN/PR royalty_before_vat=19094400 so_tien_value=20621952
20:43:50 app.api.contracts WARNING [LIST_API] id=4278 contract_no=0870/2026/HĐQTGAN-PN/PR royalty_before_vat=7488000 so_tien_value=8087040
20:43:50 app.api.contracts WARNING [LIST_API] id=4277 contract_no=0887/2026/HĐQTGAN-PN/PR royalty_before_vat=29952000 so_tien_value=32348160
20:43:50 app.api.contracts WARNING [LIST_API] id=4276 contract_no=0889/2026/HĐQTGAN-PN/PR royalty_before_vat=17971200 so_tien_value=19408896
20:43:50 app.api.contracts WARNING [LIST_API] id=4275 contract_no=0895/2026/HĐQTGAN-PN/PR royalty_before_vat=38188800 so_tien_value=41243904
20:44:51 app.api.contracts WARNING [LIST_API] id=4304 contract_no=0999/2026/HĐQTGAN-PN/PR royalty_before_vat=47324160 so_tien_value=51110093
20:44:51 app.api.contracts WARNING [LIST_API] id=4303 contract_no=0989/2026/HĐQTGAN-PN/PR royalty_before_vat=23961600 so_tien_value=25878528
20:44:51 app.api.contracts WARNING [LIST_API] id=4302 contract_no=0984/2026/HĐQTGAN-PN/PR royalty_before_vat=40809600 so_tien_value=44074368
20:44:51 app.api.contracts WARNING [LIST_API] id=4301 contract_no=0978/2026/HĐQTGAN-PN/PR royalty_before_vat=17971200 so_tien_value=19408896
20:44:51 app.api.contracts WARNING [LIST_API] id=4300 contract_no=0967/2026/HĐQTGAN-PN/PR royalty_before_vat=7488000 so_tien_value=8087040
20:44:51 app.api.contracts WARNING [LIST_API] id=4299 contract_no=0960/2026/HĐQTGAN-PN/PR royalty_before_vat=98467200 so_tien_value=106344576
20:44:51 app.api.contracts WARNING [LIST_API] id=4298 contract_no=0956/2026/HĐQTGAN-PN/PR royalty_before_vat=43430400 so_tien_value=46904832
20:44:51 app.api.contracts WARNING [LIST_API] id=4297 contract_no=0954/2026/HĐQTGAN-PN/PR royalty_before_vat=64396800 so_tien_value=69548544
20:44:51 app.api.contracts WARNING [LIST_API] id=4296 contract_no=0945/2026/HĐQTGAN-PN/PR royalty_before_vat=59155200 so_tien_value=63887616
20:44:51 app.api.contracts WARNING [LIST_API] id=4295 contract_no=0942/2026/HĐQTGAN-PN/PR royalty_before_vat=82742400 so_tien_value=89361792
20:44:51 app.api.contracts WARNING [LIST_API] id=4294 contract_no=0940/2026/HĐQTGAN-PN/PR royalty_before_vat=64396800 so_tien_value=69548544
20:44:51 app.api.contracts WARNING [LIST_API] id=4293 contract_no=0925/2026/HĐQTGAN-PN/PR royalty_before_vat=17784000 so_tien_value=19206720
20:44:51 app.api.contracts WARNING [LIST_API] id=4292 contract_no=0924/2026/HĐQTGAN-PN/PR royalty_before_vat=24336000 so_tien_value=26282880
20:44:51 app.api.contracts WARNING [LIST_API] id=4291 contract_no=0919/2026/HĐQTGAN-PN/PR royalty_before_vat=36129600 so_tien_value=39019968
20:44:51 app.api.contracts WARNING [LIST_API] id=4290 contract_no=0918/2026/HĐQTGAN-PN/PR royalty_before_vat=38750400 so_tien_value=41850432
20:44:51 app.api.contracts WARNING [LIST_API] id=4289 contract_no=0917/2026/HĐQTGAN-PN/PR royalty_before_vat=21715200 so_tien_value=23452416
20:44:51 app.api.contracts WARNING [LIST_API] id=4288 contract_no=0935/2026/HĐQTGAN-PN/PR royalty_before_vat=17784000 so_tien_value=19206720
20:44:51 app.api.contracts WARNING [LIST_API] id=4287 contract_no=0915/2026/HĐQTGAN-PN/PR royalty_before_vat=37440000 so_tien_value=40435200
20:44:51 app.api.contracts WARNING [LIST_API] id=4286 contract_no=0909/2026/HĐQTGAN-PN/PR royalty_before_vat=13478400 so_tien_value=14556672
20:44:51 app.api.contracts WARNING [LIST_API] id=4285 contract_no=0907/2026/HĐQTGAN-PN/PR royalty_before_vat=21715200 so_tien_value=23452416
20:44:51 app.api.contracts WARNING [LIST_API] id=4284 contract_no=0905/2026/HĐQTGAN-PN/PR royalty_before_vat=25646400 so_tien_value=27698112
20:44:51 app.api.contracts WARNING [LIST_API] id=4283 contract_no=0892/2026/HĐQTGAN-PN/PR royalty_before_vat=11980800 so_tien_value=12939264
20:44:51 app.api.contracts WARNING [LIST_API] id=4282 contract_no=0879/2026/HĐQTGAN-PN/PR royalty_before_vat=8424000 so_tien_value=9097920
20:44:51 app.api.contracts WARNING [LIST_API] id=4281 contract_no=0867/2026/HĐQTGAN-PN/PR royalty_before_vat=37440000 so_tien_value=40435200
20:44:51 app.api.contracts WARNING [LIST_API] id=4280 contract_no=0861/2026/HĐQTGAN-PN/PR royalty_before_vat=45302400 so_tien_value=48926592
20:44:51 app.api.contracts WARNING [LIST_API] id=4279 contract_no=0857/2026/HĐQTGAN-PN/PR royalty_before_vat=19094400 so_tien_value=20621952
20:44:51 app.api.contracts WARNING [LIST_API] id=4278 contract_no=0870/2026/HĐQTGAN-PN/PR royalty_before_vat=7488000 so_tien_value=8087040
20:44:51 app.api.contracts WARNING [LIST_API] id=4277 contract_no=0887/2026/HĐQTGAN-PN/PR royalty_before_vat=29952000 so_tien_value=32348160
20:44:51 app.api.contracts WARNING [LIST_API] id=4276 contract_no=0889/2026/HĐQTGAN-PN/PR royalty_before_vat=17971200 so_tien_value=19408896
20:44:51 app.api.contracts WARNING [LIST_API] id=4275 contract_no=0895/2026/HĐQTGAN-PN/PR royalty_before_vat=38188800 so_tien_value=41243904
20:45:22 app.api.contracts WARNING [LIST_API] id=4304 contract_no=0999/2026/HĐQTGAN-PN/PR royalty_before_vat=47324160 so_tien_value=51110093
20:45:22 app.api.contracts WARNING [LIST_API] id=4303 contract_no=0989/2026/HĐQTGAN-PN/PR royalty_before_vat=23961600 so_tien_value=25878528
20:45:22 app.api.contracts WARNING [LIST_API] id=4302 contract_no=0984/2026/HĐQTGAN-PN/PR royalty_before_vat=40809600 so_tien_value=44074368
20:45:22 app.api.contracts WARNING [LIST_API] id=4301 contract_no=0978/2026/HĐQTGAN-PN/PR royalty_before_vat=17971200 so_tien_value=19408896
20:45:22 app.api.contracts WARNING [LIST_API] id=4300 contract_no=0967/2026/HĐQTGAN-PN/PR royalty_before_vat=7488000 so_tien_value=8087040
20:45:22 app.api.contracts WARNING [LIST_API] id=4299 contract_no=0960/2026/HĐQTGAN-PN/PR royalty_before_vat=98467200 so_tien_value=106344576
20:45:22 app.api.contracts WARNING [LIST_API] id=4298 contract_no=0956/2026/HĐQTGAN-PN/PR royalty_before_vat=43430400 so_tien_value=46904832
20:45:22 app.api.contracts WARNING [LIST_API] id=4297 contract_no=0954/2026/HĐQTGAN-PN/PR royalty_before_vat=64396800 so_tien_value=69548544
20:45:22 app.api.contracts WARNING [LIST_API] id=4296 contract_no=0945/2026/HĐQTGAN-PN/PR royalty_before_vat=59155200 so_tien_value=63887616
20:45:22 app.api.contracts WARNING [LIST_API] id=4295 contract_no=0942/2026/HĐQTGAN-PN/PR royalty_before_vat=82742400 so_tien_value=89361792
20:45:22 app.api.contracts WARNING [LIST_API] id=4294 contract_no=0940/2026/HĐQTGAN-PN/PR royalty_before_vat=64396800 so_tien_value=69548544
20:45:22 app.api.contracts WARNING [LIST_API] id=4293 contract_no=0925/2026/HĐQTGAN-PN/PR royalty_before_vat=17784000 so_tien_value=19206720
20:45:22 app.api.contracts WARNING [LIST_API] id=4292 contract_no=0924/2026/HĐQTGAN-PN/PR royalty_before_vat=24336000 so_tien_value=26282880
20:45:22 app.api.contracts WARNING [LIST_API] id=4291 contract_no=0919/2026/HĐQTGAN-PN/PR royalty_before_vat=36129600 so_tien_value=39019968
20:45:22 app.api.contracts WARNING [LIST_API] id=4290 contract_no=0918/2026/HĐQTGAN-PN/PR royalty_before_vat=38750400 so_tien_value=41850432
20:45:22 app.api.contracts WARNING [LIST_API] id=4289 contract_no=0917/2026/HĐQTGAN-PN/PR royalty_before_vat=21715200 so_tien_value=23452416
20:45:22 app.api.contracts WARNING [LIST_API] id=4288 contract_no=0935/2026/HĐQTGAN-PN/PR royalty_before_vat=17784000 so_tien_value=19206720
20:45:22 app.api.contracts WARNING [LIST_API] id=4287 contract_no=0915/2026/HĐQTGAN-PN/PR royalty_before_vat=37440000 so_tien_value=40435200
20:45:22 app.api.contracts WARNING [LIST_API] id=4286 contract_no=0909/2026/HĐQTGAN-PN/PR royalty_before_vat=13478400 so_tien_value=14556672
20:45:22 app.api.contracts WARNING [LIST_API] id=4285 contract_no=0907/2026/HĐQTGAN-PN/PR royalty_before_vat=21715200 so_tien_value=23452416
20:45:22 app.api.contracts WARNING [LIST_API] id=4284 contract_no=0905/2026/HĐQTGAN-PN/PR royalty_before_vat=25646400 so_tien_value=27698112
20:45:22 app.api.contracts WARNING [LIST_API] id=4283 contract_no=0892/2026/HĐQTGAN-PN/PR royalty_before_vat=11980800 so_tien_value=12939264
20:45:22 app.api.contracts WARNING [LIST_API] id=4282 contract_no=0879/2026/HĐQTGAN-PN/PR royalty_before_vat=8424000 so_tien_value=9097920
20:45:22 app.api.contracts WARNING [LIST_API] id=4281 contract_no=0867/2026/HĐQTGAN-PN/PR royalty_before_vat=37440000 so_tien_value=40435200
20:45:22 app.api.contracts WARNING [LIST_API] id=4280 contract_no=0861/2026/HĐQTGAN-PN/PR royalty_before_vat=45302400 so_tien_value=48926592
20:45:22 app.api.contracts WARNING [LIST_API] id=4279 contract_no=0857/2026/HĐQTGAN-PN/PR royalty_before_vat=19094400 so_tien_value=20621952
20:45:22 app.api.contracts WARNING [LIST_API] id=4278 contract_no=0870/2026/HĐQTGAN-PN/PR royalty_before_vat=7488000 so_tien_value=8087040
20:45:22 app.api.contracts WARNING [LIST_API] id=4277 contract_no=0887/2026/HĐQTGAN-PN/PR royalty_before_vat=29952000 so_tien_value=32348160
20:45:22 app.api.contracts WARNING [LIST_API] id=4276 contract_no=0889/2026/HĐQTGAN-PN/PR royalty_before_vat=17971200 so_tien_value=19408896
20:45:22 app.api.contracts WARNING [LIST_API] id=4275 contract_no=0895/2026/HĐQTGAN-PN/PR royalty_before_vat=38188800 so_tien_value=41243904
20:45:24 app.api.contracts WARNING [LIST_API] id=4080 contract_no=0252/2026/HĐQTGAN-PN/PR royalty_before_vat=None so_tien_value=12285000
20:45:24 app.api.contracts WARNING [LIST_API] id=4068 contract_no=0059/2026/HĐQTGAN-PN/PR royalty_before_vat=54250000 so_tien_value=58590000
20:45:24 app.api.contracts WARNING [LIST_API] id=4040 contract_no=1100/2025/HĐQTGAN-PN/PR royalty_before_vat=18000000 so_tien_value=18000000
20:45:24 app.api.contracts WARNING [LIST_API] id=4038 contract_no=1045/2025/HĐQTGAN-PN/PR royalty_before_vat=40275000 so_tien_value=40275000
20:45:24 app.api.contracts WARNING [LIST_API] id=4037 contract_no=1040/2025/HĐQTGAN-PN/PR royalty_before_vat=4800000 so_tien_value=4800000
20:45:24 app.api.contracts WARNING [LIST_API] id=4033 contract_no=0896/2025/HĐQTGAN-PN/PR royalty_before_vat=2400000 so_tien_value=2400000
20:45:24 app.api.contracts WARNING [LIST_API] id=4030 contract_no=0854/2025/HĐQTGAN-PN/PR royalty_before_vat=11264000 so_tien_value=11264000
20:45:24 app.api.contracts WARNING [LIST_API] id=4029 contract_no=0845/2025/HĐQTGAN-PN/PR royalty_before_vat=10000000 so_tien_value=10000000
20:45:24 app.api.contracts WARNING [LIST_API] id=4028 contract_no=0816/2025/HĐQTGAN-PN/PR royalty_before_vat=29000000 so_tien_value=29000000
20:45:24 app.api.contracts WARNING [LIST_API] id=4027 contract_no=0796/2025/HĐQTGAN-PN/PR royalty_before_vat=10560000 so_tien_value=10560000
20:45:24 app.api.contracts WARNING [LIST_API] id=4026 contract_no=0758/2025/HĐQTGAN-PN/PR royalty_before_vat=7500000 so_tien_value=7500000
20:45:24 app.api.contracts WARNING [LIST_API] id=4025 contract_no=0756/2025/HĐQTGAN-PN/PR royalty_before_vat=10000000 so_tien_value=10000000
20:45:24 app.api.contracts WARNING [LIST_API] id=4024 contract_no=0735/2025/HĐQTGAN-HAN/PR royalty_before_vat=23750000 so_tien_value=23750000
20:45:24 app.api.contracts WARNING [LIST_API] id=4023 contract_no=0707/2025/HĐQTGAN-PN/PR royalty_before_vat=9500000 so_tien_value=9500000
20:45:24 app.api.contracts WARNING [LIST_API] id=4022 contract_no=0697/2025/HĐQTGAN-PN/PR royalty_before_vat=13080000 so_tien_value=13080000
20:45:24 app.api.contracts WARNING [LIST_API] id=4019 contract_no=0633/2025/HĐQTGAN-PN/PR royalty_before_vat=4800000 so_tien_value=4800000
20:45:24 app.api.contracts WARNING [LIST_API] id=4017 contract_no=0642/2025/HĐQTGAN-PN/PR royalty_before_vat=22000000 so_tien_value=22000000
20:45:24 app.api.contracts WARNING [LIST_API] id=585 contract_no=0953/2025/HĐQTGAN-PN/PR royalty_before_vat=4080000 so_tien_value=4080000
20:45:24 app.api.contracts WARNING [LIST_API] id=579 contract_no=0909/2025/HĐQTGAN-PN/PR royalty_before_vat=26490000 so_tien_value=26490000
20:45:24 app.api.contracts WARNING [LIST_API] id=576 contract_no=0883/2025/HĐQTGAN-PN/PR royalty_before_vat=22750000 so_tien_value=22750000
20:45:24 app.api.contracts WARNING [LIST_API] id=575 contract_no=0882/2025/HĐQTGAN-PN/PR royalty_before_vat=17500000 so_tien_value=17500000
20:45:24 app.api.contracts WARNING [LIST_API] id=574 contract_no=0869/2025/HĐQTGAN-PN/PR royalty_before_vat=23750000 so_tien_value=23750000
20:45:24 app.api.contracts WARNING [LIST_API] id=573 contract_no=0780/2025/HĐQTGAN-PN/PR royalty_before_vat=21000000 so_tien_value=21000000
20:45:24 app.api.contracts WARNING [LIST_API] id=571 contract_no=0753/2025/HĐQTGAN-PN/PR royalty_before_vat=30750000 so_tien_value=30750000
20:45:24 app.api.contracts WARNING [LIST_API] id=566 contract_no=0733/2025/HĐQTGAN-HAN/PR royalty_before_vat=12000000 so_tien_value=12000000
20:45:24 app.api.contracts WARNING [LIST_API] id=561 contract_no=0621/2025/HĐQTGAN-PN/PR royalty_before_vat=35000000 so_tien_value=35000000
20:45:27 app.api.contracts WARNING [LIST_API] id=4060 contract_no=1480/2025/HĐQTGAN-PN/PR royalty_before_vat=6000000 so_tien_value=6000000
20:45:27 app.api.contracts WARNING [LIST_API] id=4051 contract_no=1259/2025/HĐQTGAN-PN/PR royalty_before_vat=11000000 so_tien_value=11000000
20:45:27 app.api.contracts WARNING [LIST_API] id=4035 contract_no=1018/2025/HĐQTGAN-PN/PR royalty_before_vat=14760000 so_tien_value=14760000
20:45:27 app.api.contracts WARNING [LIST_API] id=4034 contract_no=0927/2025/HĐQTGAN-PN/PR royalty_before_vat=43750000 so_tien_value=43750000
20:45:27 app.api.contracts WARNING [LIST_API] id=4032 contract_no=0872/2025/HĐQTGAN-PN/PR royalty_before_vat=11375000 so_tien_value=11375000
20:45:27 app.api.contracts WARNING [LIST_API] id=4031 contract_no=0865/2025/HĐQTGAN-PN/PR royalty_before_vat=12000000 so_tien_value=12000000
20:45:27 app.api.contracts WARNING [LIST_API] id=4021 contract_no=0674/2025/HĐQTGAN-PN/PR royalty_before_vat=6720000 so_tien_value=6720000
20:45:27 app.api.contracts WARNING [LIST_API] id=4020 contract_no=0658/2025/HĐQTGAN-PN/PR royalty_before_vat=12240000 so_tien_value=12240000
20:45:27 app.api.contracts WARNING [LIST_API] id=4018 contract_no=0617/2025/HĐQTGAN-PN/PR royalty_before_vat=10000000 so_tien_value=10000000
20:45:27 app.api.contracts WARNING [LIST_API] id=4016 contract_no=0605/2025/HĐQTGAN-PN/PR royalty_before_vat=29000000 so_tien_value=29000000
20:45:27 app.api.contracts WARNING [LIST_API] id=4015 contract_no=0577/2025/HĐQTGAN-PN/PR royalty_before_vat=2400000 so_tien_value=2400000
20:45:27 app.api.contracts WARNING [LIST_API] id=4014 contract_no=0573/2025/HĐQTGAN-PN/PR royalty_before_vat=20250000 so_tien_value=20250000
20:45:27 app.api.contracts WARNING [LIST_API] id=4013 contract_no=0566/2025/HĐQTGAN-PN/PR royalty_before_vat=4800000 so_tien_value=4800000
20:45:27 app.api.contracts WARNING [LIST_API] id=623 contract_no=0564/2025/HĐQTGAN-PN/PR royalty_before_vat=16000000 so_tien_value=16000000
20:45:27 app.api.contracts WARNING [LIST_API] id=622 contract_no=0534/2025/HĐQTGAN-PN/PR royalty_before_vat=4800000 so_tien_value=4800000
20:45:27 app.api.contracts WARNING [LIST_API] id=621 contract_no=0433/2025/HĐQTGAN-PN/PR royalty_before_vat=27250000 so_tien_value=27250000
20:45:27 app.api.contracts WARNING [LIST_API] id=620 contract_no=0425/2025/HĐQTGAN-PN/PR royalty_before_vat=25280000 so_tien_value=25280000
20:45:27 app.api.contracts WARNING [LIST_API] id=619 contract_no=0404/2025/HĐQTGAN-PN/PR royalty_before_vat=6000000 so_tien_value=6000000
20:45:27 app.api.contracts WARNING [LIST_API] id=618 contract_no=0398/2025/HĐQTGAN-PN/PR royalty_before_vat=4800000 so_tien_value=4800000
20:45:27 app.api.contracts WARNING [LIST_API] id=617 contract_no=0292/2025/HĐQTGAN-PN/PR royalty_before_vat=12000000 so_tien_value=12000000
20:45:27 app.api.contracts WARNING [LIST_API] id=616 contract_no=0239/2025/HĐQTGAN-PN/PR royalty_before_vat=18000000 so_tien_value=18000000
20:45:27 app.api.contracts WARNING [LIST_API] id=615 contract_no=0216/2025/HĐQTGAN-PN/PR royalty_before_vat=32500000 so_tien_value=32500000
20:45:27 app.api.contracts WARNING [LIST_API] id=614 contract_no=0210/2025/HĐQTGAN-PN/PR royalty_before_vat=6375000 so_tien_value=6375000
20:45:27 app.api.contracts WARNING [LIST_API] id=613 contract_no=0201/2025/HĐQTGAN-PN/PR royalty_before_vat=18000000 so_tien_value=18000000
20:45:27 app.api.contracts WARNING [LIST_API] id=612 contract_no=0194/2025/HĐQTGAN-PN/PR royalty_before_vat=4800000 so_tien_value=4800000
20:45:27 app.api.contracts WARNING [LIST_API] id=611 contract_no=0170/2025/HĐQTGAN-PN/PR royalty_before_vat=6720000 so_tien_value=6720000
20:45:27 app.api.contracts WARNING [LIST_API] id=610 contract_no=0161/2025/HĐQTGAN-PN/PR royalty_before_vat=12000000 so_tien_value=12000000
20:45:27 app.api.contracts WARNING [LIST_API] id=609 contract_no=0152/2025/HĐQTGAN-PN/PR royalty_before_vat=11375000 so_tien_value=11375000
20:45:27 app.api.contracts WARNING [LIST_API] id=608 contract_no=0101/2025/HĐQTGAN-PN/PR royalty_before_vat=12000000 so_tien_value=12000000
20:45:27 app.api.contracts WARNING [LIST_API] id=607 contract_no=0131/2025/HĐQTGAN-PN/PR royalty_before_vat=23750000 so_tien_value=23750000
20:45:28 app.api.contracts WARNING [LIST_API] id=4304 contract_no=0999/2026/HĐQTGAN-PN/PR royalty_before_vat=47324160 so_tien_value=51110093
20:45:28 app.api.contracts WARNING [LIST_API] id=4303 contract_no=0989/2026/HĐQTGAN-PN/PR royalty_before_vat=23961600 so_tien_value=25878528
20:45:28 app.api.contracts WARNING [LIST_API] id=4302 contract_no=0984/2026/HĐQTGAN-PN/PR royalty_before_vat=40809600 so_tien_value=44074368
20:45:28 app.api.contracts WARNING [LIST_API] id=4301 contract_no=0978/2026/HĐQTGAN-PN/PR royalty_before_vat=17971200 so_tien_value=19408896
20:45:28 app.api.contracts WARNING [LIST_API] id=4300 contract_no=0967/2026/HĐQTGAN-PN/PR royalty_before_vat=7488000 so_tien_value=8087040
20:45:28 app.api.contracts WARNING [LIST_API] id=4299 contract_no=0960/2026/HĐQTGAN-PN/PR royalty_before_vat=98467200 so_tien_value=106344576
20:45:28 app.api.contracts WARNING [LIST_API] id=4298 contract_no=0956/2026/HĐQTGAN-PN/PR royalty_before_vat=43430400 so_tien_value=46904832
20:45:28 app.api.contracts WARNING [LIST_API] id=4297 contract_no=0954/2026/HĐQTGAN-PN/PR royalty_before_vat=64396800 so_tien_value=69548544
20:45:28 app.api.contracts WARNING [LIST_API] id=4296 contract_no=0945/2026/HĐQTGAN-PN/PR royalty_before_vat=59155200 so_tien_value=63887616
20:45:28 app.api.contracts WARNING [LIST_API] id=4295 contract_no=0942/2026/HĐQTGAN-PN/PR royalty_before_vat=82742400 so_tien_value=89361792
20:45:28 app.api.contracts WARNING [LIST_API] id=4294 contract_no=0940/2026/HĐQTGAN-PN/PR royalty_before_vat=64396800 so_tien_value=69548544
20:45:28 app.api.contracts WARNING [LIST_API] id=4293 contract_no=0925/2026/HĐQTGAN-PN/PR royalty_before_vat=17784000 so_tien_value=19206720
20:45:28 app.api.contracts WARNING [LIST_API] id=4292 contract_no=0924/2026/HĐQTGAN-PN/PR royalty_before_vat=24336000 so_tien_value=26282880
20:45:28 app.api.contracts WARNING [LIST_API] id=4291 contract_no=0919/2026/HĐQTGAN-PN/PR royalty_before_vat=36129600 so_tien_value=39019968
20:45:28 app.api.contracts WARNING [LIST_API] id=4290 contract_no=0918/2026/HĐQTGAN-PN/PR royalty_before_vat=38750400 so_tien_value=41850432
20:45:28 app.api.contracts WARNING [LIST_API] id=4289 contract_no=0917/2026/HĐQTGAN-PN/PR royalty_before_vat=21715200 so_tien_value=23452416
20:45:28 app.api.contracts WARNING [LIST_API] id=4288 contract_no=0935/2026/HĐQTGAN-PN/PR royalty_before_vat=17784000 so_tien_value=19206720
20:45:28 app.api.contracts WARNING [LIST_API] id=4287 contract_no=0915/2026/HĐQTGAN-PN/PR royalty_before_vat=37440000 so_tien_value=40435200
20:45:28 app.api.contracts WARNING [LIST_API] id=4286 contract_no=0909/2026/HĐQTGAN-PN/PR royalty_before_vat=13478400 so_tien_value=14556672
20:45:28 app.api.contracts WARNING [LIST_API] id=4285 contract_no=0907/2026/HĐQTGAN-PN/PR royalty_before_vat=21715200 so_tien_value=23452416
20:45:28 app.api.contracts WARNING [LIST_API] id=4284 contract_no=0905/2026/HĐQTGAN-PN/PR royalty_before_vat=25646400 so_tien_value=27698112
20:45:28 app.api.contracts WARNING [LIST_API] id=4283 contract_no=0892/2026/HĐQTGAN-PN/PR royalty_before_vat=11980800 so_tien_value=12939264
20:45:28 app.api.contracts WARNING [LIST_API] id=4282 contract_no=0879/2026/HĐQTGAN-PN/PR royalty_before_vat=8424000 so_tien_value=9097920
20:45:28 app.api.contracts WARNING [LIST_API] id=4281 contract_no=0867/2026/HĐQTGAN-PN/PR royalty_before_vat=37440000 so_tien_value=40435200
20:45:28 app.api.contracts WARNING [LIST_API] id=4280 contract_no=0861/2026/HĐQTGAN-PN/PR royalty_before_vat=45302400 so_tien_value=48926592
20:45:28 app.api.contracts WARNING [LIST_API] id=4279 contract_no=0857/2026/HĐQTGAN-PN/PR royalty_before_vat=19094400 so_tien_value=20621952
20:45:28 app.api.contracts WARNING [LIST_API] id=4278 contract_no=0870/2026/HĐQTGAN-PN/PR royalty_before_vat=7488000 so_tien_value=8087040
20:45:28 app.api.contracts WARNING [LIST_API] id=4277 contract_no=0887/2026/HĐQTGAN-PN/PR royalty_before_vat=29952000 so_tien_value=32348160
20:45:28 app.api.contracts WARNING [LIST_API] id=4276 contract_no=0889/2026/HĐQTGAN-PN/PR royalty_before_vat=17971200 so_tien_value=19408896
20:45:28 app.api.contracts WARNING [LIST_API] id=4275 contract_no=0895/2026/HĐQTGAN-PN/PR royalty_before_vat=38188800 so_tien_value=41243904
20:45:29 app.api.contracts WARNING [LIST_API] id=4080 contract_no=0252/2026/HĐQTGAN-PN/PR royalty_before_vat=None so_tien_value=12285000
20:45:29 app.api.contracts WARNING [LIST_API] id=4068 contract_no=0059/2026/HĐQTGAN-PN/PR royalty_before_vat=54250000 so_tien_value=58590000
20:45:29 app.api.contracts WARNING [LIST_API] id=4040 contract_no=1100/2025/HĐQTGAN-PN/PR royalty_before_vat=18000000 so_tien_value=18000000
20:45:29 app.api.contracts WARNING [LIST_API] id=4038 contract_no=1045/2025/HĐQTGAN-PN/PR royalty_before_vat=40275000 so_tien_value=40275000
20:45:29 app.api.contracts WARNING [LIST_API] id=4037 contract_no=1040/2025/HĐQTGAN-PN/PR royalty_before_vat=4800000 so_tien_value=4800000
20:45:29 app.api.contracts WARNING [LIST_API] id=4033 contract_no=0896/2025/HĐQTGAN-PN/PR royalty_before_vat=2400000 so_tien_value=2400000
20:45:29 app.api.contracts WARNING [LIST_API] id=4030 contract_no=0854/2025/HĐQTGAN-PN/PR royalty_before_vat=11264000 so_tien_value=11264000
20:45:29 app.api.contracts WARNING [LIST_API] id=4029 contract_no=0845/2025/HĐQTGAN-PN/PR royalty_before_vat=10000000 so_tien_value=10000000
20:45:29 app.api.contracts WARNING [LIST_API] id=4028 contract_no=0816/2025/HĐQTGAN-PN/PR royalty_before_vat=29000000 so_tien_value=29000000
20:45:29 app.api.contracts WARNING [LIST_API] id=4027 contract_no=0796/2025/HĐQTGAN-PN/PR royalty_before_vat=10560000 so_tien_value=10560000
20:45:29 app.api.contracts WARNING [LIST_API] id=4026 contract_no=0758/2025/HĐQTGAN-PN/PR royalty_before_vat=7500000 so_tien_value=7500000
20:45:29 app.api.contracts WARNING [LIST_API] id=4025 contract_no=0756/2025/HĐQTGAN-PN/PR royalty_before_vat=10000000 so_tien_value=10000000
20:45:29 app.api.contracts WARNING [LIST_API] id=4024 contract_no=0735/2025/HĐQTGAN-HAN/PR royalty_before_vat=23750000 so_tien_value=23750000
20:45:29 app.api.contracts WARNING [LIST_API] id=4023 contract_no=0707/2025/HĐQTGAN-PN/PR royalty_before_vat=9500000 so_tien_value=9500000
20:45:29 app.api.contracts WARNING [LIST_API] id=4022 contract_no=0697/2025/HĐQTGAN-PN/PR royalty_before_vat=13080000 so_tien_value=13080000
20:45:29 app.api.contracts WARNING [LIST_API] id=4019 contract_no=0633/2025/HĐQTGAN-PN/PR royalty_before_vat=4800000 so_tien_value=4800000
20:45:29 app.api.contracts WARNING [LIST_API] id=4017 contract_no=0642/2025/HĐQTGAN-PN/PR royalty_before_vat=22000000 so_tien_value=22000000
20:45:29 app.api.contracts WARNING [LIST_API] id=585 contract_no=0953/2025/HĐQTGAN-PN/PR royalty_before_vat=4080000 so_tien_value=4080000
20:45:29 app.api.contracts WARNING [LIST_API] id=579 contract_no=0909/2025/HĐQTGAN-PN/PR royalty_before_vat=26490000 so_tien_value=26490000
20:45:29 app.api.contracts WARNING [LIST_API] id=576 contract_no=0883/2025/HĐQTGAN-PN/PR royalty_before_vat=22750000 so_tien_value=22750000
20:45:29 app.api.contracts WARNING [LIST_API] id=575 contract_no=0882/2025/HĐQTGAN-PN/PR royalty_before_vat=17500000 so_tien_value=17500000
20:45:29 app.api.contracts WARNING [LIST_API] id=574 contract_no=0869/2025/HĐQTGAN-PN/PR royalty_before_vat=23750000 so_tien_value=23750000
20:45:29 app.api.contracts WARNING [LIST_API] id=573 contract_no=0780/2025/HĐQTGAN-PN/PR royalty_before_vat=21000000 so_tien_value=21000000
20:45:29 app.api.contracts WARNING [LIST_API] id=571 contract_no=0753/2025/HĐQTGAN-PN/PR royalty_before_vat=30750000 so_tien_value=30750000
20:45:29 app.api.contracts WARNING [LIST_API] id=566 contract_no=0733/2025/HĐQTGAN-HAN/PR royalty_before_vat=12000000 so_tien_value=12000000
20:45:29 app.api.contracts WARNING [LIST_API] id=561 contract_no=0621/2025/HĐQTGAN-PN/PR royalty_before_vat=35000000 so_tien_value=35000000
20:45:32 app.api.contracts WARNING [LIST_API] id=4060 contract_no=1480/2025/HĐQTGAN-PN/PR royalty_before_vat=6000000 so_tien_value=6000000
20:45:32 app.api.contracts WARNING [LIST_API] id=4051 contract_no=1259/2025/HĐQTGAN-PN/PR royalty_before_vat=11000000 so_tien_value=11000000
20:45:32 app.api.contracts WARNING [LIST_API] id=4035 contract_no=1018/2025/HĐQTGAN-PN/PR royalty_before_vat=14760000 so_tien_value=14760000
20:45:32 app.api.contracts WARNING [LIST_API] id=4034 contract_no=0927/2025/HĐQTGAN-PN/PR royalty_before_vat=43750000 so_tien_value=43750000
20:45:32 app.api.contracts WARNING [LIST_API] id=4032 contract_no=0872/2025/HĐQTGAN-PN/PR royalty_before_vat=11375000 so_tien_value=11375000
20:45:32 app.api.contracts WARNING [LIST_API] id=4031 contract_no=0865/2025/HĐQTGAN-PN/PR royalty_before_vat=12000000 so_tien_value=12000000
20:45:32 app.api.contracts WARNING [LIST_API] id=4021 contract_no=0674/2025/HĐQTGAN-PN/PR royalty_before_vat=6720000 so_tien_value=6720000
20:45:32 app.api.contracts WARNING [LIST_API] id=4020 contract_no=0658/2025/HĐQTGAN-PN/PR royalty_before_vat=12240000 so_tien_value=12240000
20:45:32 app.api.contracts WARNING [LIST_API] id=4018 contract_no=0617/2025/HĐQTGAN-PN/PR royalty_before_vat=10000000 so_tien_value=10000000
20:45:32 app.api.contracts WARNING [LIST_API] id=4016 contract_no=0605/2025/HĐQTGAN-PN/PR royalty_before_vat=29000000 so_tien_value=29000000
20:45:32 app.api.contracts WARNING [LIST_API] id=4015 contract_no=0577/2025/HĐQTGAN-PN/PR royalty_before_vat=2400000 so_tien_value=2400000
20:45:32 app.api.contracts WARNING [LIST_API] id=4014 contract_no=0573/2025/HĐQTGAN-PN/PR royalty_before_vat=20250000 so_tien_value=20250000
20:45:32 app.api.contracts WARNING [LIST_API] id=4013 contract_no=0566/2025/HĐQTGAN-PN/PR royalty_before_vat=4800000 so_tien_value=4800000
20:45:32 app.api.contracts WARNING [LIST_API] id=623 contract_no=0564/2025/HĐQTGAN-PN/PR royalty_before_vat=16000000 so_tien_value=16000000
20:45:32 app.api.contracts WARNING [LIST_API] id=622 contract_no=0534/2025/HĐQTGAN-PN/PR royalty_before_vat=4800000 so_tien_value=4800000
20:45:32 app.api.contracts WARNING [LIST_API] id=621 contract_no=0433/2025/HĐQTGAN-PN/PR royalty_before_vat=27250000 so_tien_value=27250000
20:45:32 app.api.contracts WARNING [LIST_API] id=620 contract_no=0425/2025/HĐQTGAN-PN/PR royalty_before_vat=25280000 so_tien_value=25280000
20:45:32 app.api.contracts WARNING [LIST_API] id=619 contract_no=0404/2025/HĐQTGAN-PN/PR royalty_before_vat=6000000 so_tien_value=6000000
20:45:32 app.api.contracts WARNING [LIST_API] id=618 contract_no=0398/2025/HĐQTGAN-PN/PR royalty_before_vat=4800000 so_tien_value=4800000
20:45:32 app.api.contracts WARNING [LIST_API] id=617 contract_no=0292/2025/HĐQTGAN-PN/PR royalty_before_vat=12000000 so_tien_value=12000000
20:45:32 app.api.contracts WARNING [LIST_API] id=616 contract_no=0239/2025/HĐQTGAN-PN/PR royalty_before_vat=18000000 so_tien_value=18000000
20:45:32 app.api.contracts WARNING [LIST_API] id=615 contract_no=0216/2025/HĐQTGAN-PN/PR royalty_before_vat=32500000 so_tien_value=32500000
20:45:32 app.api.contracts WARNING [LIST_API] id=614 contract_no=0210/2025/HĐQTGAN-PN/PR royalty_before_vat=6375000 so_tien_value=6375000
20:45:32 app.api.contracts WARNING [LIST_API] id=613 contract_no=0201/2025/HĐQTGAN-PN/PR royalty_before_vat=18000000 so_tien_value=18000000
20:45:32 app.api.contracts WARNING [LIST_API] id=612 contract_no=0194/2025/HĐQTGAN-PN/PR royalty_before_vat=4800000 so_tien_value=4800000
20:45:32 app.api.contracts WARNING [LIST_API] id=611 contract_no=0170/2025/HĐQTGAN-PN/PR royalty_before_vat=6720000 so_tien_value=6720000
20:45:32 app.api.contracts WARNING [LIST_API] id=610 contract_no=0161/2025/HĐQTGAN-PN/PR royalty_before_vat=12000000 so_tien_value=12000000
20:45:32 app.api.contracts WARNING [LIST_API] id=609 contract_no=0152/2025/HĐQTGAN-PN/PR royalty_before_vat=11375000 so_tien_value=11375000
20:45:32 app.api.contracts WARNING [LIST_API] id=608 contract_no=0101/2025/HĐQTGAN-PN/PR royalty_before_vat=12000000 so_tien_value=12000000
20:45:32 app.api.contracts WARNING [LIST_API] id=607 contract_no=0131/2025/HĐQTGAN-PN/PR royalty_before_vat=23750000 so_tien_value=23750000
20:45:33 app.api.contracts WARNING [LIST_API] id=4080 contract_no=0252/2026/HĐQTGAN-PN/PR royalty_before_vat=None so_tien_value=12285000
20:45:33 app.api.contracts WARNING [LIST_API] id=4068 contract_no=0059/2026/HĐQTGAN-PN/PR royalty_before_vat=54250000 so_tien_value=58590000
20:45:33 app.api.contracts WARNING [LIST_API] id=4040 contract_no=1100/2025/HĐQTGAN-PN/PR royalty_before_vat=18000000 so_tien_value=18000000
20:45:33 app.api.contracts WARNING [LIST_API] id=4038 contract_no=1045/2025/HĐQTGAN-PN/PR royalty_before_vat=40275000 so_tien_value=40275000
20:45:33 app.api.contracts WARNING [LIST_API] id=4037 contract_no=1040/2025/HĐQTGAN-PN/PR royalty_before_vat=4800000 so_tien_value=4800000
20:45:33 app.api.contracts WARNING [LIST_API] id=4033 contract_no=0896/2025/HĐQTGAN-PN/PR royalty_before_vat=2400000 so_tien_value=2400000
20:45:33 app.api.contracts WARNING [LIST_API] id=4030 contract_no=0854/2025/HĐQTGAN-PN/PR royalty_before_vat=11264000 so_tien_value=11264000
20:45:33 app.api.contracts WARNING [LIST_API] id=4029 contract_no=0845/2025/HĐQTGAN-PN/PR royalty_before_vat=10000000 so_tien_value=10000000
20:45:33 app.api.contracts WARNING [LIST_API] id=4028 contract_no=0816/2025/HĐQTGAN-PN/PR royalty_before_vat=29000000 so_tien_value=29000000
20:45:33 app.api.contracts WARNING [LIST_API] id=4027 contract_no=0796/2025/HĐQTGAN-PN/PR royalty_before_vat=10560000 so_tien_value=10560000
20:45:33 app.api.contracts WARNING [LIST_API] id=4026 contract_no=0758/2025/HĐQTGAN-PN/PR royalty_before_vat=7500000 so_tien_value=7500000
20:45:33 app.api.contracts WARNING [LIST_API] id=4025 contract_no=0756/2025/HĐQTGAN-PN/PR royalty_before_vat=10000000 so_tien_value=10000000
20:45:33 app.api.contracts WARNING [LIST_API] id=4024 contract_no=0735/2025/HĐQTGAN-HAN/PR royalty_before_vat=23750000 so_tien_value=23750000
20:45:33 app.api.contracts WARNING [LIST_API] id=4023 contract_no=0707/2025/HĐQTGAN-PN/PR royalty_before_vat=9500000 so_tien_value=9500000
20:45:33 app.api.contracts WARNING [LIST_API] id=4022 contract_no=0697/2025/HĐQTGAN-PN/PR royalty_before_vat=13080000 so_tien_value=13080000
20:45:33 app.api.contracts WARNING [LIST_API] id=4019 contract_no=0633/2025/HĐQTGAN-PN/PR royalty_before_vat=4800000 so_tien_value=4800000
20:45:33 app.api.contracts WARNING [LIST_API] id=4017 contract_no=0642/2025/HĐQTGAN-PN/PR royalty_before_vat=22000000 so_tien_value=22000000
20:45:33 app.api.contracts WARNING [LIST_API] id=585 contract_no=0953/2025/HĐQTGAN-PN/PR royalty_before_vat=4080000 so_tien_value=4080000
20:45:33 app.api.contracts WARNING [LIST_API] id=579 contract_no=0909/2025/HĐQTGAN-PN/PR royalty_before_vat=26490000 so_tien_value=26490000
20:45:33 app.api.contracts WARNING [LIST_API] id=576 contract_no=0883/2025/HĐQTGAN-PN/PR royalty_before_vat=22750000 so_tien_value=22750000
20:45:33 app.api.contracts WARNING [LIST_API] id=575 contract_no=0882/2025/HĐQTGAN-PN/PR royalty_before_vat=17500000 so_tien_value=17500000
20:45:33 app.api.contracts WARNING [LIST_API] id=574 contract_no=0869/2025/HĐQTGAN-PN/PR royalty_before_vat=23750000 so_tien_value=23750000
20:45:33 app.api.contracts WARNING [LIST_API] id=573 contract_no=0780/2025/HĐQTGAN-PN/PR royalty_before_vat=21000000 so_tien_value=21000000
20:45:33 app.api.contracts WARNING [LIST_API] id=571 contract_no=0753/2025/HĐQTGAN-PN/PR royalty_before_vat=30750000 so_tien_value=30750000
20:45:33 app.api.contracts WARNING [LIST_API] id=566 contract_no=0733/2025/HĐQTGAN-HAN/PR royalty_before_vat=12000000 so_tien_value=12000000
20:45:33 app.api.contracts WARNING [LIST_API] id=561 contract_no=0621/2025/HĐQTGAN-PN/PR royalty_before_vat=35000000 so_tien_value=35000000
20:45:34 app.api.contracts WARNING [LIST_API] id=4304 contract_no=0999/2026/HĐQTGAN-PN/PR royalty_before_vat=47324160 so_tien_value=51110093
20:45:34 app.api.contracts WARNING [LIST_API] id=4303 contract_no=0989/2026/HĐQTGAN-PN/PR royalty_before_vat=23961600 so_tien_value=25878528
20:45:34 app.api.contracts WARNING [LIST_API] id=4302 contract_no=0984/2026/HĐQTGAN-PN/PR royalty_before_vat=40809600 so_tien_value=44074368
20:45:34 app.api.contracts WARNING [LIST_API] id=4301 contract_no=0978/2026/HĐQTGAN-PN/PR royalty_before_vat=17971200 so_tien_value=19408896
20:45:34 app.api.contracts WARNING [LIST_API] id=4300 contract_no=0967/2026/HĐQTGAN-PN/PR royalty_before_vat=7488000 so_tien_value=8087040
20:45:34 app.api.contracts WARNING [LIST_API] id=4299 contract_no=0960/2026/HĐQTGAN-PN/PR royalty_before_vat=98467200 so_tien_value=106344576
20:45:34 app.api.contracts WARNING [LIST_API] id=4298 contract_no=0956/2026/HĐQTGAN-PN/PR royalty_before_vat=43430400 so_tien_value=46904832
20:45:34 app.api.contracts WARNING [LIST_API] id=4297 contract_no=0954/2026/HĐQTGAN-PN/PR royalty_before_vat=64396800 so_tien_value=69548544
20:45:34 app.api.contracts WARNING [LIST_API] id=4296 contract_no=0945/2026/HĐQTGAN-PN/PR royalty_before_vat=59155200 so_tien_value=63887616
20:45:34 app.api.contracts WARNING [LIST_API] id=4295 contract_no=0942/2026/HĐQTGAN-PN/PR royalty_before_vat=82742400 so_tien_value=89361792
20:45:34 app.api.contracts WARNING [LIST_API] id=4294 contract_no=0940/2026/HĐQTGAN-PN/PR royalty_before_vat=64396800 so_tien_value=69548544
20:45:34 app.api.contracts WARNING [LIST_API] id=4293 contract_no=0925/2026/HĐQTGAN-PN/PR royalty_before_vat=17784000 so_tien_value=19206720
20:45:34 app.api.contracts WARNING [LIST_API] id=4292 contract_no=0924/2026/HĐQTGAN-PN/PR royalty_before_vat=24336000 so_tien_value=26282880
20:45:34 app.api.contracts WARNING [LIST_API] id=4291 contract_no=0919/2026/HĐQTGAN-PN/PR royalty_before_vat=36129600 so_tien_value=39019968
20:45:34 app.api.contracts WARNING [LIST_API] id=4290 contract_no=0918/2026/HĐQTGAN-PN/PR royalty_before_vat=38750400 so_tien_value=41850432
20:45:34 app.api.contracts WARNING [LIST_API] id=4289 contract_no=0917/2026/HĐQTGAN-PN/PR royalty_before_vat=21715200 so_tien_value=23452416
20:45:34 app.api.contracts WARNING [LIST_API] id=4288 contract_no=0935/2026/HĐQTGAN-PN/PR royalty_before_vat=17784000 so_tien_value=19206720
20:45:34 app.api.contracts WARNING [LIST_API] id=4287 contract_no=0915/2026/HĐQTGAN-PN/PR royalty_before_vat=37440000 so_tien_value=40435200
20:45:34 app.api.contracts WARNING [LIST_API] id=4286 contract_no=0909/2026/HĐQTGAN-PN/PR royalty_before_vat=13478400 so_tien_value=14556672
20:45:34 app.api.contracts WARNING [LIST_API] id=4285 contract_no=0907/2026/HĐQTGAN-PN/PR royalty_before_vat=21715200 so_tien_value=23452416
20:45:34 app.api.contracts WARNING [LIST_API] id=4284 contract_no=0905/2026/HĐQTGAN-PN/PR royalty_before_vat=25646400 so_tien_value=27698112
20:45:34 app.api.contracts WARNING [LIST_API] id=4283 contract_no=0892/2026/HĐQTGAN-PN/PR royalty_before_vat=11980800 so_tien_value=12939264
20:45:34 app.api.contracts WARNING [LIST_API] id=4282 contract_no=0879/2026/HĐQTGAN-PN/PR royalty_before_vat=8424000 so_tien_value=9097920
20:45:34 app.api.contracts WARNING [LIST_API] id=4281 contract_no=0867/2026/HĐQTGAN-PN/PR royalty_before_vat=37440000 so_tien_value=40435200
20:45:34 app.api.contracts WARNING [LIST_API] id=4280 contract_no=0861/2026/HĐQTGAN-PN/PR royalty_before_vat=45302400 so_tien_value=48926592
20:45:34 app.api.contracts WARNING [LIST_API] id=4279 contract_no=0857/2026/HĐQTGAN-PN/PR royalty_before_vat=19094400 so_tien_value=20621952
20:45:34 app.api.contracts WARNING [LIST_API] id=4278 contract_no=0870/2026/HĐQTGAN-PN/PR royalty_before_vat=7488000 so_tien_value=8087040
20:45:34 app.api.contracts WARNING [LIST_API] id=4277 contract_no=0887/2026/HĐQTGAN-PN/PR royalty_before_vat=29952000 so_tien_value=32348160
20:45:34 app.api.contracts WARNING [LIST_API] id=4276 contract_no=0889/2026/HĐQTGAN-PN/PR royalty_before_vat=17971200 so_tien_value=19408896
20:45:34 app.api.contracts WARNING [LIST_API] id=4275 contract_no=0895/2026/HĐQTGAN-PN/PR royalty_before_vat=38188800 so_tien_value=41243904
20:45:34 app.api.contracts WARNING [LIST_API] id=4304 contract_no=0999/2026/HĐQTGAN-PN/PR royalty_before_vat=47324160 so_tien_value=51110093
20:45:34 app.api.contracts WARNING [LIST_API] id=4303 contract_no=0989/2026/HĐQTGAN-PN/PR royalty_before_vat=23961600 so_tien_value=25878528
20:45:34 app.api.contracts WARNING [LIST_API] id=4302 contract_no=0984/2026/HĐQTGAN-PN/PR royalty_before_vat=40809600 so_tien_value=44074368
20:45:34 app.api.contracts WARNING [LIST_API] id=4301 contract_no=0978/2026/HĐQTGAN-PN/PR royalty_before_vat=17971200 so_tien_value=19408896
20:45:34 app.api.contracts WARNING [LIST_API] id=4300 contract_no=0967/2026/HĐQTGAN-PN/PR royalty_before_vat=7488000 so_tien_value=8087040
20:45:34 app.api.contracts WARNING [LIST_API] id=4299 contract_no=0960/2026/HĐQTGAN-PN/PR royalty_before_vat=98467200 so_tien_value=106344576
20:45:34 app.api.contracts WARNING [LIST_API] id=4298 contract_no=0956/2026/HĐQTGAN-PN/PR royalty_before_vat=43430400 so_tien_value=46904832
20:45:34 app.api.contracts WARNING [LIST_API] id=4297 contract_no=0954/2026/HĐQTGAN-PN/PR royalty_before_vat=64396800 so_tien_value=69548544
20:45:34 app.api.contracts WARNING [LIST_API] id=4296 contract_no=0945/2026/HĐQTGAN-PN/PR royalty_before_vat=59155200 so_tien_value=63887616
20:45:34 app.api.contracts WARNING [LIST_API] id=4295 contract_no=0942/2026/HĐQTGAN-PN/PR royalty_before_vat=82742400 so_tien_value=89361792
20:45:34 app.api.contracts WARNING [LIST_API] id=4294 contract_no=0940/2026/HĐQTGAN-PN/PR royalty_before_vat=64396800 so_tien_value=69548544
20:45:34 app.api.contracts WARNING [LIST_API] id=4293 contract_no=0925/2026/HĐQTGAN-PN/PR royalty_before_vat=17784000 so_tien_value=19206720
20:45:34 app.api.contracts WARNING [LIST_API] id=4292 contract_no=0924/2026/HĐQTGAN-PN/PR royalty_before_vat=24336000 so_tien_value=26282880
20:45:34 app.api.contracts WARNING [LIST_API] id=4291 contract_no=0919/2026/HĐQTGAN-PN/PR royalty_before_vat=36129600 so_tien_value=39019968
20:45:34 app.api.contracts WARNING [LIST_API] id=4290 contract_no=0918/2026/HĐQTGAN-PN/PR royalty_before_vat=38750400 so_tien_value=41850432
20:45:34 app.api.contracts WARNING [LIST_API] id=4289 contract_no=0917/2026/HĐQTGAN-PN/PR royalty_before_vat=21715200 so_tien_value=23452416
20:45:34 app.api.contracts WARNING [LIST_API] id=4288 contract_no=0935/2026/HĐQTGAN-PN/PR royalty_before_vat=17784000 so_tien_value=19206720
20:45:34 app.api.contracts WARNING [LIST_API] id=4287 contract_no=0915/2026/HĐQTGAN-PN/PR royalty_before_vat=37440000 so_tien_value=40435200
20:45:34 app.api.contracts WARNING [LIST_API] id=4286 contract_no=0909/2026/HĐQTGAN-PN/PR royalty_before_vat=13478400 so_tien_value=14556672
20:45:34 app.api.contracts WARNING [LIST_API] id=4285 contract_no=0907/2026/HĐQTGAN-PN/PR royalty_before_vat=21715200 so_tien_value=23452416
20:45:34 app.api.contracts WARNING [LIST_API] id=4284 contract_no=0905/2026/HĐQTGAN-PN/PR royalty_before_vat=25646400 so_tien_value=27698112
20:45:34 app.api.contracts WARNING [LIST_API] id=4283 contract_no=0892/2026/HĐQTGAN-PN/PR royalty_before_vat=11980800 so_tien_value=12939264
20:45:34 app.api.contracts WARNING [LIST_API] id=4282 contract_no=0879/2026/HĐQTGAN-PN/PR royalty_before_vat=8424000 so_tien_value=9097920
20:45:34 app.api.contracts WARNING [LIST_API] id=4281 contract_no=0867/2026/HĐQTGAN-PN/PR royalty_before_vat=37440000 so_tien_value=40435200
20:45:34 app.api.contracts WARNING [LIST_API] id=4280 contract_no=0861/2026/HĐQTGAN-PN/PR royalty_before_vat=45302400 so_tien_value=48926592
20:45:34 app.api.contracts WARNING [LIST_API] id=4279 contract_no=0857/2026/HĐQTGAN-PN/PR royalty_before_vat=19094400 so_tien_value=20621952
20:45:34 app.api.contracts WARNING [LIST_API] id=4278 contract_no=0870/2026/HĐQTGAN-PN/PR royalty_before_vat=7488000 so_tien_value=8087040
20:45:34 app.api.contracts WARNING [LIST_API] id=4277 contract_no=0887/2026/HĐQTGAN-PN/PR royalty_before_vat=29952000 so_tien_value=32348160
20:45:34 app.api.contracts WARNING [LIST_API] id=4276 contract_no=0889/2026/HĐQTGAN-PN/PR royalty_before_vat=17971200 so_tien_value=19408896
20:45:34 app.api.contracts WARNING [LIST_API] id=4275 contract_no=0895/2026/HĐQTGAN-PN/PR royalty_before_vat=38188800 so_tien_value=41243904
20:48:11 app.api.contracts WARNING [LIST_API] id=4304 contract_no=0999/2026/HĐQTGAN-PN/PR royalty_before_vat=47324160 so_tien_value=51110093
20:48:11 app.api.contracts WARNING [LIST_API] id=4303 contract_no=0989/2026/HĐQTGAN-PN/PR royalty_before_vat=23961600 so_tien_value=25878528
20:48:11 app.api.contracts WARNING [LIST_API] id=4302 contract_no=0984/2026/HĐQTGAN-PN/PR royalty_before_vat=40809600 so_tien_value=44074368
20:48:11 app.api.contracts WARNING [LIST_API] id=4301 contract_no=0978/2026/HĐQTGAN-PN/PR royalty_before_vat=17971200 so_tien_value=19408896
20:48:11 app.api.contracts WARNING [LIST_API] id=4300 contract_no=0967/2026/HĐQTGAN-PN/PR royalty_before_vat=7488000 so_tien_value=8087040
20:48:11 app.api.contracts WARNING [LIST_API] id=4299 contract_no=0960/2026/HĐQTGAN-PN/PR royalty_before_vat=98467200 so_tien_value=106344576
20:48:11 app.api.contracts WARNING [LIST_API] id=4298 contract_no=0956/2026/HĐQTGAN-PN/PR royalty_before_vat=43430400 so_tien_value=46904832
20:48:11 app.api.contracts WARNING [LIST_API] id=4297 contract_no=0954/2026/HĐQTGAN-PN/PR royalty_before_vat=64396800 so_tien_value=69548544
20:48:11 app.api.contracts WARNING [LIST_API] id=4296 contract_no=0945/2026/HĐQTGAN-PN/PR royalty_before_vat=59155200 so_tien_value=63887616
20:48:11 app.api.contracts WARNING [LIST_API] id=4295 contract_no=0942/2026/HĐQTGAN-PN/PR royalty_before_vat=82742400 so_tien_value=89361792
20:48:11 app.api.contracts WARNING [LIST_API] id=4294 contract_no=0940/2026/HĐQTGAN-PN/PR royalty_before_vat=64396800 so_tien_value=69548544
20:48:11 app.api.contracts WARNING [LIST_API] id=4293 contract_no=0925/2026/HĐQTGAN-PN/PR royalty_before_vat=17784000 so_tien_value=19206720
20:48:11 app.api.contracts WARNING [LIST_API] id=4292 contract_no=0924/2026/HĐQTGAN-PN/PR royalty_before_vat=24336000 so_tien_value=26282880
20:48:11 app.api.contracts WARNING [LIST_API] id=4291 contract_no=0919/2026/HĐQTGAN-PN/PR royalty_before_vat=36129600 so_tien_value=39019968
20:48:11 app.api.contracts WARNING [LIST_API] id=4290 contract_no=0918/2026/HĐQTGAN-PN/PR royalty_before_vat=38750400 so_tien_value=41850432
20:48:11 app.api.contracts WARNING [LIST_API] id=4289 contract_no=0917/2026/HĐQTGAN-PN/PR royalty_before_vat=21715200 so_tien_value=23452416
20:48:11 app.api.contracts WARNING [LIST_API] id=4288 contract_no=0935/2026/HĐQTGAN-PN/PR royalty_before_vat=17784000 so_tien_value=19206720
20:48:11 app.api.contracts WARNING [LIST_API] id=4287 contract_no=0915/2026/HĐQTGAN-PN/PR royalty_before_vat=37440000 so_tien_value=40435200
20:48:11 app.api.contracts WARNING [LIST_API] id=4286 contract_no=0909/2026/HĐQTGAN-PN/PR royalty_before_vat=13478400 so_tien_value=14556672
20:48:11 app.api.contracts WARNING [LIST_API] id=4285 contract_no=0907/2026/HĐQTGAN-PN/PR royalty_before_vat=21715200 so_tien_value=23452416
20:48:11 app.api.contracts WARNING [LIST_API] id=4284 contract_no=0905/2026/HĐQTGAN-PN/PR royalty_before_vat=25646400 so_tien_value=27698112
20:48:11 app.api.contracts WARNING [LIST_API] id=4283 contract_no=0892/2026/HĐQTGAN-PN/PR royalty_before_vat=11980800 so_tien_value=12939264
20:48:11 app.api.contracts WARNING [LIST_API] id=4282 contract_no=0879/2026/HĐQTGAN-PN/PR royalty_before_vat=8424000 so_tien_value=9097920
20:48:11 app.api.contracts WARNING [LIST_API] id=4281 contract_no=0867/2026/HĐQTGAN-PN/PR royalty_before_vat=37440000 so_tien_value=40435200
20:48:11 app.api.contracts WARNING [LIST_API] id=4280 contract_no=0861/2026/HĐQTGAN-PN/PR royalty_before_vat=45302400 so_tien_value=48926592
20:48:11 app.api.contracts WARNING [LIST_API] id=4279 contract_no=0857/2026/HĐQTGAN-PN/PR royalty_before_vat=19094400 so_tien_value=20621952
20:48:11 app.api.contracts WARNING [LIST_API] id=4278 contract_no=0870/2026/HĐQTGAN-PN/PR royalty_before_vat=7488000 so_tien_value=8087040
20:48:11 app.api.contracts WARNING [LIST_API] id=4277 contract_no=0887/2026/HĐQTGAN-PN/PR royalty_before_vat=29952000 so_tien_value=32348160
20:48:11 app.api.contracts WARNING [LIST_API] id=4276 contract_no=0889/2026/HĐQTGAN-PN/PR royalty_before_vat=17971200 so_tien_value=19408896
20:48:11 app.api.contracts WARNING [LIST_API] id=4275 contract_no=0895/2026/HĐQTGAN-PN/PR royalty_before_vat=38188800 so_tien_value=41243904
21:38:33 app.api.contracts WARNING [LIST_API] id=4304 contract_no=0999/2026/HĐQTGAN-PN/PR royalty_before_vat=47324160 so_tien_value=51110093
21:38:33 app.api.contracts WARNING [LIST_API] id=4303 contract_no=0989/2026/HĐQTGAN-PN/PR royalty_before_vat=23961600 so_tien_value=25878528
21:38:33 app.api.contracts WARNING [LIST_API] id=4302 contract_no=0984/2026/HĐQTGAN-PN/PR royalty_before_vat=40809600 so_tien_value=44074368
21:38:33 app.api.contracts WARNING [LIST_API] id=4301 contract_no=0978/2026/HĐQTGAN-PN/PR royalty_before_vat=17971200 so_tien_value=19408896
21:38:34 app.api.contracts WARNING [LIST_API] id=4300 contract_no=0967/2026/HĐQTGAN-PN/PR royalty_before_vat=7488000 so_tien_value=8087040
21:38:34 app.api.contracts WARNING [LIST_API] id=4299 contract_no=0960/2026/HĐQTGAN-PN/PR royalty_before_vat=98467200 so_tien_value=106344576
21:38:34 app.api.contracts WARNING [LIST_API] id=4298 contract_no=0956/2026/HĐQTGAN-PN/PR royalty_before_vat=43430400 so_tien_value=46904832
21:38:34 app.api.contracts WARNING [LIST_API] id=4297 contract_no=0954/2026/HĐQTGAN-PN/PR royalty_before_vat=64396800 so_tien_value=69548544
21:38:34 app.api.contracts WARNING [LIST_API] id=4296 contract_no=0945/2026/HĐQTGAN-PN/PR royalty_before_vat=59155200 so_tien_value=63887616
21:38:34 app.api.contracts WARNING [LIST_API] id=4295 contract_no=0942/2026/HĐQTGAN-PN/PR royalty_before_vat=82742400 so_tien_value=89361792
21:38:34 app.api.contracts WARNING [LIST_API] id=4294 contract_no=0940/2026/HĐQTGAN-PN/PR royalty_before_vat=64396800 so_tien_value=69548544
21:38:34 app.api.contracts WARNING [LIST_API] id=4293 contract_no=0925/2026/HĐQTGAN-PN/PR royalty_before_vat=17784000 so_tien_value=19206720
21:38:34 app.api.contracts WARNING [LIST_API] id=4292 contract_no=0924/2026/HĐQTGAN-PN/PR royalty_before_vat=24336000 so_tien_value=26282880
21:38:34 app.api.contracts WARNING [LIST_API] id=4291 contract_no=0919/2026/HĐQTGAN-PN/PR royalty_before_vat=36129600 so_tien_value=39019968
21:38:34 app.api.contracts WARNING [LIST_API] id=4290 contract_no=0918/2026/HĐQTGAN-PN/PR royalty_before_vat=38750400 so_tien_value=41850432
21:38:34 app.api.contracts WARNING [LIST_API] id=4289 contract_no=0917/2026/HĐQTGAN-PN/PR royalty_before_vat=21715200 so_tien_value=23452416
21:38:34 app.api.contracts WARNING [LIST_API] id=4288 contract_no=0935/2026/HĐQTGAN-PN/PR royalty_before_vat=17784000 so_tien_value=19206720
21:38:34 app.api.contracts WARNING [LIST_API] id=4287 contract_no=0915/2026/HĐQTGAN-PN/PR royalty_before_vat=37440000 so_tien_value=40435200
21:38:34 app.api.contracts WARNING [LIST_API] id=4286 contract_no=0909/2026/HĐQTGAN-PN/PR royalty_before_vat=13478400 so_tien_value=14556672
21:38:34 app.api.contracts WARNING [LIST_API] id=4285 contract_no=0907/2026/HĐQTGAN-PN/PR royalty_before_vat=21715200 so_tien_value=23452416
21:38:34 app.api.contracts WARNING [LIST_API] id=4284 contract_no=0905/2026/HĐQTGAN-PN/PR royalty_before_vat=25646400 so_tien_value=27698112
21:38:34 app.api.contracts WARNING [LIST_API] id=4283 contract_no=0892/2026/HĐQTGAN-PN/PR royalty_before_vat=11980800 so_tien_value=12939264
21:38:34 app.api.contracts WARNING [LIST_API] id=4282 contract_no=0879/2026/HĐQTGAN-PN/PR royalty_before_vat=8424000 so_tien_value=9097920
21:38:34 app.api.contracts WARNING [LIST_API] id=4281 contract_no=0867/2026/HĐQTGAN-PN/PR royalty_before_vat=37440000 so_tien_value=40435200
21:38:34 app.api.contracts WARNING [LIST_API] id=4280 contract_no=0861/2026/HĐQTGAN-PN/PR royalty_before_vat=45302400 so_tien_value=48926592
21:38:34 app.api.contracts WARNING [LIST_API] id=4279 contract_no=0857/2026/HĐQTGAN-PN/PR royalty_before_vat=19094400 so_tien_value=20621952
21:38:34 app.api.contracts WARNING [LIST_API] id=4278 contract_no=0870/2026/HĐQTGAN-PN/PR royalty_before_vat=7488000 so_tien_value=8087040
21:38:34 app.api.contracts WARNING [LIST_API] id=4277 contract_no=0887/2026/HĐQTGAN-PN/PR royalty_before_vat=29952000 so_tien_value=32348160
21:38:34 app.api.contracts WARNING [LIST_API] id=4276 contract_no=0889/2026/HĐQTGAN-PN/PR royalty_before_vat=17971200 so_tien_value=19408896
21:38:34 app.api.contracts WARNING [LIST_API] id=4275 contract_no=0895/2026/HĐQTGAN-PN/PR royalty_before_vat=38188800 so_tien_value=41243904
21:39:59 app.api.contracts WARNING [LIST_API] id=4304 contract_no=0999/2026/HĐQTGAN-PN/PR royalty_before_vat=47324160 so_tien_value=51110093
21:39:59 app.api.contracts WARNING [LIST_API] id=4303 contract_no=0989/2026/HĐQTGAN-PN/PR royalty_before_vat=23961600 so_tien_value=25878528
21:39:59 app.api.contracts WARNING [LIST_API] id=4302 contract_no=0984/2026/HĐQTGAN-PN/PR royalty_before_vat=40809600 so_tien_value=44074368
21:39:59 app.api.contracts WARNING [LIST_API] id=4301 contract_no=0978/2026/HĐQTGAN-PN/PR royalty_before_vat=17971200 so_tien_value=19408896
21:39:59 app.api.contracts WARNING [LIST_API] id=4300 contract_no=0967/2026/HĐQTGAN-PN/PR royalty_before_vat=7488000 so_tien_value=8087040
21:39:59 app.api.contracts WARNING [LIST_API] id=4299 contract_no=0960/2026/HĐQTGAN-PN/PR royalty_before_vat=98467200 so_tien_value=106344576
21:39:59 app.api.contracts WARNING [LIST_API] id=4298 contract_no=0956/2026/HĐQTGAN-PN/PR royalty_before_vat=43430400 so_tien_value=46904832
21:39:59 app.api.contracts WARNING [LIST_API] id=4297 contract_no=0954/2026/HĐQTGAN-PN/PR royalty_before_vat=64396800 so_tien_value=69548544
21:39:59 app.api.contracts WARNING [LIST_API] id=4296 contract_no=0945/2026/HĐQTGAN-PN/PR royalty_before_vat=59155200 so_tien_value=63887616
21:39:59 app.api.contracts WARNING [LIST_API] id=4295 contract_no=0942/2026/HĐQTGAN-PN/PR royalty_before_vat=82742400 so_tien_value=89361792
21:39:59 app.api.contracts WARNING [LIST_API] id=4294 contract_no=0940/2026/HĐQTGAN-PN/PR royalty_before_vat=64396800 so_tien_value=69548544
21:39:59 app.api.contracts WARNING [LIST_API] id=4293 contract_no=0925/2026/HĐQTGAN-PN/PR royalty_before_vat=17784000 so_tien_value=19206720
21:39:59 app.api.contracts WARNING [LIST_API] id=4292 contract_no=0924/2026/HĐQTGAN-PN/PR royalty_before_vat=24336000 so_tien_value=26282880
21:39:59 app.api.contracts WARNING [LIST_API] id=4291 contract_no=0919/2026/HĐQTGAN-PN/PR royalty_before_vat=36129600 so_tien_value=39019968
21:39:59 app.api.contracts WARNING [LIST_API] id=4290 contract_no=0918/2026/HĐQTGAN-PN/PR royalty_before_vat=38750400 so_tien_value=41850432
21:39:59 app.api.contracts WARNING [LIST_API] id=4289 contract_no=0917/2026/HĐQTGAN-PN/PR royalty_before_vat=21715200 so_tien_value=23452416
21:39:59 app.api.contracts WARNING [LIST_API] id=4288 contract_no=0935/2026/HĐQTGAN-PN/PR royalty_before_vat=17784000 so_tien_value=19206720
21:39:59 app.api.contracts WARNING [LIST_API] id=4287 contract_no=0915/2026/HĐQTGAN-PN/PR royalty_before_vat=37440000 so_tien_value=40435200
21:39:59 app.api.contracts WARNING [LIST_API] id=4286 contract_no=0909/2026/HĐQTGAN-PN/PR royalty_before_vat=13478400 so_tien_value=14556672
21:39:59 app.api.contracts WARNING [LIST_API] id=4285 contract_no=0907/2026/HĐQTGAN-PN/PR royalty_before_vat=21715200 so_tien_value=23452416
21:39:59 app.api.contracts WARNING [LIST_API] id=4284 contract_no=0905/2026/HĐQTGAN-PN/PR royalty_before_vat=25646400 so_tien_value=27698112
21:39:59 app.api.contracts WARNING [LIST_API] id=4283 contract_no=0892/2026/HĐQTGAN-PN/PR royalty_before_vat=11980800 so_tien_value=12939264
21:39:59 app.api.contracts WARNING [LIST_API] id=4282 contract_no=0879/2026/HĐQTGAN-PN/PR royalty_before_vat=8424000 so_tien_value=9097920
21:39:59 app.api.contracts WARNING [LIST_API] id=4281 contract_no=0867/2026/HĐQTGAN-PN/PR royalty_before_vat=37440000 so_tien_value=40435200
21:39:59 app.api.contracts WARNING [LIST_API] id=4280 contract_no=0861/2026/HĐQTGAN-PN/PR royalty_before_vat=45302400 so_tien_value=48926592
21:39:59 app.api.contracts WARNING [LIST_API] id=4279 contract_no=0857/2026/HĐQTGAN-PN/PR royalty_before_vat=19094400 so_tien_value=20621952
21:39:59 app.api.contracts WARNING [LIST_API] id=4278 contract_no=0870/2026/HĐQTGAN-PN/PR royalty_before_vat=7488000 so_tien_value=8087040
21:39:59 app.api.contracts WARNING [LIST_API] id=4277 contract_no=0887/2026/HĐQTGAN-PN/PR royalty_before_vat=29952000 so_tien_value=32348160
21:39:59 app.api.contracts WARNING [LIST_API] id=4276 contract_no=0889/2026/HĐQTGAN-PN/PR royalty_before_vat=17971200 so_tien_value=19408896
21:39:59 app.api.contracts WARNING [LIST_API] id=4275 contract_no=0895/2026/HĐQTGAN-PN/PR royalty_before_vat=38188800 so_tien_value=41243904
21:40:02 app.api.contracts WARNING [LIST_API] id=4304 contract_no=0999/2026/HĐQTGAN-PN/PR royalty_before_vat=47324160 so_tien_value=51110093
21:40:02 app.api.contracts WARNING [LIST_API] id=4303 contract_no=0989/2026/HĐQTGAN-PN/PR royalty_before_vat=23961600 so_tien_value=25878528
21:40:02 app.api.contracts WARNING [LIST_API] id=4302 contract_no=0984/2026/HĐQTGAN-PN/PR royalty_before_vat=40809600 so_tien_value=44074368
21:40:02 app.api.contracts WARNING [LIST_API] id=4301 contract_no=0978/2026/HĐQTGAN-PN/PR royalty_before_vat=17971200 so_tien_value=19408896
21:40:02 app.api.contracts WARNING [LIST_API] id=4300 contract_no=0967/2026/HĐQTGAN-PN/PR royalty_before_vat=7488000 so_tien_value=8087040
21:40:02 app.api.contracts WARNING [LIST_API] id=4299 contract_no=0960/2026/HĐQTGAN-PN/PR royalty_before_vat=98467200 so_tien_value=106344576
21:40:02 app.api.contracts WARNING [LIST_API] id=4298 contract_no=0956/2026/HĐQTGAN-PN/PR royalty_before_vat=43430400 so_tien_value=46904832
21:40:02 app.api.contracts WARNING [LIST_API] id=4297 contract_no=0954/2026/HĐQTGAN-PN/PR royalty_before_vat=64396800 so_tien_value=69548544
21:40:02 app.api.contracts WARNING [LIST_API] id=4296 contract_no=0945/2026/HĐQTGAN-PN/PR royalty_before_vat=59155200 so_tien_value=63887616
21:40:02 app.api.contracts WARNING [LIST_API] id=4295 contract_no=0942/2026/HĐQTGAN-PN/PR royalty_before_vat=82742400 so_tien_value=89361792
21:40:02 app.api.contracts WARNING [LIST_API] id=4294 contract_no=0940/2026/HĐQTGAN-PN/PR royalty_before_vat=64396800 so_tien_value=69548544
21:40:02 app.api.contracts WARNING [LIST_API] id=4293 contract_no=0925/2026/HĐQTGAN-PN/PR royalty_before_vat=17784000 so_tien_value=19206720
21:40:02 app.api.contracts WARNING [LIST_API] id=4292 contract_no=0924/2026/HĐQTGAN-PN/PR royalty_before_vat=24336000 so_tien_value=26282880
21:40:02 app.api.contracts WARNING [LIST_API] id=4291 contract_no=0919/2026/HĐQTGAN-PN/PR royalty_before_vat=36129600 so_tien_value=39019968
21:40:02 app.api.contracts WARNING [LIST_API] id=4290 contract_no=0918/2026/HĐQTGAN-PN/PR royalty_before_vat=38750400 so_tien_value=41850432
21:40:02 app.api.contracts WARNING [LIST_API] id=4289 contract_no=0917/2026/HĐQTGAN-PN/PR royalty_before_vat=21715200 so_tien_value=23452416
21:40:02 app.api.contracts WARNING [LIST_API] id=4288 contract_no=0935/2026/HĐQTGAN-PN/PR royalty_before_vat=17784000 so_tien_value=19206720
21:40:02 app.api.contracts WARNING [LIST_API] id=4287 contract_no=0915/2026/HĐQTGAN-PN/PR royalty_before_vat=37440000 so_tien_value=40435200
21:40:02 app.api.contracts WARNING [LIST_API] id=4286 contract_no=0909/2026/HĐQTGAN-PN/PR royalty_before_vat=13478400 so_tien_value=14556672
21:40:02 app.api.contracts WARNING [LIST_API] id=4285 contract_no=0907/2026/HĐQTGAN-PN/PR royalty_before_vat=21715200 so_tien_value=23452416
21:40:02 app.api.contracts WARNING [LIST_API] id=4284 contract_no=0905/2026/HĐQTGAN-PN/PR royalty_before_vat=25646400 so_tien_value=27698112
21:40:02 app.api.contracts WARNING [LIST_API] id=4283 contract_no=0892/2026/HĐQTGAN-PN/PR royalty_before_vat=11980800 so_tien_value=12939264
21:40:02 app.api.contracts WARNING [LIST_API] id=4282 contract_no=0879/2026/HĐQTGAN-PN/PR royalty_before_vat=8424000 so_tien_value=9097920
21:40:02 app.api.contracts WARNING [LIST_API] id=4281 contract_no=0867/2026/HĐQTGAN-PN/PR royalty_before_vat=37440000 so_tien_value=40435200
21:40:02 app.api.contracts WARNING [LIST_API] id=4280 contract_no=0861/2026/HĐQTGAN-PN/PR royalty_before_vat=45302400 so_tien_value=48926592
21:40:02 app.api.contracts WARNING [LIST_API] id=4279 contract_no=0857/2026/HĐQTGAN-PN/PR royalty_before_vat=19094400 so_tien_value=20621952
21:40:02 app.api.contracts WARNING [LIST_API] id=4278 contract_no=0870/2026/HĐQTGAN-PN/PR royalty_before_vat=7488000 so_tien_value=8087040
21:40:02 app.api.contracts WARNING [LIST_API] id=4277 contract_no=0887/2026/HĐQTGAN-PN/PR royalty_before_vat=29952000 so_tien_value=32348160
21:40:02 app.api.contracts WARNING [LIST_API] id=4276 contract_no=0889/2026/HĐQTGAN-PN/PR royalty_before_vat=17971200 so_tien_value=19408896
21:40:02 app.api.contracts WARNING [LIST_API] id=4275 contract_no=0895/2026/HĐQTGAN-PN/PR royalty_before_vat=38188800 so_tien_value=41243904
21:40:03 app.api.contracts WARNING [LIST_API] id=4080 contract_no=0252/2026/HĐQTGAN-PN/PR royalty_before_vat=None so_tien_value=12285000
21:40:03 app.api.contracts WARNING [LIST_API] id=4068 contract_no=0059/2026/HĐQTGAN-PN/PR royalty_before_vat=54250000 so_tien_value=58590000
21:40:03 app.api.contracts WARNING [LIST_API] id=4040 contract_no=1100/2025/HĐQTGAN-PN/PR royalty_before_vat=18000000 so_tien_value=18000000
21:40:03 app.api.contracts WARNING [LIST_API] id=4038 contract_no=1045/2025/HĐQTGAN-PN/PR royalty_before_vat=40275000 so_tien_value=40275000
21:40:03 app.api.contracts WARNING [LIST_API] id=4037 contract_no=1040/2025/HĐQTGAN-PN/PR royalty_before_vat=4800000 so_tien_value=4800000
21:40:03 app.api.contracts WARNING [LIST_API] id=4033 contract_no=0896/2025/HĐQTGAN-PN/PR royalty_before_vat=2400000 so_tien_value=2400000
21:40:03 app.api.contracts WARNING [LIST_API] id=4030 contract_no=0854/2025/HĐQTGAN-PN/PR royalty_before_vat=11264000 so_tien_value=11264000
21:40:03 app.api.contracts WARNING [LIST_API] id=4029 contract_no=0845/2025/HĐQTGAN-PN/PR royalty_before_vat=10000000 so_tien_value=10000000
21:40:03 app.api.contracts WARNING [LIST_API] id=4028 contract_no=0816/2025/HĐQTGAN-PN/PR royalty_before_vat=29000000 so_tien_value=29000000
21:40:03 app.api.contracts WARNING [LIST_API] id=4027 contract_no=0796/2025/HĐQTGAN-PN/PR royalty_before_vat=10560000 so_tien_value=10560000
21:40:03 app.api.contracts WARNING [LIST_API] id=4026 contract_no=0758/2025/HĐQTGAN-PN/PR royalty_before_vat=7500000 so_tien_value=7500000
21:40:03 app.api.contracts WARNING [LIST_API] id=4025 contract_no=0756/2025/HĐQTGAN-PN/PR royalty_before_vat=10000000 so_tien_value=10000000
21:40:03 app.api.contracts WARNING [LIST_API] id=4024 contract_no=0735/2025/HĐQTGAN-HAN/PR royalty_before_vat=23750000 so_tien_value=23750000
21:40:03 app.api.contracts WARNING [LIST_API] id=4023 contract_no=0707/2025/HĐQTGAN-PN/PR royalty_before_vat=9500000 so_tien_value=9500000
21:40:03 app.api.contracts WARNING [LIST_API] id=4022 contract_no=0697/2025/HĐQTGAN-PN/PR royalty_before_vat=13080000 so_tien_value=13080000
21:40:03 app.api.contracts WARNING [LIST_API] id=4019 contract_no=0633/2025/HĐQTGAN-PN/PR royalty_before_vat=4800000 so_tien_value=4800000
21:40:03 app.api.contracts WARNING [LIST_API] id=4017 contract_no=0642/2025/HĐQTGAN-PN/PR royalty_before_vat=22000000 so_tien_value=22000000
21:40:03 app.api.contracts WARNING [LIST_API] id=585 contract_no=0953/2025/HĐQTGAN-PN/PR royalty_before_vat=4080000 so_tien_value=4080000
21:40:03 app.api.contracts WARNING [LIST_API] id=579 contract_no=0909/2025/HĐQTGAN-PN/PR royalty_before_vat=26490000 so_tien_value=26490000
21:40:03 app.api.contracts WARNING [LIST_API] id=576 contract_no=0883/2025/HĐQTGAN-PN/PR royalty_before_vat=22750000 so_tien_value=22750000
21:40:03 app.api.contracts WARNING [LIST_API] id=575 contract_no=0882/2025/HĐQTGAN-PN/PR royalty_before_vat=17500000 so_tien_value=17500000
21:40:03 app.api.contracts WARNING [LIST_API] id=574 contract_no=0869/2025/HĐQTGAN-PN/PR royalty_before_vat=23750000 so_tien_value=23750000
21:40:03 app.api.contracts WARNING [LIST_API] id=573 contract_no=0780/2025/HĐQTGAN-PN/PR royalty_before_vat=21000000 so_tien_value=21000000
21:40:03 app.api.contracts WARNING [LIST_API] id=571 contract_no=0753/2025/HĐQTGAN-PN/PR royalty_before_vat=30750000 so_tien_value=30750000
21:40:03 app.api.contracts WARNING [LIST_API] id=566 contract_no=0733/2025/HĐQTGAN-HAN/PR royalty_before_vat=12000000 so_tien_value=12000000
21:40:03 app.api.contracts WARNING [LIST_API] id=561 contract_no=0621/2025/HĐQTGAN-PN/PR royalty_before_vat=35000000 so_tien_value=35000000
21:40:03 app.api.contracts WARNING [LIST_API] id=4060 contract_no=1480/2025/HĐQTGAN-PN/PR royalty_before_vat=6000000 so_tien_value=6000000
21:40:03 app.api.contracts WARNING [LIST_API] id=4051 contract_no=1259/2025/HĐQTGAN-PN/PR royalty_before_vat=11000000 so_tien_value=11000000
21:40:03 app.api.contracts WARNING [LIST_API] id=4035 contract_no=1018/2025/HĐQTGAN-PN/PR royalty_before_vat=14760000 so_tien_value=14760000
21:40:03 app.api.contracts WARNING [LIST_API] id=4034 contract_no=0927/2025/HĐQTGAN-PN/PR royalty_before_vat=43750000 so_tien_value=43750000
21:40:03 app.api.contracts WARNING [LIST_API] id=4032 contract_no=0872/2025/HĐQTGAN-PN/PR royalty_before_vat=11375000 so_tien_value=11375000
21:40:03 app.api.contracts WARNING [LIST_API] id=4031 contract_no=0865/2025/HĐQTGAN-PN/PR royalty_before_vat=12000000 so_tien_value=12000000
21:40:03 app.api.contracts WARNING [LIST_API] id=4021 contract_no=0674/2025/HĐQTGAN-PN/PR royalty_before_vat=6720000 so_tien_value=6720000
21:40:03 app.api.contracts WARNING [LIST_API] id=4020 contract_no=0658/2025/HĐQTGAN-PN/PR royalty_before_vat=12240000 so_tien_value=12240000
21:40:03 app.api.contracts WARNING [LIST_API] id=4018 contract_no=0617/2025/HĐQTGAN-PN/PR royalty_before_vat=10000000 so_tien_value=10000000
21:40:03 app.api.contracts WARNING [LIST_API] id=4016 contract_no=0605/2025/HĐQTGAN-PN/PR royalty_before_vat=29000000 so_tien_value=29000000
21:40:03 app.api.contracts WARNING [LIST_API] id=4015 contract_no=0577/2025/HĐQTGAN-PN/PR royalty_before_vat=2400000 so_tien_value=2400000
21:40:03 app.api.contracts WARNING [LIST_API] id=4014 contract_no=0573/2025/HĐQTGAN-PN/PR royalty_before_vat=20250000 so_tien_value=20250000
21:40:03 app.api.contracts WARNING [LIST_API] id=4013 contract_no=0566/2025/HĐQTGAN-PN/PR royalty_before_vat=4800000 so_tien_value=4800000
21:40:03 app.api.contracts WARNING [LIST_API] id=623 contract_no=0564/2025/HĐQTGAN-PN/PR royalty_before_vat=16000000 so_tien_value=16000000
21:40:03 app.api.contracts WARNING [LIST_API] id=622 contract_no=0534/2025/HĐQTGAN-PN/PR royalty_before_vat=4800000 so_tien_value=4800000
21:40:03 app.api.contracts WARNING [LIST_API] id=621 contract_no=0433/2025/HĐQTGAN-PN/PR royalty_before_vat=27250000 so_tien_value=27250000
21:40:03 app.api.contracts WARNING [LIST_API] id=620 contract_no=0425/2025/HĐQTGAN-PN/PR royalty_before_vat=25280000 so_tien_value=25280000
21:40:03 app.api.contracts WARNING [LIST_API] id=619 contract_no=0404/2025/HĐQTGAN-PN/PR royalty_before_vat=6000000 so_tien_value=6000000
21:40:03 app.api.contracts WARNING [LIST_API] id=618 contract_no=0398/2025/HĐQTGAN-PN/PR royalty_before_vat=4800000 so_tien_value=4800000
21:40:03 app.api.contracts WARNING [LIST_API] id=617 contract_no=0292/2025/HĐQTGAN-PN/PR royalty_before_vat=12000000 so_tien_value=12000000
21:40:03 app.api.contracts WARNING [LIST_API] id=616 contract_no=0239/2025/HĐQTGAN-PN/PR royalty_before_vat=18000000 so_tien_value=18000000
21:40:03 app.api.contracts WARNING [LIST_API] id=615 contract_no=0216/2025/HĐQTGAN-PN/PR royalty_before_vat=32500000 so_tien_value=32500000
21:40:03 app.api.contracts WARNING [LIST_API] id=614 contract_no=0210/2025/HĐQTGAN-PN/PR royalty_before_vat=6375000 so_tien_value=6375000
21:40:03 app.api.contracts WARNING [LIST_API] id=613 contract_no=0201/2025/HĐQTGAN-PN/PR royalty_before_vat=18000000 so_tien_value=18000000
21:40:03 app.api.contracts WARNING [LIST_API] id=612 contract_no=0194/2025/HĐQTGAN-PN/PR royalty_before_vat=4800000 so_tien_value=4800000
21:40:03 app.api.contracts WARNING [LIST_API] id=611 contract_no=0170/2025/HĐQTGAN-PN/PR royalty_before_vat=6720000 so_tien_value=6720000
21:40:03 app.api.contracts WARNING [LIST_API] id=610 contract_no=0161/2025/HĐQTGAN-PN/PR royalty_before_vat=12000000 so_tien_value=12000000
21:40:03 app.api.contracts WARNING [LIST_API] id=609 contract_no=0152/2025/HĐQTGAN-PN/PR royalty_before_vat=11375000 so_tien_value=11375000
21:40:03 app.api.contracts WARNING [LIST_API] id=608 contract_no=0101/2025/HĐQTGAN-PN/PR royalty_before_vat=12000000 so_tien_value=12000000
21:40:03 app.api.contracts WARNING [LIST_API] id=607 contract_no=0131/2025/HĐQTGAN-PN/PR royalty_before_vat=23750000 so_tien_value=23750000
21:54:46 app.api.contracts WARNING [LIST_API] id=4304 contract_no=0999/2026/HĐQTGAN-PN/PR royalty_before_vat=47324160 so_tien_value=51110093
21:54:46 app.api.contracts WARNING [LIST_API] id=4303 contract_no=0989/2026/HĐQTGAN-PN/PR royalty_before_vat=23961600 so_tien_value=25878528
21:54:46 app.api.contracts WARNING [LIST_API] id=4302 contract_no=0984/2026/HĐQTGAN-PN/PR royalty_before_vat=40809600 so_tien_value=44074368
21:54:46 app.api.contracts WARNING [LIST_API] id=4301 contract_no=0978/2026/HĐQTGAN-PN/PR royalty_before_vat=17971200 so_tien_value=19408896
21:54:46 app.api.contracts WARNING [LIST_API] id=4300 contract_no=0967/2026/HĐQTGAN-PN/PR royalty_before_vat=7488000 so_tien_value=8087040
21:54:46 app.api.contracts WARNING [LIST_API] id=4299 contract_no=0960/2026/HĐQTGAN-PN/PR royalty_before_vat=98467200 so_tien_value=106344576
21:54:46 app.api.contracts WARNING [LIST_API] id=4298 contract_no=0956/2026/HĐQTGAN-PN/PR royalty_before_vat=43430400 so_tien_value=46904832
21:54:46 app.api.contracts WARNING [LIST_API] id=4297 contract_no=0954/2026/HĐQTGAN-PN/PR royalty_before_vat=64396800 so_tien_value=69548544
21:54:46 app.api.contracts WARNING [LIST_API] id=4296 contract_no=0945/2026/HĐQTGAN-PN/PR royalty_before_vat=59155200 so_tien_value=63887616
21:54:46 app.api.contracts WARNING [LIST_API] id=4295 contract_no=0942/2026/HĐQTGAN-PN/PR royalty_before_vat=82742400 so_tien_value=89361792
21:54:46 app.api.contracts WARNING [LIST_API] id=4294 contract_no=0940/2026/HĐQTGAN-PN/PR royalty_before_vat=64396800 so_tien_value=69548544
21:54:46 app.api.contracts WARNING [LIST_API] id=4293 contract_no=0925/2026/HĐQTGAN-PN/PR royalty_before_vat=17784000 so_tien_value=19206720
21:54:46 app.api.contracts WARNING [LIST_API] id=4292 contract_no=0924/2026/HĐQTGAN-PN/PR royalty_before_vat=24336000 so_tien_value=26282880
21:54:46 app.api.contracts WARNING [LIST_API] id=4291 contract_no=0919/2026/HĐQTGAN-PN/PR royalty_before_vat=36129600 so_tien_value=39019968
21:54:46 app.api.contracts WARNING [LIST_API] id=4290 contract_no=0918/2026/HĐQTGAN-PN/PR royalty_before_vat=38750400 so_tien_value=41850432
21:54:46 app.api.contracts WARNING [LIST_API] id=4289 contract_no=0917/2026/HĐQTGAN-PN/PR royalty_before_vat=21715200 so_tien_value=23452416
21:54:46 app.api.contracts WARNING [LIST_API] id=4288 contract_no=0935/2026/HĐQTGAN-PN/PR royalty_before_vat=17784000 so_tien_value=19206720
21:54:46 app.api.contracts WARNING [LIST_API] id=4287 contract_no=0915/2026/HĐQTGAN-PN/PR royalty_before_vat=37440000 so_tien_value=40435200
21:54:46 app.api.contracts WARNING [LIST_API] id=4286 contract_no=0909/2026/HĐQTGAN-PN/PR royalty_before_vat=13478400 so_tien_value=14556672
21:54:46 app.api.contracts WARNING [LIST_API] id=4285 contract_no=0907/2026/HĐQTGAN-PN/PR royalty_before_vat=21715200 so_tien_value=23452416
21:54:46 app.api.contracts WARNING [LIST_API] id=4284 contract_no=0905/2026/HĐQTGAN-PN/PR royalty_before_vat=25646400 so_tien_value=27698112
21:54:46 app.api.contracts WARNING [LIST_API] id=4283 contract_no=0892/2026/HĐQTGAN-PN/PR royalty_before_vat=11980800 so_tien_value=12939264
21:54:46 app.api.contracts WARNING [LIST_API] id=4282 contract_no=0879/2026/HĐQTGAN-PN/PR royalty_before_vat=8424000 so_tien_value=9097920
21:54:46 app.api.contracts WARNING [LIST_API] id=4281 contract_no=0867/2026/HĐQTGAN-PN/PR royalty_before_vat=37440000 so_tien_value=40435200
21:54:46 app.api.contracts WARNING [LIST_API] id=4280 contract_no=0861/2026/HĐQTGAN-PN/PR royalty_before_vat=45302400 so_tien_value=48926592
21:54:46 app.api.contracts WARNING [LIST_API] id=4279 contract_no=0857/2026/HĐQTGAN-PN/PR royalty_before_vat=19094400 so_tien_value=20621952
21:54:46 app.api.contracts WARNING [LIST_API] id=4278 contract_no=0870/2026/HĐQTGAN-PN/PR royalty_before_vat=7488000 so_tien_value=8087040
21:54:46 app.api.contracts WARNING [LIST_API] id=4277 contract_no=0887/2026/HĐQTGAN-PN/PR royalty_before_vat=29952000 so_tien_value=32348160
21:54:46 app.api.contracts WARNING [LIST_API] id=4276 contract_no=0889/2026/HĐQTGAN-PN/PR royalty_before_vat=17971200 so_tien_value=19408896
21:54:46 app.api.contracts WARNING [LIST_API] id=4275 contract_no=0895/2026/HĐQTGAN-PN/PR royalty_before_vat=38188800 so_tien_value=41243904
21:59:27 app.api.contracts WARNING [LIST_API] id=4304 contract_no=0999/2026/HĐQTGAN-PN/PR royalty_before_vat=47324160 so_tien_value=51110093
21:59:27 app.api.contracts WARNING [LIST_API] id=4303 contract_no=0989/2026/HĐQTGAN-PN/PR royalty_before_vat=23961600 so_tien_value=25878528
21:59:27 app.api.contracts WARNING [LIST_API] id=4302 contract_no=0984/2026/HĐQTGAN-PN/PR royalty_before_vat=40809600 so_tien_value=44074368
21:59:27 app.api.contracts WARNING [LIST_API] id=4301 contract_no=0978/2026/HĐQTGAN-PN/PR royalty_before_vat=17971200 so_tien_value=19408896
21:59:27 app.api.contracts WARNING [LIST_API] id=4300 contract_no=0967/2026/HĐQTGAN-PN/PR royalty_before_vat=7488000 so_tien_value=8087040
21:59:27 app.api.contracts WARNING [LIST_API] id=4299 contract_no=0960/2026/HĐQTGAN-PN/PR royalty_before_vat=98467200 so_tien_value=106344576
21:59:27 app.api.contracts WARNING [LIST_API] id=4298 contract_no=0956/2026/HĐQTGAN-PN/PR royalty_before_vat=43430400 so_tien_value=46904832
21:59:27 app.api.contracts WARNING [LIST_API] id=4297 contract_no=0954/2026/HĐQTGAN-PN/PR royalty_before_vat=64396800 so_tien_value=69548544
21:59:27 app.api.contracts WARNING [LIST_API] id=4296 contract_no=0945/2026/HĐQTGAN-PN/PR royalty_before_vat=59155200 so_tien_value=63887616
21:59:27 app.api.contracts WARNING [LIST_API] id=4295 contract_no=0942/2026/HĐQTGAN-PN/PR royalty_before_vat=82742400 so_tien_value=89361792
21:59:27 app.api.contracts WARNING [LIST_API] id=4294 contract_no=0940/2026/HĐQTGAN-PN/PR royalty_before_vat=64396800 so_tien_value=69548544
21:59:27 app.api.contracts WARNING [LIST_API] id=4293 contract_no=0925/2026/HĐQTGAN-PN/PR royalty_before_vat=17784000 so_tien_value=19206720
21:59:27 app.api.contracts WARNING [LIST_API] id=4292 contract_no=0924/2026/HĐQTGAN-PN/PR royalty_before_vat=24336000 so_tien_value=26282880
21:59:27 app.api.contracts WARNING [LIST_API] id=4291 contract_no=0919/2026/HĐQTGAN-PN/PR royalty_before_vat=36129600 so_tien_value=39019968
21:59:27 app.api.contracts WARNING [LIST_API] id=4290 contract_no=0918/2026/HĐQTGAN-PN/PR royalty_before_vat=38750400 so_tien_value=41850432
21:59:27 app.api.contracts WARNING [LIST_API] id=4289 contract_no=0917/2026/HĐQTGAN-PN/PR royalty_before_vat=21715200 so_tien_value=23452416
21:59:27 app.api.contracts WARNING [LIST_API] id=4288 contract_no=0935/2026/HĐQTGAN-PN/PR royalty_before_vat=17784000 so_tien_value=19206720
21:59:27 app.api.contracts WARNING [LIST_API] id=4287 contract_no=0915/2026/HĐQTGAN-PN/PR royalty_before_vat=37440000 so_tien_value=40435200
21:59:27 app.api.contracts WARNING [LIST_API] id=4286 contract_no=0909/2026/HĐQTGAN-PN/PR royalty_before_vat=13478400 so_tien_value=14556672
21:59:27 app.api.contracts WARNING [LIST_API] id=4285 contract_no=0907/2026/HĐQTGAN-PN/PR royalty_before_vat=21715200 so_tien_value=23452416
21:59:27 app.api.contracts WARNING [LIST_API] id=4284 contract_no=0905/2026/HĐQTGAN-PN/PR royalty_before_vat=25646400 so_tien_value=27698112
21:59:27 app.api.contracts WARNING [LIST_API] id=4283 contract_no=0892/2026/HĐQTGAN-PN/PR royalty_before_vat=11980800 so_tien_value=12939264
21:59:27 app.api.contracts WARNING [LIST_API] id=4282 contract_no=0879/2026/HĐQTGAN-PN/PR royalty_before_vat=8424000 so_tien_value=9097920
21:59:27 app.api.contracts WARNING [LIST_API] id=4281 contract_no=0867/2026/HĐQTGAN-PN/PR royalty_before_vat=37440000 so_tien_value=40435200
21:59:27 app.api.contracts WARNING [LIST_API] id=4280 contract_no=0861/2026/HĐQTGAN-PN/PR royalty_before_vat=45302400 so_tien_value=48926592
21:59:27 app.api.contracts WARNING [LIST_API] id=4279 contract_no=0857/2026/HĐQTGAN-PN/PR royalty_before_vat=19094400 so_tien_value=20621952
21:59:27 app.api.contracts WARNING [LIST_API] id=4278 contract_no=0870/2026/HĐQTGAN-PN/PR royalty_before_vat=7488000 so_tien_value=8087040
21:59:27 app.api.contracts WARNING [LIST_API] id=4277 contract_no=0887/2026/HĐQTGAN-PN/PR royalty_before_vat=29952000 so_tien_value=32348160
21:59:27 app.api.contracts WARNING [LIST_API] id=4276 contract_no=0889/2026/HĐQTGAN-PN/PR royalty_before_vat=17971200 so_tien_value=19408896
21:59:27 app.api.contracts WARNING [LIST_API] id=4275 contract_no=0895/2026/HĐQTGAN-PN/PR royalty_before_vat=38188800 so_tien_value=41243904
